project_id,project_type,state,project_size_sqft,project_duration_months,month_of_construction,contractor_experience_yrs,num_workers,workforce_skill_level,supervision_quality,material_type,blueprint_quantity,actual_quantity_used,wastage_pct,wastage_category,cost_overrun_inr,logistics_score,monsoon_intensity,monsoon_sensitivity
PRJ-0001,Data Center,Haryana,1057,19,3,27,437,Unskilled,Average,Paint,730.0,776.18,6.33,Medium,12930.0,0.71,0.0,0.1
PRJ-0002,Data Center,West Bengal,6429,8,2,29,372,Unskilled,Average,Plywood,347.0,398.23,14.76,Medium,4867.0,0.62,0.0,0.8
PRJ-0003,Data Center,Bihar,2507,10,5,1,483,Semi-skilled,Excellent,Fly Ash Bricks,287.0,311.55,8.56,Medium,196.0,0.45,0.15,0.6
PRJ-0004,Commercial Complex,Punjab,9366,21,2,1,433,Unskilled,Average,Structural Steel,20.9,22.42,7.25,Medium,114000.0,0.74,0.0,0.2
PRJ-0005,Bridge Construction,Odisha,35764,20,10,17,334,Unskilled,Good,Coarse Aggregate,28.1,31.23,11.12,Medium,3756.0,0.5,0.2,0.5
PRJ-0006,Data Center,Bihar,4314,17,9,18,92,Unskilled,Good,Vitrified Tiles,1563.0,1724.9,10.36,Medium,105235.0,0.45,0.6,0.2
PRJ-0007,Data Center,Karnataka,10943,22,7,26,27,Semi-skilled,Average,HDPE Pipes,766.0,812.38,6.05,Medium,20871.0,0.72,0.9,0.1
PRJ-0008,School/College,Madhya Pradesh,10269,11,11,16,290,Expert,Good,Electrical Cable,551.0,582.26,5.67,Medium,68772.0,0.55,0.05,0.1
PRJ-0009,Commercial Complex,Uttar Pradesh,14156,30,1,14,112,Unskilled,Good,Vitrified Tiles,152.0,170.91,12.44,Medium,12291.0,0.58,0.0,0.2
PRJ-0010,Hospital,Haryana,1382,15,7,5,31,Expert,Poor,Paint,435.0,460.8,5.93,Medium,7224.0,0.71,0.9,0.1
PRJ-0011,Metro Rail,West Bengal,39208,54,11,18,445,Skilled,Average,Fly Ash Bricks,6348.0,6827.81,7.56,Medium,3838.0,0.62,0.05,0.6
PRJ-0012,Commercial Complex,Madhya Pradesh,20731,23,1,30,91,Expert,Good,AAC Blocks,4746.0,4990.4,5.15,Medium,13442.0,0.55,0.0,0.2
PRJ-0013,Metro Rail,Madhya Pradesh,12718,47,6,16,253,Unskilled,Poor,Paint,1733.0,1909.72,10.2,Medium,49482.0,0.55,0.7,0.1
PRJ-0014,Industrial Warehouse,West Bengal,7309,13,5,26,58,Unskilled,Good,Plywood,459.0,585.38,27.53,High,12006.0,0.62,0.15,0.8
PRJ-0015,School/College,Karnataka,2505,20,5,5,243,Unskilled,Poor,Vitrified Tiles,2691.0,3092.09,14.9,Medium,260709.0,0.72,0.15,0.2
PRJ-0016,Hospital,Uttar Pradesh,10627,10,9,15,47,Skilled,Good,Fly Ash Bricks,425.0,467.33,9.96,Medium,339.0,0.58,0.6,0.6
PRJ-0017,Metro Rail,Rajasthan,11896,53,3,12,368,Unskilled,Average,TMT Steel,44.7,47.6,6.48,Medium,179800.0,0.65,0.0,0.3
PRJ-0018,Metro Rail,Bihar,13284,18,9,28,315,Unskilled,Good,AAC Blocks,269.0,298.83,11.09,Medium,1641.0,0.45,0.6,0.2
PRJ-0019,Hospital,Jharkhand,12637,8,1,24,45,Unskilled,Average,Paint,1432.0,1527.75,6.69,Medium,26810.0,0.42,0.0,0.1
PRJ-0020,Metro Rail,Bihar,8462,47,5,6,128,Skilled,Average,Electrical Cable,225.0,238.15,5.84,Medium,28930.0,0.45,0.15,0.1
PRJ-0021,Industrial Warehouse,Madhya Pradesh,10174,18,3,29,389,Skilled,Average,TMT Steel,55.1,57.95,5.17,Medium,176700.0,0.55,0.0,0.3
PRJ-0022,Commercial Complex,West Bengal,23363,28,9,6,102,Semi-skilled,Good,Coarse Aggregate,39.6,41.34,4.4,Low,2088.0,0.62,0.6,0.5
PRJ-0023,Commercial Complex,Karnataka,4375,24,7,30,297,Skilled,Good,AAC Blocks,2073.0,2241.29,8.12,Medium,9256.0,0.72,0.9,0.2
PRJ-0024,Residential Apartment,West Bengal,3930,23,2,18,348,Semi-skilled,Excellent,OPC Cement,33.8,36.09,6.79,Medium,870.0,0.62,0.0,0.7
PRJ-0025,Commercial Complex,Telangana,2033,31,6,6,452,Semi-skilled,Good,Plywood,223.0,280.61,25.83,High,5473.0,0.7,0.7,0.8
PRJ-0026,Commercial Complex,Uttar Pradesh,16005,14,3,24,470,Unskilled,Average,Electrical Cable,608.0,658.74,8.35,Medium,111628.0,0.58,0.0,0.1
PRJ-0027,Residential Apartment,Jharkhand,6461,18,10,2,36,Semi-skilled,Good,Vitrified Tiles,612.0,682.25,11.48,Medium,45662.0,0.42,0.2,0.2
PRJ-0028,Metro Rail,Kerala,5301,48,1,9,483,Semi-skilled,Excellent,OPC Cement,43.3,48.71,12.49,Medium,2056.0,0.68,0.0,0.7
PRJ-0029,School/College,Telangana,10204,18,5,23,170,Unskilled,Average,Vitrified Tiles,828.0,914.36,10.43,Medium,56134.0,0.7,0.15,0.2
PRJ-0030,School/College,West Bengal,10717,14,7,28,459,Unskilled,Poor,Fly Ash Bricks,583.0,699.11,19.92,High,929.0,0.62,0.9,0.6
PRJ-0031,Bridge Construction,West Bengal,32093,23,2,20,426,Semi-skilled,Excellent,Electrical Cable,411.0,429.27,4.45,Low,40194.0,0.62,0.0,0.1
PRJ-0032,Road & Highway,Odisha,40285,23,5,7,481,Skilled,Good,TMT Steel,38.8,41.13,6.01,Medium,144460.0,0.5,0.15,0.3
PRJ-0033,Bridge Construction,Uttar Pradesh,15074,40,1,25,307,Semi-skilled,Average,Plywood,117.0,146.08,24.85,High,2763.0,0.58,0.0,0.8
PRJ-0034,Industrial Warehouse,Tamil Nadu,5862,14,8,29,421,Skilled,Average,Fly Ash Bricks,2817.0,3083.42,9.46,Medium,2131.0,0.75,0.85,0.6
PRJ-0035,School/College,Odisha,6527,12,4,14,291,Unskilled,Good,HDPE Pipes,1358.0,1462.38,7.69,Medium,46971.0,0.5,0.05,0.1
PRJ-0036,Data Center,Maharashtra,8033,22,12,7,321,Semi-skilled,Excellent,Fly Ash Bricks,1793.0,1957.93,9.2,Medium,1319.0,0.78,0.0,0.6
PRJ-0037,Bridge Construction,Haryana,37989,30,9,18,175,Expert,Average,Coarse Aggregate,112.8,123.66,9.62,Medium,13032.0,0.71,0.6,0.5
PRJ-0038,Data Center,Haryana,14923,17,11,13,488,Unskilled,Poor,AAC Blocks,273.0,300.27,9.99,Medium,1500.0,0.71,0.05,0.2
PRJ-0039,Residential Apartment,West Bengal,11066,34,8,2,221,Unskilled,Average,AAC Blocks,301.0,338.44,12.44,Medium,2059.0,0.62,0.85,0.2
PRJ-0040,Commercial Complex,Uttar Pradesh,7225,18,7,19,113,Semi-skilled,Poor,TMT Steel,104.1,112.37,7.95,Medium,512740.0,0.58,0.9,0.3
PRJ-0041,School/College,Haryana,13544,18,6,4,41,Semi-skilled,Good,Paint,315.0,335.32,6.45,Medium,5690.0,0.71,0.7,0.1
PRJ-0042,Residential Apartment,Kerala,5333,19,10,4,62,Expert,Average,HDPE Pipes,143.0,149.82,4.77,Low,3069.0,0.68,0.2,0.1
PRJ-0043,Data Center,Tamil Nadu,12250,8,10,5,188,Skilled,Good,Electrical Cable,2745.0,2952.8,7.57,Medium,457160.0,0.75,0.2,0.1
PRJ-0044,Data Center,Maharashtra,12512,13,11,6,344,Unskilled,Good,AAC Blocks,215.0,236.95,10.21,Medium,1207.0,0.78,0.05,0.2
PRJ-0045,Road & Highway,Uttar Pradesh,10449,29,5,1,477,Unskilled,Poor,Electrical Cable,513.0,562.77,9.7,Medium,109494.0,0.58,0.15,0.1
PRJ-0046,Metro Rail,Odisha,28418,21,10,1,100,Skilled,Good,Paint,989.0,1052.2,6.39,Medium,17696.0,0.5,0.2,0.1
PRJ-0047,Residential Apartment,Tamil Nadu,5637,22,6,7,461,Semi-skilled,Poor,AAC Blocks,1671.0,1865.24,11.62,Medium,10683.0,0.75,0.7,0.2
PRJ-0048,Bridge Construction,West Bengal,45477,39,11,2,244,Unskilled,Excellent,Electrical Cable,9036.0,9585.36,6.08,Medium,1208592.0,0.62,0.05,0.1
PRJ-0049,Commercial Complex,Odisha,8267,16,8,15,324,Semi-skilled,Excellent,Paint,880.0,939.38,6.75,Medium,16626.0,0.5,0.85,0.1
PRJ-0050,Metro Rail,Kerala,20112,60,1,25,444,Unskilled,Poor,Structural Steel,17.6,18.57,5.49,Medium,72750.0,0.68,0.0,0.2
PRJ-0051,Bridge Construction,Kerala,19170,37,10,25,389,Unskilled,Good,Vitrified Tiles,256.0,287.45,12.28,Medium,20442.0,0.68,0.2,0.2
PRJ-0052,Commercial Complex,Maharashtra,13410,16,5,2,469,Unskilled,Poor,Vitrified Tiles,193.0,232.34,20.39,High,25571.0,0.78,0.15,0.2
PRJ-0053,Bridge Construction,Tamil Nadu,40570,37,2,21,334,Skilled,Excellent,Plywood,298.0,336.81,13.02,Medium,3687.0,0.75,0.0,0.8
PRJ-0054,Metro Rail,Haryana,45409,29,10,18,203,Unskilled,Good,AAC Blocks,147.0,161.25,9.69,Medium,784.0,0.71,0.2,0.2
PRJ-0055,Metro Rail,Karnataka,28681,42,1,3,37,Unskilled,Excellent,Vitrified Tiles,63.0,65.48,3.93,Low,1612.0,0.72,0.0,0.2
PRJ-0056,Residential Apartment,Kerala,15034,30,1,14,487,Skilled,Average,OPC Cement,171.5,186.95,9.01,Medium,5871.0,0.68,0.0,0.7
PRJ-0057,School/College,Bihar,8196,23,12,9,42,Skilled,Good,Electrical Cable,401.0,422.79,5.43,Medium,47938.0,0.45,0.0,0.1
PRJ-0058,School/College,Rajasthan,12144,12,12,23,475,Expert,Good,Vitrified Tiles,477.0,512.78,7.5,Medium,23257.0,0.65,0.0,0.2
PRJ-0059,Bridge Construction,Rajasthan,29573,32,10,1,21,Unskilled,Average,River Sand,77.3,96.94,25.41,High,35352.0,0.65,0.2,0.9
PRJ-0060,Metro Rail,Uttar Pradesh,19284,28,1,21,198,Skilled,Poor,Coarse Aggregate,14.9,16.26,9.16,Medium,1632.0,0.58,0.0,0.5
PRJ-0061,Data Center,Uttar Pradesh,3130,20,5,6,166,Unskilled,Average,River Sand,192.2,247.32,28.68,High,99216.0,0.58,0.15,0.9
PRJ-0062,Residential Apartment,Kerala,23675,30,3,23,418,Unskilled,Good,Fly Ash Bricks,1056.0,1221.76,15.7,High,1326.0,0.68,0.0,0.6
PRJ-0063,Metro Rail,Jharkhand,9570,18,2,24,423,Unskilled,Poor,Structural Steel,356.3,377.88,6.06,Medium,1618500.0,0.42,0.0,0.2
PRJ-0064,Residential Apartment,Uttar Pradesh,2184,32,4,25,296,Semi-skilled,Average,Fly Ash Bricks,275.0,304.91,10.88,Medium,239.0,0.58,0.05,0.6
PRJ-0065,Road & Highway,Maharashtra,12644,23,3,13,221,Unskilled,Good,Vitrified Tiles,208.0,220.65,6.08,Medium,8223.0,0.78,0.0,0.2
PRJ-0066,Residential Apartment,Rajasthan,12961,26,11,11,406,Skilled,Average,HDPE Pipes,175.0,180.39,3.08,Low,2425.0,0.65,0.05,0.1
PRJ-0067,Hospital,Uttar Pradesh,4048,10,10,6,323,Semi-skilled,Good,Fly Ash Bricks,229.0,267.57,16.84,High,309.0,0.58,0.2,0.6
PRJ-0068,Industrial Warehouse,Bihar,4783,15,1,14,363,Skilled,Poor,TMT Steel,25.2,27.1,7.56,Medium,117800.0,0.45,0.0,0.3
PRJ-0069,Industrial Warehouse,West Bengal,6795,24,6,6,59,Unskilled,Excellent,TMT Steel,187.0,199.35,6.6,Medium,765700.0,0.62,0.7,0.3
PRJ-0070,Industrial Warehouse,Maharashtra,2876,10,8,26,196,Skilled,Poor,HDPE Pipes,165.0,167.88,1.74,Low,1296.0,0.78,0.85,0.1
PRJ-0071,Residential Apartment,Karnataka,16137,34,4,6,70,Semi-skilled,Average,Plywood,912.0,1123.92,23.24,High,20132.0,0.72,0.05,0.8
PRJ-0072,Industrial Warehouse,Tamil Nadu,9592,11,6,17,313,Skilled,Good,Plywood,737.0,857.33,16.33,High,11431.0,0.75,0.7,0.8
PRJ-0073,Metro Rail,Telangana,33425,24,2,25,77,Semi-skilled,Poor,AAC Blocks,231.0,251.13,8.72,Medium,1107.0,0.7,0.0,0.2
PRJ-0074,Metro Rail,Madhya Pradesh,10344,55,9,29,180,Semi-skilled,Average,Electrical Cable,2154.0,2291.21,6.37,Medium,301862.0,0.55,0.6,0.1
PRJ-0075,Industrial Warehouse,Punjab,2543,20,12,18,284,Unskilled,Poor,AAC Blocks,753.0,844.65,12.17,Medium,5041.0,0.74,0.0,0.2
PRJ-0076,Road & Highway,West Bengal,44575,31,9,3,300,Expert,Average,River Sand,16.5,18.92,14.69,Medium,4356.0,0.62,0.6,0.9
PRJ-0077,School/College,Haryana,8857,13,10,26,280,Unskilled,Excellent,Fly Ash Bricks,3030.0,3455.44,14.04,Medium,3404.0,0.71,0.2,0.6
PRJ-0078,Residential Apartment,Kerala,18839,16,2,6,389,Skilled,Poor,TMT Steel,33.5,35.8,6.87,Medium,142600.0,0.68,0.0,0.3
PRJ-0079,Industrial Warehouse,Madhya Pradesh,11076,17,4,18,85,Semi-skilled,Good,Coarse Aggregate,36.6,40.39,10.37,Medium,4548.0,0.55,0.05,0.5
PRJ-0080,Industrial Warehouse,Kerala,1969,16,3,3,162,Unskilled,Excellent,Plywood,8580.0,10332.0,20.42,High,166440.0,0.68,0.0,0.8
PRJ-0081,Road & Highway,Punjab,39399,25,3,3,235,Expert,Excellent,Vitrified Tiles,559.0,580.13,3.78,Low,13734.0,0.74,0.0,0.2
PRJ-0082,Road & Highway,Punjab,49114,26,1,24,341,Semi-skilled,Poor,Plywood,498.0,625.0,25.5,High,12065.0,0.74,0.0,0.8
PRJ-0083,Road & Highway,Maharashtra,14782,32,5,28,87,Unskilled,Average,AAC Blocks,269.0,282.2,4.91,Low,726.0,0.78,0.15,0.2
PRJ-0084,Industrial Warehouse,Punjab,4992,19,2,23,119,Unskilled,Good,River Sand,25.6,30.7,19.92,High,9180.0,0.74,0.0,0.9
PRJ-0085,School/College,Tamil Nadu,6496,9,7,14,149,Unskilled,Poor,TMT Steel,289.3,317.91,9.89,Medium,1773820.0,0.75,0.9,0.3
PRJ-0086,Metro Rail,Punjab,20126,46,10,15,255,Unskilled,Excellent,OPC Cement,68.5,76.75,12.04,Medium,3135.0,0.74,0.2,0.7
PRJ-0087,School/College,Gujarat,13581,10,3,22,31,Semi-skilled,Excellent,OPC Cement,95.3,104.84,10.01,Medium,3625.0,0.82,0.0,0.7
PRJ-0088,Data Center,Kerala,13161,10,11,16,172,Unskilled,Average,River Sand,76.3,93.95,23.13,High,31770.0,0.68,0.05,0.9
PRJ-0089,School/College,Gujarat,13864,8,2,9,146,Skilled,Good,Fly Ash Bricks,337.0,398.94,18.38,High,496.0,0.82,0.0,0.6
PRJ-0090,Commercial Complex,Telangana,14841,17,7,5,310,Unskilled,Good,OPC Cement,54.2,62.32,14.99,Medium,3086.0,0.7,0.9,0.7
PRJ-0091,Data Center,West Bengal,9209,9,1,12,227,Semi-skilled,Average,Structural Steel,24.4,25.61,4.98,Low,90750.0,0.62,0.0,0.2
PRJ-0092,Data Center,West Bengal,7277,15,1,23,221,Skilled,Poor,HDPE Pipes,616.0,647.85,5.17,Medium,14333.0,0.62,0.0,0.1
PRJ-0093,Data Center,Uttar Pradesh,1990,17,6,19,166,Skilled,Good,Fly Ash Bricks,1707.0,1964.93,15.11,High,2063.0,0.58,0.7,0.6
PRJ-0094,Residential Apartment,West Bengal,14829,18,7,22,176,Semi-skilled,Poor,Coarse Aggregate,234.7,264.8,12.83,Medium,36120.0,0.62,0.9,0.5
PRJ-0095,Data Center,Uttar Pradesh,5952,20,1,6,252,Unskilled,Good,Structural Steel,32.9,34.79,5.73,Medium,141750.0,0.58,0.0,0.2
PRJ-0096,Industrial Warehouse,Bihar,2449,17,2,5,150,Unskilled,Average,River Sand,47.8,59.43,24.33,High,20934.0,0.45,0.0,0.9
PRJ-0097,Metro Rail,Kerala,26008,35,9,22,97,Unskilled,Average,HDPE Pipes,393.0,420.14,6.9,Medium,12213.0,0.68,0.6,0.1
PRJ-0098,Residential Apartment,Madhya Pradesh,18154,31,12,22,336,Unskilled,Average,Structural Steel,190.4,201.37,5.76,Medium,822750.0,0.55,0.0,0.2
PRJ-0099,Industrial Warehouse,Kerala,12867,17,4,30,440,Semi-skilled,Good,Vitrified Tiles,1276.0,1410.66,10.55,Medium,87529.0,0.68,0.05,0.2
PRJ-0100,Data Center,Rajasthan,4293,18,4,26,142,Skilled,Good,Fly Ash Bricks,994.0,1128.47,13.53,Medium,1076.0,0.65,0.05,0.6
PRJ-0101,Hospital,Karnataka,11923,9,6,12,292,Unskilled,Poor,Coarse Aggregate,12.0,13.84,15.31,High,2208.0,0.72,0.7,0.5
PRJ-0102,Residential Apartment,Odisha,9893,14,12,3,381,Skilled,Good,HDPE Pipes,195.0,207.57,6.45,Medium,5656.0,0.5,0.0,0.1
PRJ-0103,Hospital,Bihar,7125,16,1,12,462,Semi-skilled,Good,Paint,727.0,772.72,6.29,Medium,12802.0,0.45,0.0,0.1
PRJ-0104,Bridge Construction,West Bengal,34722,43,6,19,384,Skilled,Good,Fly Ash Bricks,965.0,1075.39,11.44,Medium,883.0,0.62,0.7,0.6
PRJ-0105,Metro Rail,Gujarat,20723,45,6,12,308,Semi-skilled,Good,Structural Steel,140.8,146.16,3.8,Low,402000.0,0.82,0.7,0.2
PRJ-0106,Data Center,Haryana,10742,24,12,13,433,Unskilled,Poor,Fly Ash Bricks,2764.0,3374.09,22.07,High,4881.0,0.71,0.0,0.6
PRJ-0107,Industrial Warehouse,Tamil Nadu,6623,17,3,12,31,Semi-skilled,Excellent,Vitrified Tiles,851.0,889.01,4.47,Low,24706.0,0.75,0.0,0.2
PRJ-0108,Metro Rail,Haryana,25076,50,10,3,437,Unskilled,Good,Vitrified Tiles,196.0,215.79,10.1,Medium,12863.0,0.71,0.2,0.2
PRJ-0109,Industrial Warehouse,Uttar Pradesh,10432,20,6,13,174,Skilled,Poor,Coarse Aggregate,59.2,65.5,10.64,Medium,7560.0,0.58,0.7,0.5
PRJ-0110,Residential Apartment,West Bengal,6479,19,5,12,417,Semi-skilled,Excellent,Fly Ash Bricks,4236.0,4721.16,11.45,Medium,3881.0,0.62,0.15,0.6
PRJ-0111,Industrial Warehouse,Bihar,14330,17,2,2,361,Expert,Good,Vitrified Tiles,525.0,570.94,8.75,Medium,29861.0,0.45,0.0,0.2
PRJ-0112,Road & Highway,Gujarat,32227,25,3,10,417,Unskilled,Average,Paint,369.0,394.18,6.82,Medium,7050.0,0.82,0.0,0.1
PRJ-0113,Residential Apartment,West Bengal,15521,19,10,22,414,Semi-skilled,Poor,Plywood,495.0,653.31,31.98,High,15039.0,0.62,0.2,0.8
PRJ-0114,Residential Apartment,Maharashtra,23155,33,9,24,82,Semi-skilled,Average,AAC Blocks,1402.0,1503.97,7.27,Medium,5608.0,0.78,0.6,0.2
PRJ-0115,Industrial Warehouse,Karnataka,2300,19,2,24,301,Unskilled,Excellent,HDPE Pipes,388.0,398.48,2.7,Low,4716.0,0.72,0.0,0.1
PRJ-0116,Bridge Construction,Uttar Pradesh,18704,41,3,27,356,Unskilled,Good,Structural Steel,25.3,26.56,4.96,Low,94500.0,0.58,0.0,0.2
PRJ-0117,School/College,Odisha,5255,16,8,28,368,Semi-skilled,Good,TMT Steel,49.4,51.34,3.92,Low,120280.0,0.5,0.85,0.3
PRJ-0118,Commercial Complex,West Bengal,23063,17,4,28,351,Expert,Good,Paint,2192.0,2308.23,5.3,Medium,32544.0,0.62,0.05,0.1
PRJ-0119,School/College,Bihar,13156,12,6,8,483,Unskilled,Average,Vitrified Tiles,879.0,1012.18,15.15,High,86567.0,0.45,0.7,0.2
PRJ-0120,Data Center,Bihar,6307,21,11,7,119,Semi-skilled,Poor,TMT Steel,34.9,38.06,9.04,Medium,195920.0,0.45,0.05,0.3
PRJ-0121,Residential Apartment,Haryana,24946,23,11,27,98,Skilled,Excellent,OPC Cement,37.5,41.08,9.56,Medium,1360.0,0.71,0.05,0.7
PRJ-0122,Residential Apartment,Haryana,12665,32,6,17,357,Expert,Poor,River Sand,158.5,190.13,19.95,High,56934.0,0.71,0.7,0.9
PRJ-0123,Hospital,Jharkhand,3919,12,11,3,178,Unskilled,Average,Coarse Aggregate,95.2,106.92,12.31,Medium,14064.0,0.42,0.05,0.5
PRJ-0124,Commercial Complex,Bihar,21798,21,1,8,313,Semi-skilled,Poor,Coarse Aggregate,175.9,200.45,13.96,Medium,29460.0,0.45,0.0,0.5
PRJ-0125,Data Center,Madhya Pradesh,12372,10,11,16,104,Skilled,Poor,Coarse Aggregate,76.8,84.24,9.69,Medium,8928.0,0.55,0.05,0.5
PRJ-0126,Data Center,Telangana,6751,12,6,17,417,Unskilled,Excellent,TMT Steel,77.6,83.48,7.58,Medium,364560.0,0.7,0.7,0.3
PRJ-0127,Industrial Warehouse,Telangana,11341,23,12,26,146,Unskilled,Good,Vitrified Tiles,1663.0,1689.35,1.58,Low,17127.0,0.7,0.0,0.2
PRJ-0128,Metro Rail,Jharkhand,49753,31,11,30,140,Unskilled,Poor,Paint,114.0,125.7,10.26,Medium,3276.0,0.42,0.05,0.1
PRJ-0129,Hospital,Gujarat,11091,14,12,29,287,Semi-skilled,Poor,Fly Ash Bricks,1631.0,1893.11,16.07,High,2097.0,0.82,0.0,0.6
PRJ-0130,Metro Rail,Jharkhand,19552,40,8,8,86,Unskilled,Average,HDPE Pipes,1410.0,1528.41,8.4,Medium,53285.0,0.42,0.85,0.1
PRJ-0131,Metro Rail,Maharashtra,31024,23,8,30,45,Semi-skilled,Average,HDPE Pipes,1262.0,1335.92,5.86,Medium,33264.0,0.78,0.85,0.1
PRJ-0132,Industrial Warehouse,Bihar,9156,11,10,25,278,Skilled,Good,Coarse Aggregate,15.1,15.91,5.39,Medium,972.0,0.45,0.2,0.5
PRJ-0133,Data Center,Maharashtra,1231,23,2,4,99,Unskilled,Average,HDPE Pipes,812.0,891.17,9.75,Medium,35626.0,0.78,0.0,0.1
PRJ-0134,Road & Highway,Haryana,49418,53,9,21,113,Semi-skilled,Excellent,Electrical Cable,4120.0,4306.77,4.53,Low,410894.0,0.71,0.6,0.1
PRJ-0135,Data Center,Haryana,13485,16,12,18,460,Unskilled,Average,Coarse Aggregate,31.5,34.38,9.16,Medium,3456.0,0.71,0.0,0.5
PRJ-0136,Metro Rail,West Bengal,13586,27,5,7,130,Expert,Excellent,River Sand,193.8,223.34,15.24,High,53172.0,0.62,0.15,0.9
PRJ-0137,Industrial Warehouse,Haryana,9328,8,12,21,74,Skilled,Average,River Sand,49.3,53.33,8.17,Medium,7254.0,0.71,0.0,0.9
PRJ-0138,Metro Rail,Madhya Pradesh,42098,27,11,23,437,Semi-skilled,Good,River Sand,22.6,26.8,18.59,High,7560.0,0.55,0.05,0.9
PRJ-0139,Industrial Warehouse,Punjab,7635,9,6,13,113,Skilled,Average,AAC Blocks,344.0,376.56,9.46,Medium,1791.0,0.74,0.7,0.2
PRJ-0140,Road & Highway,Uttar Pradesh,8231,42,11,8,446,Skilled,Good,Electrical Cable,82.0,85.85,4.7,Low,8470.0,0.58,0.05,0.1
PRJ-0141,Road & Highway,Tamil Nadu,12519,52,11,2,159,Unskilled,Good,Fly Ash Bricks,1811.0,2198.37,21.39,High,3099.0,0.75,0.05,0.6
PRJ-0142,Commercial Complex,Jharkhand,2206,27,4,22,181,Unskilled,Average,Fly Ash Bricks,2828.0,3305.67,16.89,High,3821.0,0.42,0.05,0.6
PRJ-0143,Commercial Complex,Kerala,12615,16,9,1,474,Semi-skilled,Poor,Structural Steel,59.0,62.96,6.71,Medium,297000.0,0.68,0.6,0.2
PRJ-0144,Industrial Warehouse,Bihar,1939,24,11,26,166,Semi-skilled,Poor,Paint,45.0,48.77,8.37,Medium,1056.0,0.45,0.05,0.1
PRJ-0145,Hospital,Kerala,7326,10,6,11,394,Unskilled,Average,AAC Blocks,2306.0,2494.52,8.18,Medium,10369.0,0.68,0.7,0.2
PRJ-0146,Metro Rail,Rajasthan,9765,29,10,30,340,Semi-skilled,Average,Structural Steel,288.8,293.8,1.73,Low,375000.0,0.65,0.2,0.2
PRJ-0147,Bridge Construction,Tamil Nadu,42108,39,2,11,239,Unskilled,Average,Plywood,1100.0,1342.97,22.09,High,23082.0,0.75,0.0,0.8
PRJ-0148,Commercial Complex,Telangana,14319,30,12,7,322,Unskilled,Average,AAC Blocks,1010.0,1105.88,9.49,Medium,5273.0,0.7,0.0,0.2
PRJ-0149,Industrial Warehouse,Maharashtra,14163,8,8,26,90,Unskilled,Poor,River Sand,69.4,90.71,30.7,High,38358.0,0.78,0.85,0.9
PRJ-0150,Residential Apartment,Tamil Nadu,23365,27,10,4,89,Semi-skilled,Poor,Fly Ash Bricks,738.0,912.69,23.67,High,1398.0,0.75,0.2,0.6
PRJ-0151,Commercial Complex,Gujarat,9983,36,10,23,240,Skilled,Average,Electrical Cable,1396.0,1484.03,6.31,Medium,193666.0,0.82,0.2,0.1
PRJ-0152,School/College,Telangana,8436,20,11,2,309,Expert,Average,OPC Cement,99.0,108.3,9.39,Medium,3534.0,0.7,0.05,0.7
PRJ-0153,Industrial Warehouse,Bihar,8927,15,8,3,428,Semi-skilled,Good,River Sand,53.0,64.85,22.37,High,21330.0,0.45,0.85,0.9
PRJ-0154,Hospital,Kerala,12058,8,7,15,193,Semi-skilled,Excellent,HDPE Pipes,86.0,91.05,5.88,Medium,2272.0,0.68,0.9,0.1
PRJ-0155,Hospital,Kerala,7887,19,9,8,450,Semi-skilled,Poor,Plywood,167.0,220.75,32.19,High,5106.0,0.68,0.6,0.8
PRJ-0156,Bridge Construction,Gujarat,44493,23,2,21,414,Unskilled,Average,TMT Steel,14.5,15.82,9.07,Medium,81840.0,0.82,0.0,0.3
PRJ-0157,School/College,Kerala,13871,18,12,6,139,Unskilled,Poor,OPC Cement,56.3,68.05,20.86,High,4465.0,0.68,0.0,0.7
PRJ-0158,Commercial Complex,Uttar Pradesh,13439,27,1,26,213,Unskilled,Average,Plywood,1164.0,1396.24,19.95,High,22063.0,0.58,0.0,0.8
PRJ-0159,Hospital,Odisha,8863,8,5,23,45,Unskilled,Average,HDPE Pipes,1341.0,1456.09,8.58,Medium,51790.0,0.5,0.15,0.1
PRJ-0160,Hospital,Bihar,6065,21,5,16,225,Unskilled,Average,Electrical Cable,345.0,370.31,7.34,Medium,55682.0,0.45,0.15,0.1
PRJ-0161,Bridge Construction,Haryana,32511,30,2,13,475,Unskilled,Good,TMT Steel,30.2,32.35,7.12,Medium,133300.0,0.71,0.0,0.3
PRJ-0162,Bridge Construction,Jharkhand,7164,19,6,14,145,Unskilled,Good,Electrical Cable,1518.0,1606.09,5.8,Medium,193798.0,0.42,0.7,0.1
PRJ-0163,Road & Highway,Maharashtra,30304,35,10,19,238,Semi-skilled,Excellent,Electrical Cable,3421.0,3592.06,5.0,Medium,376332.0,0.78,0.2,0.1
PRJ-0164,Commercial Complex,Tamil Nadu,20528,32,11,12,90,Semi-skilled,Average,AAC Blocks,1217.0,1330.55,9.33,Medium,6245.0,0.75,0.05,0.2
PRJ-0165,Road & Highway,Maharashtra,29311,55,12,15,388,Unskilled,Average,OPC Cement,40.7,46.63,14.58,Medium,2253.0,0.78,0.0,0.7
PRJ-0166,Industrial Warehouse,Madhya Pradesh,8580,21,3,22,125,Unskilled,Poor,OPC Cement,148.8,174.81,17.48,High,9884.0,0.55,0.0,0.7
PRJ-0167,Metro Rail,Telangana,39374,57,5,28,306,Skilled,Good,Vitrified Tiles,1537.0,1660.38,8.03,Medium,80197.0,0.7,0.15,0.2
PRJ-0168,Data Center,Uttar Pradesh,7782,21,5,8,172,Expert,Good,Fly Ash Bricks,802.0,858.26,7.02,Medium,450.0,0.58,0.15,0.6
PRJ-0169,Road & Highway,Rajasthan,21868,22,12,26,479,Unskilled,Poor,Vitrified Tiles,520.0,578.54,11.26,Medium,38051.0,0.65,0.0,0.2
PRJ-0170,Road & Highway,Odisha,20889,34,10,9,316,Semi-skilled,Poor,Fly Ash Bricks,791.0,909.63,15.0,Medium,949.0,0.5,0.2,0.6
PRJ-0171,Data Center,Rajasthan,9615,13,1,5,134,Unskilled,Average,Structural Steel,37.8,40.51,7.17,Medium,203250.0,0.65,0.0,0.2
PRJ-0172,Industrial Warehouse,Telangana,8815,14,12,19,362,Skilled,Average,HDPE Pipes,4874.0,5116.58,4.98,Low,109161.0,0.7,0.0,0.1
PRJ-0173,Bridge Construction,Tamil Nadu,15334,24,4,1,477,Skilled,Average,TMT Steel,173.5,181.92,4.86,Low,522040.0,0.75,0.05,0.3
PRJ-0174,Industrial Warehouse,Tamil Nadu,13479,9,8,16,187,Unskilled,Good,AAC Blocks,2111.0,2355.79,11.6,Medium,13463.0,0.75,0.85,0.2
PRJ-0175,Road & Highway,Rajasthan,32053,41,11,11,261,Skilled,Poor,River Sand,38.4,44.0,14.58,Medium,10080.0,0.65,0.05,0.9
PRJ-0176,Residential Apartment,Gujarat,3406,21,1,9,310,Unskilled,Average,OPC Cement,69.2,78.72,13.76,Medium,3618.0,0.82,0.0,0.7
PRJ-0177,Industrial Warehouse,Punjab,4660,9,10,27,34,Unskilled,Good,AAC Blocks,702.0,767.08,9.27,Medium,3579.0,0.74,0.2,0.2
PRJ-0178,Commercial Complex,Karnataka,8685,35,2,28,256,Unskilled,Average,AAC Blocks,1510.0,1651.44,9.37,Medium,7779.0,0.72,0.0,0.2
PRJ-0179,School/College,Punjab,7416,14,10,11,318,Unskilled,Good,Electrical Cable,1102.0,1180.6,7.13,Medium,172920.0,0.74,0.2,0.1
PRJ-0180,Residential Apartment,Madhya Pradesh,4584,30,7,20,131,Expert,Average,AAC Blocks,299.0,310.44,3.83,Low,629.0,0.55,0.9,0.2
PRJ-0181,School/College,Rajasthan,5249,18,4,13,218,Unskilled,Poor,HDPE Pipes,181.0,196.67,8.66,Medium,7051.0,0.65,0.05,0.1
PRJ-0182,School/College,Uttar Pradesh,4353,17,1,29,113,Unskilled,Average,Plywood,634.0,832.65,31.33,High,18872.0,0.58,0.0,0.8
PRJ-0183,Industrial Warehouse,Maharashtra,4193,17,4,15,169,Unskilled,Average,Plywood,1267.0,1612.27,27.25,High,32801.0,0.78,0.05,0.8
PRJ-0184,Commercial Complex,Maharashtra,9601,33,5,15,385,Semi-skilled,Average,Paint,2016.0,2160.28,7.16,Medium,40398.0,0.78,0.15,0.1
PRJ-0185,Data Center,Odisha,14618,8,9,2,302,Skilled,Excellent,Plywood,3627.0,4192.07,15.58,High,53682.0,0.5,0.6,0.8
PRJ-0186,Metro Rail,Punjab,14231,54,12,28,163,Unskilled,Average,TMT Steel,17.4,18.24,4.84,Low,52080.0,0.74,0.0,0.3
PRJ-0187,Industrial Warehouse,Haryana,2469,23,11,15,475,Unskilled,Average,Coarse Aggregate,111.9,124.39,11.16,Medium,14988.0,0.71,0.05,0.5
PRJ-0188,Residential Apartment,Rajasthan,12437,13,4,5,136,Semi-skilled,Good,AAC Blocks,1386.0,1539.28,11.06,Medium,8430.0,0.65,0.05,0.2
PRJ-0189,Residential Apartment,Karnataka,20320,31,3,9,236,Unskilled,Poor,AAC Blocks,187.0,210.4,12.51,Medium,1287.0,0.72,0.0,0.2
PRJ-0190,Industrial Warehouse,Gujarat,3186,24,4,5,339,Skilled,Poor,TMT Steel,35.2,37.99,7.93,Medium,172980.0,0.82,0.05,0.3
PRJ-0191,Industrial Warehouse,Uttar Pradesh,10398,11,7,7,124,Skilled,Poor,Coarse Aggregate,36.9,41.71,13.04,Medium,5772.0,0.58,0.9,0.5
PRJ-0192,Road & Highway,Rajasthan,35700,46,7,3,395,Semi-skilled,Good,Structural Steel,30.6,31.76,3.79,Low,87000.0,0.65,0.9,0.2
PRJ-0193,Hospital,Uttar Pradesh,8168,21,1,5,417,Semi-skilled,Average,AAC Blocks,1745.0,1958.84,12.25,Medium,11761.0,0.58,0.0,0.2
PRJ-0194,Road & Highway,Haryana,8713,29,12,9,348,Unskilled,Poor,River Sand,61.6,79.97,29.82,High,33066.0,0.71,0.0,0.9
PRJ-0195,Road & Highway,Punjab,41446,34,10,27,269,Unskilled,Poor,Fly Ash Bricks,1287.0,1568.88,21.9,High,2255.0,0.74,0.2,0.6
PRJ-0196,Industrial Warehouse,Maharashtra,9850,17,3,15,54,Expert,Good,Paint,1223.0,1290.52,5.52,Medium,18906.0,0.78,0.0,0.1
PRJ-0197,Residential Apartment,Tamil Nadu,7342,17,8,22,428,Unskilled,Poor,AAC Blocks,1803.0,2004.04,11.15,Medium,11057.0,0.75,0.85,0.2
PRJ-0198,Residential Apartment,West Bengal,15552,20,12,22,472,Semi-skilled,Good,OPC Cement,31.1,34.49,10.91,Medium,1288.0,0.62,0.0,0.7
PRJ-0199,Hospital,Kerala,12321,23,11,11,442,Unskilled,Poor,Vitrified Tiles,782.0,897.32,14.75,Medium,74958.0,0.68,0.05,0.2
PRJ-0200,Industrial Warehouse,Haryana,1819,20,5,12,347,Semi-skilled,Average,Electrical Cable,514.0,551.19,7.23,Medium,81818.0,0.71,0.15,0.1
PRJ-0201,Industrial Warehouse,Odisha,8686,12,11,11,278,Skilled,Poor,River Sand,10.1,12.53,24.03,High,4374.0,0.5,0.05,0.9
PRJ-0202,Metro Rail,Telangana,43334,39,1,13,221,Skilled,Average,Fly Ash Bricks,3033.0,3614.97,19.19,High,4656.0,0.7,0.0,0.6
PRJ-0203,School/College,Punjab,3415,15,12,16,147,Semi-skilled,Average,OPC Cement,149.9,169.89,13.33,Medium,7596.0,0.74,0.0,0.7
PRJ-0204,Industrial Warehouse,Tamil Nadu,2385,10,3,2,81,Semi-skilled,Excellent,TMT Steel,16.4,17.16,4.64,Low,47120.0,0.75,0.0,0.3
PRJ-0205,Road & Highway,Punjab,41228,44,6,26,490,Semi-skilled,Poor,OPC Cement,47.3,54.85,15.95,High,2869.0,0.74,0.7,0.7
PRJ-0206,Hospital,Jharkhand,14506,23,1,10,375,Unskilled,Average,Coarse Aggregate,60.7,65.61,8.1,Medium,5892.0,0.42,0.0,0.5
PRJ-0207,Industrial Warehouse,Uttar Pradesh,10629,16,2,23,201,Unskilled,Average,OPC Cement,101.8,109.99,8.04,Medium,3112.0,0.58,0.0,0.7
PRJ-0208,Hospital,Tamil Nadu,3875,12,3,29,272,Expert,Good,Coarse Aggregate,57.1,60.63,6.18,Medium,4236.0,0.75,0.0,0.5
PRJ-0209,Road & Highway,Madhya Pradesh,16913,28,8,1,204,Skilled,Poor,OPC Cement,31.1,36.21,16.44,High,1942.0,0.55,0.85,0.7
PRJ-0210,Data Center,Karnataka,12126,18,7,22,435,Unskilled,Good,Structural Steel,82.7,87.24,5.48,Medium,340500.0,0.72,0.9,0.2
PRJ-0211,Road & Highway,Haryana,5098,52,4,27,120,Unskilled,Average,Fly Ash Bricks,1050.0,1202.79,14.55,Medium,1222.0,0.71,0.05,0.6
PRJ-0212,Hospital,Haryana,5992,24,1,27,285,Semi-skilled,Average,AAC Blocks,1091.0,1151.85,5.58,Medium,3347.0,0.71,0.0,0.2
PRJ-0213,Residential Apartment,Rajasthan,2681,17,8,1,460,Unskilled,Good,HDPE Pipes,231.0,248.81,7.71,Medium,8015.0,0.65,0.85,0.1
PRJ-0214,Metro Rail,Tamil Nadu,25527,30,10,26,369,Unskilled,Average,Paint,539.0,585.94,8.71,Medium,13143.0,0.75,0.2,0.1
PRJ-0215,Industrial Warehouse,Bihar,11398,14,7,6,469,Semi-skilled,Average,Coarse Aggregate,46.4,53.84,16.03,High,8928.0,0.45,0.9,0.5
PRJ-0216,Bridge Construction,Karnataka,37637,48,8,11,426,Unskilled,Excellent,Vitrified Tiles,1866.0,2078.08,11.37,Medium,137852.0,0.72,0.85,0.2
PRJ-0217,Industrial Warehouse,Maharashtra,2319,20,7,12,297,Unskilled,Good,River Sand,104.8,127.68,21.83,High,41184.0,0.78,0.9,0.9
PRJ-0218,Residential Apartment,Kerala,20766,35,6,30,100,Unskilled,Average,OPC Cement,164.3,189.68,15.45,High,9644.0,0.68,0.7,0.7
PRJ-0219,Metro Rail,Haryana,19310,20,7,5,322,Unskilled,Good,Paint,276.0,298.05,7.99,Medium,6174.0,0.71,0.9,0.1
PRJ-0220,Data Center,Gujarat,5003,22,7,22,388,Skilled,Average,River Sand,113.1,132.83,17.44,High,35514.0,0.82,0.9,0.9
PRJ-0221,Bridge Construction,Kerala,7801,45,3,13,58,Unskilled,Average,HDPE Pipes,774.0,818.13,5.7,Medium,19858.0,0.68,0.0,0.1
PRJ-0222,Residential Apartment,Kerala,20062,22,11,4,119,Unskilled,Poor,Plywood,1429.0,2000.12,39.97,High,54256.0,0.68,0.05,0.8
PRJ-0223,School/College,Odisha,1714,16,1,19,293,Skilled,Poor,River Sand,53.5,63.9,19.45,High,18720.0,0.5,0.0,0.9
PRJ-0224,Commercial Complex,Jharkhand,4742,17,11,28,97,Unskilled,Good,OPC Cement,67.5,74.78,10.79,Medium,2766.0,0.42,0.05,0.7
PRJ-0225,Metro Rail,Punjab,38512,60,5,30,472,Unskilled,Average,River Sand,23.8,28.22,18.58,High,7956.0,0.74,0.15,0.9
PRJ-0226,Data Center,Madhya Pradesh,9778,23,7,13,172,Skilled,Poor,Vitrified Tiles,1036.0,1128.33,8.91,Medium,60014.0,0.55,0.9,0.2
PRJ-0227,Commercial Complex,Madhya Pradesh,10589,29,6,18,49,Unskilled,Excellent,River Sand,56.2,64.37,14.54,Medium,14706.0,0.55,0.7,0.9
PRJ-0228,Residential Apartment,Maharashtra,7821,30,7,30,277,Skilled,Average,Plywood,506.0,592.34,17.06,High,8202.0,0.78,0.9,0.8
PRJ-0229,School/College,West Bengal,14629,18,4,17,187,Skilled,Excellent,Plywood,778.0,880.62,13.19,Medium,9749.0,0.62,0.05,0.8
PRJ-0230,Data Center,Rajasthan,13270,17,7,25,401,Unskilled,Average,River Sand,13.1,16.09,22.82,High,5382.0,0.65,0.9,0.9
PRJ-0231,Road & Highway,Rajasthan,16815,25,11,20,92,Semi-skilled,Average,River Sand,48.6,59.12,21.65,High,18936.0,0.65,0.05,0.9
PRJ-0232,Industrial Warehouse,Tamil Nadu,3998,8,4,10,373,Unskilled,Average,Vitrified Tiles,185.0,205.17,10.9,Medium,13110.0,0.75,0.05,0.2
PRJ-0233,Bridge Construction,Madhya Pradesh,12390,36,4,24,268,Expert,Excellent,Vitrified Tiles,1473.0,1556.94,5.7,Medium,54561.0,0.55,0.05,0.2
PRJ-0234,Commercial Complex,Tamil Nadu,22152,26,8,5,442,Skilled,Average,Vitrified Tiles,961.0,1040.73,8.3,Medium,51825.0,0.75,0.85,0.2
PRJ-0235,Bridge Construction,Telangana,39527,24,12,21,102,Semi-skilled,Poor,Paint,1028.0,1096.73,6.69,Medium,19244.0,0.7,0.0,0.1
PRJ-0236,School/College,Maharashtra,4593,21,1,14,229,Unskilled,Good,River Sand,297.3,358.34,20.53,High,109872.0,0.78,0.0,0.9
PRJ-0237,Residential Apartment,Maharashtra,13397,18,1,24,102,Semi-skilled,Poor,Structural Steel,105.3,108.65,3.18,Low,251250.0,0.78,0.0,0.2
PRJ-0238,Road & Highway,Jharkhand,5252,38,2,21,43,Unskilled,Poor,Coarse Aggregate,14.6,16.2,10.94,Medium,1920.0,0.42,0.0,0.5
PRJ-0239,School/College,Haryana,10008,8,4,30,201,Semi-skilled,Poor,Structural Steel,39.6,41.47,4.71,Low,140250.0,0.71,0.05,0.2
PRJ-0240,Industrial Warehouse,Kerala,13571,9,10,2,250,Unskilled,Good,River Sand,156.4,186.05,18.96,High,53370.0,0.68,0.2,0.9
PRJ-0241,Hospital,Odisha,4998,15,7,6,452,Semi-skilled,Good,HDPE Pipes,371.0,394.74,6.4,Medium,10683.0,0.5,0.9,0.1
PRJ-0242,Data Center,Kerala,4514,23,4,14,480,Semi-skilled,Average,Plywood,1139.0,1442.25,26.62,High,28809.0,0.68,0.05,0.8
PRJ-0243,Commercial Complex,Haryana,19771,36,11,27,413,Unskilled,Average,OPC Cement,15.8,17.22,9.0,Medium,540.0,0.71,0.05,0.7
PRJ-0244,Road & Highway,Bihar,24969,24,9,1,58,Unskilled,Good,River Sand,116.8,152.28,30.38,High,63864.0,0.45,0.6,0.9
PRJ-0245,Road & Highway,Haryana,44896,27,4,4,364,Semi-skilled,Average,Coarse Aggregate,92.7,99.64,7.48,Medium,8328.0,0.71,0.05,0.5
PRJ-0246,Metro Rail,Haryana,35217,56,3,24,458,Unskilled,Average,Paint,101.0,108.28,7.21,Medium,2038.0,0.71,0.0,0.1
PRJ-0247,Residential Apartment,Bihar,18154,24,8,4,353,Unskilled,Good,Paint,1679.0,1823.2,8.59,Medium,40376.0,0.45,0.85,0.1
PRJ-0248,Metro Rail,Jharkhand,15947,18,10,21,480,Expert,Average,Plywood,2172.0,2742.59,26.27,High,54206.0,0.42,0.2,0.8
PRJ-0249,Bridge Construction,Gujarat,45708,26,2,15,330,Unskilled,Average,Electrical Cable,169.0,186.52,10.36,Medium,38544.0,0.82,0.0,0.1
PRJ-0250,School/College,Punjab,6772,21,2,19,456,Semi-skilled,Poor,Paint,289.0,312.53,8.14,Medium,6588.0,0.74,0.0,0.1
PRJ-0251,Bridge Construction,Uttar Pradesh,37602,29,11,24,365,Unskilled,Good,Paint,2786.0,2972.21,6.68,Medium,52139.0,0.58,0.05,0.1
PRJ-0252,Industrial Warehouse,Punjab,7174,19,7,23,440,Unskilled,Average,River Sand,63.4,80.31,26.67,High,30438.0,0.74,0.9,0.9
PRJ-0253,Metro Rail,Telangana,14067,38,2,15,124,Unskilled,Average,Vitrified Tiles,127.0,137.54,8.3,Medium,6851.0,0.7,0.0,0.2
PRJ-0254,Industrial Warehouse,Uttar Pradesh,4662,16,6,22,242,Semi-skilled,Poor,Electrical Cable,4915.0,5242.75,6.67,Medium,721050.0,0.58,0.7,0.1
PRJ-0255,Bridge Construction,Haryana,42967,56,3,1,247,Unskilled,Average,Vitrified Tiles,448.0,532.7,18.91,High,55055.0,0.71,0.0,0.2
PRJ-0256,Data Center,Bihar,5989,10,10,25,244,Semi-skilled,Average,TMT Steel,92.2,96.33,4.48,Low,256060.0,0.45,0.2,0.3
PRJ-0257,School/College,Maharashtra,13809,22,9,10,371,Semi-skilled,Average,AAC Blocks,253.0,272.78,7.82,Medium,1088.0,0.78,0.6,0.2
PRJ-0258,Bridge Construction,Bihar,9932,50,5,7,430,Semi-skilled,Average,Fly Ash Bricks,2000.0,2286.75,14.34,Medium,2294.0,0.45,0.15,0.6
PRJ-0259,Commercial Complex,Bihar,9947,21,8,27,254,Semi-skilled,Average,Coarse Aggregate,78.2,86.22,10.26,Medium,9624.0,0.45,0.85,0.5
PRJ-0260,Data Center,Punjab,9788,11,10,13,169,Skilled,Average,Fly Ash Bricks,703.0,794.01,12.95,Medium,728.0,0.74,0.2,0.6
PRJ-0261,Bridge Construction,Uttar Pradesh,44644,28,1,22,347,Semi-skilled,Average,TMT Steel,69.6,71.77,3.12,Low,134540.0,0.58,0.0,0.3
PRJ-0262,Metro Rail,Karnataka,7057,28,2,13,91,Expert,Poor,Structural Steel,141.3,145.04,2.65,Low,280500.0,0.72,0.0,0.2
PRJ-0263,Bridge Construction,Madhya Pradesh,9011,19,10,27,298,Unskilled,Average,Fly Ash Bricks,190.0,225.34,18.6,High,283.0,0.55,0.2,0.6
PRJ-0264,Metro Rail,Madhya Pradesh,19512,18,2,18,469,Semi-skilled,Average,Plywood,83.0,100.21,20.74,High,1635.0,0.55,0.0,0.8
PRJ-0265,Residential Apartment,Uttar Pradesh,11998,33,8,27,296,Semi-skilled,Average,Paint,619.0,651.62,5.27,Medium,9134.0,0.58,0.85,0.1
PRJ-0266,Hospital,Rajasthan,2736,19,12,14,463,Unskilled,Poor,Electrical Cable,1134.0,1248.45,10.09,Medium,251790.0,0.65,0.0,0.1
PRJ-0267,Metro Rail,Haryana,8096,18,1,7,43,Semi-skilled,Good,Plywood,272.0,343.49,26.28,High,6792.0,0.71,0.0,0.8
PRJ-0268,Data Center,Tamil Nadu,13755,19,10,21,124,Unskilled,Excellent,AAC Blocks,515.0,551.89,7.16,Medium,2029.0,0.75,0.2,0.2
PRJ-0269,Data Center,Rajasthan,10141,16,2,25,309,Unskilled,Average,HDPE Pipes,814.0,862.63,5.97,Medium,21883.0,0.65,0.0,0.1
PRJ-0270,Bridge Construction,Bihar,42321,21,8,17,409,Semi-skilled,Good,TMT Steel,212.0,227.1,7.12,Medium,936200.0,0.45,0.85,0.3
PRJ-0271,Commercial Complex,Madhya Pradesh,7308,25,8,29,349,Skilled,Poor,Plywood,287.0,365.23,27.26,High,7432.0,0.55,0.85,0.8
PRJ-0272,Road & Highway,Bihar,13052,21,6,8,158,Skilled,Average,Fly Ash Bricks,1618.0,1807.3,11.7,Medium,1514.0,0.45,0.7,0.6
PRJ-0273,Industrial Warehouse,Telangana,1708,20,10,16,160,Semi-skilled,Excellent,HDPE Pipes,2857.0,2979.43,4.29,Low,55093.0,0.7,0.2,0.1
PRJ-0274,Data Center,Jharkhand,3700,17,6,2,213,Unskilled,Good,OPC Cement,30.3,34.67,14.41,Medium,1661.0,0.42,0.7,0.7
PRJ-0275,Metro Rail,Haryana,45060,56,6,14,466,Semi-skilled,Average,Structural Steel,226.7,235.25,3.77,Low,641250.0,0.71,0.7,0.2
PRJ-0276,Industrial Warehouse,Karnataka,3046,8,3,11,140,Unskilled,Average,Plywood,784.0,999.84,27.53,High,20505.0,0.72,0.0,0.8
PRJ-0277,Bridge Construction,West Bengal,21948,49,1,10,265,Skilled,Average,Fly Ash Bricks,178.0,199.15,11.88,Medium,169.0,0.62,0.0,0.6
PRJ-0278,Metro Rail,Uttar Pradesh,19603,56,10,14,187,Unskilled,Good,Coarse Aggregate,119.7,130.37,8.92,Medium,12804.0,0.58,0.2,0.5
PRJ-0279,School/College,Gujarat,1100,23,6,27,61,Expert,Average,Paint,264.0,273.82,3.72,Low,2750.0,0.82,0.7,0.1
PRJ-0280,Metro Rail,Gujarat,15893,56,2,2,21,Semi-skilled,Average,Plywood,1205.0,1526.79,26.7,High,30570.0,0.82,0.0,0.8
PRJ-0281,Industrial Warehouse,Tamil Nadu,12749,23,2,8,492,Skilled,Poor,Electrical Cable,807.0,881.69,9.25,Medium,164318.0,0.75,0.0,0.1
PRJ-0282,Hospital,Karnataka,13655,16,7,18,348,Semi-skilled,Poor,AAC Blocks,2376.0,2546.9,7.19,Medium,9400.0,0.72,0.9,0.2
PRJ-0283,School/College,Uttar Pradesh,12060,18,12,18,186,Unskilled,Average,Fly Ash Bricks,563.0,640.66,13.79,Medium,621.0,0.58,0.0,0.6
PRJ-0284,Industrial Warehouse,Kerala,3292,18,6,4,227,Unskilled,Average,Electrical Cable,474.0,506.75,6.91,Medium,72050.0,0.68,0.7,0.1
PRJ-0285,Metro Rail,Telangana,34401,22,2,2,192,Skilled,Average,Plywood,180.0,221.56,23.09,High,3948.0,0.7,0.0,0.8
PRJ-0286,Residential Apartment,Uttar Pradesh,21637,14,5,9,249,Semi-skilled,Average,Coarse Aggregate,113.5,123.61,8.9,Medium,12132.0,0.58,0.15,0.5
PRJ-0287,Metro Rail,Kerala,28371,27,4,10,244,Skilled,Good,Paint,936.0,998.82,6.71,Medium,17590.0,0.68,0.05,0.1
PRJ-0288,Bridge Construction,Tamil Nadu,12804,40,8,19,173,Semi-skilled,Excellent,Electrical Cable,308.0,322.55,4.72,Low,32010.0,0.75,0.85,0.1
PRJ-0289,Road & Highway,Rajasthan,44520,31,5,2,190,Unskilled,Average,TMT Steel,35.5,39.17,10.34,Medium,227540.0,0.65,0.15,0.3
PRJ-0290,Road & Highway,Gujarat,39724,31,2,14,62,Skilled,Poor,Coarse Aggregate,12.6,13.77,9.28,Medium,1404.0,0.82,0.0,0.5
PRJ-0291,Road & Highway,Jharkhand,39155,56,11,6,238,Expert,Average,HDPE Pipes,2004.0,2036.32,1.61,Low,14544.0,0.42,0.05,0.1
PRJ-0292,School/College,Haryana,14305,10,3,12,426,Unskilled,Average,Coarse Aggregate,253.0,289.63,14.48,Medium,43956.0,0.71,0.0,0.5
PRJ-0293,Residential Apartment,Rajasthan,16247,17,9,11,370,Unskilled,Poor,Electrical Cable,408.0,443.34,8.66,Medium,77748.0,0.65,0.6,0.1
PRJ-0294,Bridge Construction,Bihar,48312,31,6,30,187,Semi-skilled,Average,HDPE Pipes,643.0,662.73,3.07,Low,8879.0,0.45,0.7,0.1
PRJ-0295,Residential Apartment,Tamil Nadu,20498,15,9,12,237,Semi-skilled,Poor,Fly Ash Bricks,510.0,623.77,22.31,High,910.0,0.75,0.6,0.6
PRJ-0296,Data Center,West Bengal,13045,23,2,15,400,Unskilled,Poor,Structural Steel,12.7,13.78,8.51,Medium,81000.0,0.62,0.0,0.2
PRJ-0297,Commercial Complex,Rajasthan,8878,24,4,5,320,Semi-skilled,Average,Structural Steel,14.5,15.39,6.15,Medium,66750.0,0.65,0.05,0.2
PRJ-0298,Data Center,Rajasthan,1862,8,6,23,38,Unskilled,Average,HDPE Pipes,227.0,242.13,6.66,Medium,6808.0,0.65,0.7,0.1
PRJ-0299,Metro Rail,West Bengal,42843,19,4,18,483,Unskilled,Excellent,Paint,353.0,373.53,5.81,Medium,5748.0,0.62,0.05,0.1
PRJ-0300,Metro Rail,Karnataka,10569,52,2,20,229,Semi-skilled,Average,Fly Ash Bricks,185.0,214.69,16.05,High,238.0,0.72,0.0,0.6
PRJ-0301,Industrial Warehouse,Kerala,7387,16,5,24,500,Semi-skilled,Average,Vitrified Tiles,859.0,903.86,5.22,Medium,29159.0,0.68,0.15,0.2
PRJ-0302,Hospital,Telangana,8176,13,6,18,486,Skilled,Good,Electrical Cable,1980.0,2052.32,3.65,Low,159104.0,0.7,0.7,0.1
PRJ-0303,Metro Rail,Kerala,42422,40,12,25,286,Unskilled,Average,OPC Cement,23.1,25.78,11.6,Medium,1018.0,0.68,0.0,0.7
PRJ-0304,Residential Apartment,Karnataka,4341,26,3,24,318,Semi-skilled,Average,Plywood,317.0,389.52,22.88,High,6889.0,0.72,0.0,0.8
PRJ-0305,Commercial Complex,Jharkhand,11805,28,3,18,116,Semi-skilled,Excellent,Electrical Cable,659.0,694.2,5.34,Medium,77440.0,0.42,0.0,0.1
PRJ-0306,Commercial Complex,West Bengal,12753,36,1,19,290,Unskilled,Excellent,AAC Blocks,178.0,193.28,8.58,Medium,840.0,0.62,0.0,0.2
PRJ-0307,Commercial Complex,Odisha,8753,25,5,16,409,Skilled,Average,Structural Steel,53.1,54.63,2.88,Low,114750.0,0.5,0.15,0.2
PRJ-0308,School/College,Tamil Nadu,3985,14,2,21,35,Unskilled,Average,Structural Steel,6.3,6.72,6.62,Medium,31500.0,0.75,0.0,0.2
PRJ-0309,School/College,Tamil Nadu,10471,15,2,20,271,Skilled,Poor,AAC Blocks,240.0,253.82,5.76,Medium,760.0,0.75,0.0,0.2
PRJ-0310,Residential Apartment,Haryana,22224,33,1,30,463,Expert,Good,Plywood,155.0,173.61,12.01,Medium,1768.0,0.71,0.0,0.8
PRJ-0311,Industrial Warehouse,Jharkhand,8295,22,2,19,44,Unskilled,Poor,Structural Steel,114.8,122.54,6.74,Medium,580500.0,0.42,0.0,0.2
PRJ-0312,Data Center,Telangana,4621,19,4,3,341,Skilled,Average,HDPE Pipes,1110.0,1169.61,5.37,Medium,26824.0,0.7,0.05,0.1
PRJ-0313,School/College,Odisha,13362,22,1,24,26,Skilled,Good,Coarse Aggregate,17.3,19.0,9.85,Medium,2040.0,0.5,0.0,0.5
PRJ-0314,Industrial Warehouse,Kerala,1327,11,7,4,314,Unskilled,Average,TMT Steel,27.4,29.75,8.59,Medium,145700.0,0.68,0.9,0.3
PRJ-0315,Road & Highway,Jharkhand,13234,54,9,16,177,Unskilled,Good,AAC Blocks,474.0,521.45,10.01,Medium,2610.0,0.42,0.6,0.2
PRJ-0316,Commercial Complex,Gujarat,15978,13,12,19,50,Semi-skilled,Average,HDPE Pipes,1961.0,2091.31,6.65,Medium,58639.0,0.82,0.0,0.1
PRJ-0317,Commercial Complex,Jharkhand,6031,13,9,10,187,Unskilled,Poor,Coarse Aggregate,39.9,47.21,18.33,High,8772.0,0.42,0.6,0.5
PRJ-0318,Hospital,Gujarat,2141,18,7,30,376,Skilled,Average,Coarse Aggregate,31.7,34.41,8.55,Medium,3252.0,0.82,0.9,0.5
PRJ-0319,Data Center,Odisha,3291,22,7,3,131,Semi-skilled,Average,Vitrified Tiles,690.0,750.42,8.76,Medium,39273.0,0.5,0.9,0.2
PRJ-0320,Data Center,Telangana,4424,19,4,8,428,Semi-skilled,Good,Plywood,757.0,909.37,20.13,High,14475.0,0.7,0.05,0.8
PRJ-0321,Metro Rail,Madhya Pradesh,33193,23,6,12,344,Expert,Average,Coarse Aggregate,14.3,15.11,5.69,Medium,972.0,0.55,0.7,0.5
PRJ-0322,Commercial Complex,Kerala,14643,24,6,8,319,Semi-skilled,Poor,AAC Blocks,2334.0,2553.22,9.39,Medium,12057.0,0.68,0.7,0.2
PRJ-0323,Commercial Complex,Tamil Nadu,11508,19,7,13,367,Semi-skilled,Good,HDPE Pipes,1164.0,1241.87,6.69,Medium,35041.0,0.75,0.9,0.1
PRJ-0324,Road & Highway,West Bengal,16908,47,8,1,457,Unskilled,Average,Plywood,4421.0,6396.3,44.68,High,187654.0,0.62,0.85,0.8
PRJ-0325,Data Center,Bihar,6621,15,1,10,110,Semi-skilled,Average,Fly Ash Bricks,1429.0,1617.35,13.18,Medium,1507.0,0.45,0.0,0.6
PRJ-0326,Bridge Construction,Tamil Nadu,49758,44,12,3,37,Skilled,Average,Paint,297.0,324.53,9.27,Medium,7708.0,0.75,0.0,0.1
PRJ-0327,Hospital,Uttar Pradesh,4354,18,11,18,466,Skilled,Excellent,Structural Steel,27.6,28.13,1.94,Low,39750.0,0.58,0.05,0.2
PRJ-0328,Bridge Construction,Maharashtra,13155,20,6,7,362,Semi-skilled,Poor,Electrical Cable,777.0,846.64,8.96,Medium,153208.0,0.78,0.7,0.1
PRJ-0329,Road & Highway,Maharashtra,14352,49,5,14,126,Unskilled,Excellent,HDPE Pipes,1213.0,1271.16,4.79,Low,26172.0,0.78,0.15,0.1
PRJ-0330,Commercial Complex,Rajasthan,10492,33,11,9,252,Unskilled,Good,Coarse Aggregate,192.1,221.73,15.43,High,35556.0,0.65,0.05,0.5
PRJ-0331,Metro Rail,Odisha,6416,54,4,14,314,Skilled,Average,Structural Steel,176.5,183.22,3.81,Low,504000.0,0.5,0.05,0.2
PRJ-0332,Bridge Construction,Punjab,44768,58,11,23,490,Unskilled,Poor,HDPE Pipes,3252.0,3457.39,6.32,Medium,92425.0,0.74,0.05,0.1
PRJ-0333,School/College,Odisha,11054,24,5,15,411,Unskilled,Average,AAC Blocks,585.0,633.96,8.37,Medium,2693.0,0.5,0.15,0.2
PRJ-0334,Commercial Complex,Jharkhand,9770,36,12,11,295,Semi-skilled,Average,Electrical Cable,752.0,806.29,7.22,Medium,119438.0,0.42,0.0,0.1
PRJ-0335,Commercial Complex,West Bengal,8440,12,5,21,237,Skilled,Excellent,OPC Cement,114.8,123.38,7.47,Medium,3260.0,0.62,0.15,0.7
PRJ-0336,Commercial Complex,Odisha,10879,36,7,24,412,Skilled,Poor,Coarse Aggregate,119.5,129.96,8.75,Medium,12552.0,0.5,0.9,0.5
PRJ-0337,School/College,Odisha,2065,24,9,16,125,Semi-skilled,Average,Paint,414.0,440.34,6.36,Medium,7375.0,0.5,0.6,0.1
PRJ-0338,Metro Rail,Madhya Pradesh,20337,31,4,13,165,Skilled,Average,Fly Ash Bricks,3460.0,4096.43,18.39,High,5091.0,0.55,0.05,0.6
PRJ-0339,Commercial Complex,Gujarat,2276,31,12,1,338,Skilled,Excellent,AAC Blocks,376.0,392.42,4.37,Low,903.0,0.82,0.0,0.2
PRJ-0340,Road & Highway,Madhya Pradesh,32468,19,11,6,299,Unskilled,Poor,Fly Ash Bricks,1187.0,1472.66,24.07,High,2285.0,0.55,0.05,0.6
PRJ-0341,Industrial Warehouse,Maharashtra,2111,13,5,28,465,Unskilled,Poor,TMT Steel,28.3,31.03,9.64,Medium,169260.0,0.78,0.15,0.3
PRJ-0342,Metro Rail,West Bengal,13778,18,8,9,408,Unskilled,Poor,Paint,1041.0,1178.38,13.2,Medium,38466.0,0.62,0.85,0.1
PRJ-0343,Hospital,Punjab,14743,16,10,4,309,Unskilled,Average,Coarse Aggregate,31.5,35.85,13.81,Medium,5220.0,0.74,0.2,0.5
PRJ-0344,School/College,Kerala,1974,23,2,23,335,Unskilled,Excellent,River Sand,90.4,103.43,14.41,Medium,23454.0,0.68,0.0,0.9
PRJ-0345,Industrial Warehouse,Odisha,9912,22,5,1,320,Semi-skilled,Average,River Sand,31.0,36.75,18.55,High,10350.0,0.5,0.15,0.9
PRJ-0346,Data Center,Rajasthan,7666,14,10,6,110,Unskilled,Excellent,Fly Ash Bricks,769.0,871.58,13.34,Medium,821.0,0.65,0.2,0.6
PRJ-0347,Industrial Warehouse,Karnataka,1229,16,5,27,475,Semi-skilled,Good,River Sand,220.0,257.21,16.91,High,66978.0,0.72,0.15,0.9
PRJ-0348,Data Center,Tamil Nadu,9742,9,2,2,118,Unskilled,Average,OPC Cement,8.7,10.46,20.19,High,669.0,0.75,0.0,0.7
PRJ-0349,Data Center,Gujarat,8780,8,1,5,299,Unskilled,Good,River Sand,56.5,68.91,21.97,High,22338.0,0.82,0.0,0.9
PRJ-0350,Residential Apartment,Haryana,3151,13,3,20,191,Skilled,Poor,Structural Steel,51.9,54.12,4.28,Low,166500.0,0.71,0.0,0.2
PRJ-0351,Industrial Warehouse,Tamil Nadu,6904,14,10,14,298,Semi-skilled,Poor,Electrical Cable,152.0,164.76,8.4,Medium,28072.0,0.75,0.2,0.1
PRJ-0352,Hospital,Telangana,1491,9,6,4,273,Unskilled,Average,Vitrified Tiles,436.0,493.63,13.22,Medium,37460.0,0.7,0.7,0.2
PRJ-0353,Residential Apartment,Maharashtra,9084,31,8,15,65,Unskilled,Good,Plywood,1991.0,2760.76,38.66,High,73127.0,0.78,0.85,0.8
PRJ-0354,Hospital,Karnataka,2532,11,3,7,296,Skilled,Average,Paint,596.0,648.7,8.84,Medium,14756.0,0.72,0.0,0.1
PRJ-0355,School/College,West Bengal,11732,20,2,16,92,Unskilled,Poor,Fly Ash Bricks,2833.0,3473.37,22.6,High,5123.0,0.62,0.0,0.6
PRJ-0356,Metro Rail,Jharkhand,23306,44,12,26,77,Expert,Poor,River Sand,24.2,26.14,8.03,Medium,3492.0,0.42,0.0,0.9
PRJ-0357,School/College,Odisha,8765,8,2,15,151,Unskilled,Average,River Sand,29.5,36.2,22.71,High,12060.0,0.5,0.0,0.9
PRJ-0358,Road & Highway,Odisha,24210,26,5,6,204,Unskilled,Average,TMT Steel,199.2,213.05,6.95,Medium,858700.0,0.5,0.15,0.3
PRJ-0359,Industrial Warehouse,Uttar Pradesh,4517,16,3,25,62,Unskilled,Good,Plywood,1937.0,2300.64,18.77,High,34546.0,0.58,0.0,0.8
PRJ-0360,Residential Apartment,Telangana,11997,35,5,27,248,Skilled,Average,River Sand,49.5,55.77,12.67,Medium,11286.0,0.7,0.15,0.9
PRJ-0361,Data Center,Telangana,4411,13,1,14,348,Semi-skilled,Average,Coarse Aggregate,193.0,208.23,7.89,Medium,18276.0,0.7,0.0,0.5
PRJ-0362,Industrial Warehouse,West Bengal,2292,22,7,20,438,Unskilled,Average,Plywood,1035.0,1424.44,37.63,High,36997.0,0.62,0.9,0.8
PRJ-0363,Industrial Warehouse,Rajasthan,14552,19,6,19,296,Unskilled,Average,River Sand,88.1,109.8,24.63,High,39060.0,0.65,0.7,0.9
PRJ-0364,Commercial Complex,Tamil Nadu,23869,15,10,11,496,Semi-skilled,Excellent,OPC Cement,25.3,28.26,11.71,Medium,1125.0,0.75,0.2,0.7
PRJ-0365,Industrial Warehouse,Odisha,9855,20,7,25,379,Unskilled,Average,HDPE Pipes,671.0,717.65,6.95,Medium,20992.0,0.5,0.9,0.1
PRJ-0366,Data Center,Rajasthan,10109,21,8,26,469,Skilled,Average,Structural Steel,8.9,9.24,3.82,Low,25500.0,0.65,0.85,0.2
PRJ-0367,Industrial Warehouse,Gujarat,7215,9,8,30,24,Semi-skilled,Average,Electrical Cable,244.0,257.71,5.62,Medium,30162.0,0.82,0.85,0.1
PRJ-0368,Bridge Construction,Maharashtra,20120,46,9,27,356,Semi-skilled,Poor,Vitrified Tiles,176.0,192.89,9.6,Medium,10978.0,0.78,0.6,0.2
PRJ-0369,Commercial Complex,Telangana,18079,21,1,20,453,Semi-skilled,Poor,Fly Ash Bricks,814.0,916.04,12.54,Medium,816.0,0.7,0.0,0.6
PRJ-0370,Residential Apartment,Maharashtra,20719,35,7,24,411,Semi-skilled,Good,Coarse Aggregate,58.7,63.71,8.54,Medium,6012.0,0.78,0.9,0.5
PRJ-0371,Data Center,Telangana,11245,12,12,27,121,Skilled,Excellent,Fly Ash Bricks,562.0,598.6,6.51,Medium,293.0,0.7,0.0,0.6
PRJ-0372,School/College,Rajasthan,8160,16,9,15,40,Semi-skilled,Poor,Vitrified Tiles,469.0,539.74,15.08,High,45981.0,0.65,0.6,0.2
PRJ-0373,School/College,Bihar,5494,21,6,6,95,Semi-skilled,Poor,OPC Cement,36.3,41.95,15.58,High,2147.0,0.45,0.7,0.7
PRJ-0374,Industrial Warehouse,Gujarat,12908,23,12,22,500,Semi-skilled,Good,AAC Blocks,388.0,408.62,5.32,Medium,1134.0,0.82,0.0,0.2
PRJ-0375,Metro Rail,Maharashtra,19274,18,4,2,30,Unskilled,Average,Coarse Aggregate,86.3,100.03,15.91,High,16476.0,0.78,0.05,0.5
PRJ-0376,Bridge Construction,Punjab,31431,47,12,8,323,Unskilled,Poor,HDPE Pipes,291.0,313.63,7.78,Medium,10183.0,0.74,0.0,0.1
PRJ-0377,School/College,Telangana,2474,11,10,9,80,Unskilled,Poor,Vitrified Tiles,616.0,680.75,10.51,Medium,42088.0,0.7,0.2,0.2
PRJ-0378,Commercial Complex,Bihar,22570,16,10,27,140,Unskilled,Average,Electrical Cable,487.0,531.8,9.2,Medium,98560.0,0.45,0.2,0.1
PRJ-0379,School/College,Odisha,12907,22,10,24,386,Semi-skilled,Average,HDPE Pipes,3262.0,3419.67,4.83,Low,70952.0,0.5,0.2,0.1
PRJ-0380,Metro Rail,Rajasthan,10387,53,9,14,265,Expert,Average,TMT Steel,57.9,59.22,2.28,Low,81840.0,0.65,0.6,0.3
PRJ-0381,Residential Apartment,Maharashtra,21316,28,10,9,370,Unskilled,Average,OPC Cement,45.4,52.08,14.71,Medium,2538.0,0.78,0.2,0.7
PRJ-0382,Road & Highway,West Bengal,11299,51,2,29,63,Unskilled,Good,HDPE Pipes,955.0,1013.21,6.09,Medium,26195.0,0.62,0.0,0.1
PRJ-0383,Metro Rail,Punjab,26608,50,5,5,408,Semi-skilled,Good,River Sand,35.8,42.21,17.89,High,11538.0,0.74,0.15,0.9
PRJ-0384,Residential Apartment,Gujarat,10512,33,11,1,55,Unskilled,Average,Coarse Aggregate,11.8,13.39,13.45,Medium,1908.0,0.82,0.05,0.5
PRJ-0385,Bridge Construction,Bihar,6964,46,7,11,212,Expert,Average,Fly Ash Bricks,449.0,486.5,8.35,Medium,300.0,0.45,0.9,0.6
PRJ-0386,Bridge Construction,Telangana,22913,43,12,14,246,Unskilled,Poor,TMT Steel,43.6,48.38,10.96,Medium,296360.0,0.7,0.0,0.3
PRJ-0387,School/College,Karnataka,11550,8,5,26,91,Semi-skilled,Average,OPC Cement,21.5,24.98,16.19,High,1322.0,0.72,0.15,0.7
PRJ-0388,School/College,Karnataka,11692,15,3,17,248,Semi-skilled,Good,TMT Steel,54.1,56.55,4.53,Low,151900.0,0.72,0.0,0.3
PRJ-0389,Industrial Warehouse,Haryana,3305,9,7,17,197,Semi-skilled,Poor,Fly Ash Bricks,863.0,969.83,12.38,Medium,855.0,0.71,0.9,0.6
PRJ-0390,Metro Rail,Haryana,35642,32,3,26,487,Unskilled,Excellent,Structural Steel,56.6,59.32,4.8,Low,204000.0,0.71,0.0,0.2
PRJ-0391,Bridge Construction,Karnataka,27573,47,4,1,24,Unskilled,Poor,OPC Cement,298.5,360.0,20.6,High,23370.0,0.72,0.05,0.7
PRJ-0392,School/College,Karnataka,12488,18,9,4,301,Unskilled,Average,OPC Cement,32.4,38.19,17.87,High,2200.0,0.72,0.6,0.7
PRJ-0393,Industrial Warehouse,Odisha,6363,19,11,19,29,Unskilled,Good,Structural Steel,153.9,160.98,4.6,Low,531000.0,0.5,0.05,0.2
PRJ-0394,Commercial Complex,Haryana,3993,26,1,20,108,Unskilled,Average,Structural Steel,40.4,42.92,6.24,Medium,189000.0,0.71,0.0,0.2
PRJ-0395,Residential Apartment,Maharashtra,6187,29,2,8,287,Unskilled,Poor,OPC Cement,105.6,124.89,18.27,High,7330.0,0.78,0.0,0.7
PRJ-0396,Industrial Warehouse,Gujarat,10302,21,3,3,199,Unskilled,Poor,Fly Ash Bricks,2349.0,2926.77,24.6,High,4622.0,0.82,0.0,0.6
PRJ-0397,School/College,Punjab,1188,23,6,24,239,Unskilled,Average,Paint,363.0,389.24,7.23,Medium,7347.0,0.74,0.7,0.1
PRJ-0398,Bridge Construction,Rajasthan,8014,37,7,21,110,Skilled,Excellent,Structural Steel,11.8,12.09,2.47,Low,21750.0,0.65,0.9,0.2
PRJ-0399,Road & Highway,Jharkhand,24650,42,11,27,32,Unskilled,Poor,Coarse Aggregate,57.0,62.43,9.53,Medium,6516.0,0.42,0.05,0.5
PRJ-0400,Residential Apartment,Uttar Pradesh,22510,18,8,24,178,Semi-skilled,Poor,Coarse Aggregate,114.7,127.9,11.51,Medium,15840.0,0.58,0.85,0.5
PRJ-0401,Metro Rail,Madhya Pradesh,10444,49,7,14,293,Unskilled,Excellent,OPC Cement,88.6,100.03,12.9,Medium,4343.0,0.55,0.9,0.7
PRJ-0402,Industrial Warehouse,Jharkhand,11947,13,8,13,251,Expert,Average,Structural Steel,46.5,48.64,4.59,Low,160500.0,0.42,0.85,0.2
PRJ-0403,Data Center,Haryana,12448,20,6,5,458,Unskilled,Excellent,Vitrified Tiles,1402.0,1624.72,15.89,High,144768.0,0.71,0.7,0.2
PRJ-0404,Hospital,Haryana,14964,22,7,17,458,Skilled,Good,Fly Ash Bricks,174.0,200.72,15.35,High,214.0,0.71,0.9,0.6
PRJ-0405,Hospital,West Bengal,11852,13,2,19,50,Semi-skilled,Average,TMT Steel,25.9,27.75,7.14,Medium,114700.0,0.62,0.0,0.3
PRJ-0406,Data Center,Haryana,14210,24,2,10,276,Semi-skilled,Excellent,River Sand,24.5,27.58,12.56,Medium,5544.0,0.71,0.0,0.9
PRJ-0407,Industrial Warehouse,Gujarat,5454,14,6,10,47,Unskilled,Average,Paint,512.0,554.88,8.38,Medium,12006.0,0.82,0.7,0.1
PRJ-0408,Data Center,Madhya Pradesh,2809,12,3,3,192,Skilled,Average,Fly Ash Bricks,762.0,850.34,11.59,Medium,707.0,0.55,0.0,0.6
PRJ-0409,Metro Rail,Karnataka,21828,54,6,26,108,Unskilled,Average,Paint,219.0,237.16,8.29,Medium,5085.0,0.72,0.7,0.1
PRJ-0410,Bridge Construction,Odisha,47127,23,5,25,83,Unskilled,Good,Electrical Cable,863.0,931.85,7.98,Medium,151470.0,0.5,0.15,0.1
PRJ-0411,Road & Highway,Madhya Pradesh,10263,51,9,5,257,Unskilled,Good,Structural Steel,83.9,88.89,5.94,Medium,374250.0,0.55,0.6,0.2
PRJ-0412,Road & Highway,Rajasthan,27109,55,4,26,167,Semi-skilled,Good,River Sand,11.2,13.17,17.55,High,3546.0,0.65,0.05,0.9
PRJ-0413,Commercial Complex,Madhya Pradesh,11084,30,9,26,234,Semi-skilled,Excellent,Structural Steel,99.4,104.14,4.76,Low,355500.0,0.55,0.6,0.2
PRJ-0414,Bridge Construction,Jharkhand,27761,24,1,27,71,Expert,Poor,River Sand,25.3,28.43,12.38,Medium,5634.0,0.42,0.0,0.9
PRJ-0415,Metro Rail,Rajasthan,48025,35,4,3,430,Semi-skilled,Poor,TMT Steel,62.2,66.94,7.61,Medium,293880.0,0.65,0.05,0.3
PRJ-0416,Commercial Complex,Punjab,3669,21,7,20,400,Expert,Average,Coarse Aggregate,34.9,37.45,7.31,Medium,3060.0,0.74,0.9,0.5
PRJ-0417,Hospital,Karnataka,12690,24,2,13,47,Expert,Poor,TMT Steel,227.7,246.14,8.1,Medium,1143280.0,0.72,0.0,0.3
PRJ-0418,Road & Highway,Tamil Nadu,34276,53,10,27,323,Semi-skilled,Excellent,TMT Steel,80.2,81.4,1.5,Low,74400.0,0.75,0.2,0.3
PRJ-0419,Commercial Complex,Tamil Nadu,3062,12,5,7,172,Skilled,Average,OPC Cement,530.4,568.22,7.13,Medium,14372.0,0.75,0.15,0.7
PRJ-0420,Road & Highway,Tamil Nadu,37530,24,12,19,441,Semi-skilled,Good,Structural Steel,8.0,8.26,3.27,Low,19500.0,0.75,0.0,0.2
PRJ-0421,Residential Apartment,Odisha,5439,32,12,25,218,Skilled,Poor,AAC Blocks,721.0,787.71,9.25,Medium,3669.0,0.5,0.0,0.2
PRJ-0422,Residential Apartment,Punjab,10466,15,9,19,351,Unskilled,Excellent,Electrical Cable,629.0,670.18,6.55,Medium,90596.0,0.74,0.6,0.1
PRJ-0423,School/College,Uttar Pradesh,1154,11,6,3,125,Expert,Average,AAC Blocks,2680.0,2922.34,9.04,Medium,13329.0,0.58,0.7,0.2
PRJ-0424,School/College,Karnataka,2955,8,12,16,492,Unskilled,Average,Electrical Cable,1245.0,1345.82,8.1,Medium,221804.0,0.72,0.0,0.1
PRJ-0425,School/College,Punjab,8727,12,1,25,259,Semi-skilled,Poor,Coarse Aggregate,115.5,127.24,10.16,Medium,14088.0,0.74,0.0,0.5
PRJ-0426,Hospital,Tamil Nadu,2733,21,7,1,302,Semi-skilled,Poor,Vitrified Tiles,1519.0,1645.12,8.3,Medium,81978.0,0.75,0.9,0.2
PRJ-0427,Hospital,Jharkhand,3126,14,3,22,325,Skilled,Average,Structural Steel,44.7,46.34,3.67,Low,123000.0,0.42,0.0,0.2
PRJ-0428,Bridge Construction,West Bengal,12904,52,8,7,268,Unskilled,Poor,Electrical Cable,477.0,528.73,10.84,Medium,113806.0,0.62,0.85,0.1
PRJ-0429,Data Center,Madhya Pradesh,1114,13,2,26,166,Semi-skilled,Good,Paint,370.0,394.34,6.58,Medium,6815.0,0.55,0.0,0.1
PRJ-0430,School/College,Uttar Pradesh,8627,24,6,2,27,Unskilled,Average,Fly Ash Bricks,592.0,707.11,19.44,High,921.0,0.58,0.7,0.6
PRJ-0431,Road & Highway,Odisha,18977,43,3,6,103,Expert,Poor,Vitrified Tiles,301.0,329.12,9.34,Medium,18278.0,0.5,0.0,0.2
PRJ-0432,Residential Apartment,Odisha,21741,33,7,25,215,Semi-skilled,Good,Fly Ash Bricks,534.0,621.23,16.34,High,698.0,0.5,0.9,0.6
PRJ-0433,Data Center,Kerala,1326,20,8,26,246,Semi-skilled,Average,Structural Steel,145.3,148.88,2.47,Low,268500.0,0.68,0.85,0.2
PRJ-0434,Commercial Complex,Gujarat,13949,34,10,24,469,Expert,Poor,TMT Steel,5.2,5.43,4.34,Low,14260.0,0.82,0.2,0.3
PRJ-0435,Commercial Complex,Jharkhand,11771,16,7,13,57,Unskilled,Excellent,Coarse Aggregate,35.2,39.16,11.24,Medium,4752.0,0.42,0.9,0.5
PRJ-0436,Road & Highway,Uttar Pradesh,47518,51,1,25,152,Skilled,Poor,Coarse Aggregate,9.5,10.49,10.41,Medium,1188.0,0.58,0.0,0.5
PRJ-0437,Commercial Complex,Telangana,9278,30,9,5,167,Semi-skilled,Average,OPC Cement,46.5,51.86,11.53,Medium,2037.0,0.7,0.6,0.7
PRJ-0438,Road & Highway,Maharashtra,24754,24,1,24,237,Semi-skilled,Good,TMT Steel,34.3,35.73,4.18,Low,88660.0,0.78,0.0,0.3
PRJ-0439,Metro Rail,Jharkhand,8070,27,4,4,208,Skilled,Average,Paint,1039.0,1107.76,6.62,Medium,19253.0,0.42,0.05,0.1
PRJ-0440,Metro Rail,Odisha,41048,42,12,23,168,Unskilled,Good,Coarse Aggregate,31.5,34.46,9.4,Medium,3552.0,0.5,0.0,0.5
PRJ-0441,Metro Rail,Gujarat,41041,23,5,3,21,Unskilled,Good,Fly Ash Bricks,850.0,1007.8,18.56,High,1262.0,0.82,0.15,0.6
PRJ-0442,Hospital,Bihar,13594,12,5,16,278,Skilled,Average,Structural Steel,21.4,21.99,2.76,Low,44250.0,0.45,0.15,0.2
PRJ-0443,Commercial Complex,Uttar Pradesh,10086,29,8,11,184,Semi-skilled,Excellent,OPC Cement,283.8,310.46,9.39,Medium,10131.0,0.58,0.85,0.7
PRJ-0444,Industrial Warehouse,Madhya Pradesh,8357,23,2,11,433,Unskilled,Poor,AAC Blocks,427.0,490.42,14.85,Medium,3488.0,0.55,0.0,0.2
PRJ-0445,Hospital,Madhya Pradesh,6592,19,2,9,99,Unskilled,Excellent,TMT Steel,67.7,71.1,5.02,Medium,210800.0,0.55,0.0,0.3
PRJ-0446,Hospital,Karnataka,13031,20,4,1,98,Unskilled,Average,Paint,81.0,90.99,12.33,Medium,2797.0,0.72,0.05,0.1
PRJ-0447,Metro Rail,Odisha,32711,47,5,15,92,Unskilled,Poor,OPC Cement,27.4,32.91,20.1,High,2094.0,0.5,0.15,0.7
PRJ-0448,Residential Apartment,West Bengal,4003,28,4,15,82,Unskilled,Good,Plywood,367.0,468.6,27.68,High,9652.0,0.62,0.05,0.8
PRJ-0449,Hospital,Madhya Pradesh,13331,15,11,16,360,Semi-skilled,Poor,Electrical Cable,1040.0,1112.38,6.96,Medium,159236.0,0.55,0.05,0.1
PRJ-0450,Metro Rail,Rajasthan,39739,19,4,25,115,Skilled,Average,OPC Cement,62.9,67.52,7.35,Medium,1756.0,0.65,0.05,0.7
PRJ-0451,Bridge Construction,Madhya Pradesh,35082,60,6,6,216,Unskilled,Average,AAC Blocks,1305.0,1452.38,11.29,Medium,8106.0,0.55,0.7,0.2
PRJ-0452,Bridge Construction,Odisha,49908,51,7,13,95,Skilled,Poor,HDPE Pipes,386.0,413.84,7.21,Medium,12528.0,0.5,0.9,0.1
PRJ-0453,Bridge Construction,Maharashtra,32303,45,8,9,89,Unskilled,Good,Structural Steel,376.9,386.91,2.66,Low,750750.0,0.78,0.85,0.2
PRJ-0454,Road & Highway,Karnataka,9430,31,8,11,126,Semi-skilled,Excellent,Structural Steel,162.9,168.01,3.13,Low,383250.0,0.72,0.85,0.2
PRJ-0455,Hospital,Bihar,3266,19,12,20,84,Unskilled,Average,Paint,292.0,315.15,7.93,Medium,6482.0,0.45,0.0,0.1
PRJ-0456,School/College,Jharkhand,10951,9,8,14,478,Semi-skilled,Poor,Fly Ash Bricks,1907.0,2339.02,22.65,High,3456.0,0.42,0.85,0.6
PRJ-0457,School/College,Haryana,7445,15,9,6,49,Semi-skilled,Good,Coarse Aggregate,98.6,107.31,8.84,Medium,10452.0,0.71,0.6,0.5
PRJ-0458,Bridge Construction,Maharashtra,6664,51,6,27,329,Skilled,Average,Vitrified Tiles,2358.0,2450.2,3.91,Low,59930.0,0.78,0.7,0.2
PRJ-0459,Data Center,Punjab,6363,22,2,14,151,Skilled,Average,Plywood,1524.0,1886.62,23.79,High,34449.0,0.74,0.0,0.8
PRJ-0460,Metro Rail,Bihar,8786,48,8,17,324,Skilled,Average,AAC Blocks,393.0,423.98,7.88,Medium,1704.0,0.45,0.85,0.2
PRJ-0461,Metro Rail,Rajasthan,33595,22,3,19,380,Skilled,Poor,HDPE Pipes,596.0,634.37,6.44,Medium,17267.0,0.65,0.0,0.1
PRJ-0462,Bridge Construction,Karnataka,36251,31,3,28,226,Semi-skilled,Poor,Paint,760.0,798.78,5.1,Medium,10858.0,0.72,0.0,0.1
PRJ-0463,Road & Highway,Karnataka,16538,29,1,21,95,Semi-skilled,Poor,OPC Cement,385.4,443.69,15.13,High,22150.0,0.72,0.0,0.7
PRJ-0464,Hospital,Jharkhand,11670,23,6,14,330,Unskilled,Average,Structural Steel,49.6,52.12,5.08,Medium,189000.0,0.42,0.7,0.2
PRJ-0465,Industrial Warehouse,Maharashtra,3582,19,5,4,167,Unskilled,Average,Vitrified Tiles,176.0,201.79,14.65,Medium,16763.0,0.78,0.15,0.2
PRJ-0466,School/College,Gujarat,7140,13,1,4,447,Unskilled,Average,Coarse Aggregate,309.2,354.17,14.54,Medium,53964.0,0.82,0.0,0.5
PRJ-0467,Industrial Warehouse,Karnataka,3952,21,1,19,426,Semi-skilled,Poor,Fly Ash Bricks,448.0,516.25,15.23,High,546.0,0.72,0.0,0.6
PRJ-0468,Industrial Warehouse,Kerala,5401,23,7,27,59,Unskilled,Average,OPC Cement,33.4,38.51,15.29,High,1942.0,0.68,0.9,0.7
PRJ-0469,Hospital,West Bengal,4539,10,1,13,493,Unskilled,Good,TMT Steel,26.1,27.33,4.73,Low,76260.0,0.62,0.0,0.3
PRJ-0470,Metro Rail,Kerala,7156,36,1,19,121,Unskilled,Average,Electrical Cable,1588.0,1694.23,6.69,Medium,233706.0,0.68,0.0,0.1
PRJ-0471,Industrial Warehouse,Rajasthan,7172,15,5,28,77,Skilled,Average,Vitrified Tiles,325.0,350.97,7.99,Medium,16881.0,0.65,0.15,0.2
PRJ-0472,Bridge Construction,Odisha,33392,33,8,30,304,Unskilled,Poor,Vitrified Tiles,725.0,810.73,11.82,Medium,55725.0,0.5,0.85,0.2
PRJ-0473,Residential Apartment,Punjab,12652,20,7,2,100,Skilled,Average,Vitrified Tiles,585.0,657.53,12.4,Medium,47144.0,0.74,0.9,0.2
PRJ-0474,School/College,Uttar Pradesh,12450,15,2,24,329,Unskilled,Average,River Sand,20.4,23.27,14.05,Medium,5166.0,0.58,0.0,0.9
PRJ-0475,Hospital,Karnataka,2425,13,9,29,313,Unskilled,Average,AAC Blocks,326.0,351.35,7.78,Medium,1394.0,0.72,0.6,0.2
PRJ-0476,Residential Apartment,Rajasthan,16065,13,10,5,445,Unskilled,Average,Structural Steel,222.2,236.16,6.28,Medium,1047000.0,0.65,0.2,0.2
PRJ-0477,Metro Rail,Jharkhand,34728,28,3,18,349,Unskilled,Excellent,Vitrified Tiles,354.0,373.9,5.62,Medium,12935.0,0.42,0.0,0.2
PRJ-0478,Hospital,Rajasthan,13270,19,10,1,251,Semi-skilled,Average,HDPE Pipes,783.0,829.91,5.99,Medium,21109.0,0.65,0.2,0.1
PRJ-0479,Data Center,Rajasthan,7859,23,1,12,405,Unskilled,Good,River Sand,252.1,314.37,24.7,High,112086.0,0.65,0.0,0.9
PRJ-0480,Residential Apartment,Madhya Pradesh,23794,34,1,30,72,Semi-skilled,Good,River Sand,73.1,80.66,10.34,Medium,13608.0,0.55,0.0,0.9
PRJ-0481,Residential Apartment,Karnataka,4547,23,3,25,442,Expert,Good,Coarse Aggregate,61.8,65.31,5.68,Medium,4212.0,0.72,0.0,0.5
PRJ-0482,Residential Apartment,Rajasthan,19767,30,5,30,37,Semi-skilled,Poor,River Sand,90.5,105.49,16.57,High,26982.0,0.65,0.15,0.9
PRJ-0483,Metro Rail,Gujarat,18519,29,4,1,105,Unskilled,Poor,River Sand,49.7,64.88,30.53,High,27324.0,0.82,0.05,0.9
PRJ-0484,Metro Rail,Haryana,26717,40,11,28,50,Unskilled,Good,Coarse Aggregate,62.9,67.83,7.83,Medium,5916.0,0.71,0.05,0.5
PRJ-0485,Metro Rail,Rajasthan,49757,20,6,8,457,Unskilled,Average,HDPE Pipes,277.0,296.58,7.07,Medium,8811.0,0.65,0.7,0.1
PRJ-0486,School/College,Rajasthan,13834,14,12,20,119,Skilled,Poor,River Sand,88.3,103.14,16.8,High,26712.0,0.65,0.0,0.9
PRJ-0487,Bridge Construction,Jharkhand,30828,28,4,19,238,Unskilled,Good,TMT Steel,83.2,88.97,6.93,Medium,357740.0,0.42,0.05,0.3
PRJ-0488,Metro Rail,Telangana,40282,59,12,8,82,Unskilled,Excellent,Fly Ash Bricks,1022.0,1185.29,15.98,High,1306.0,0.7,0.0,0.6
PRJ-0489,Bridge Construction,Tamil Nadu,42996,21,3,15,419,Unskilled,Average,AAC Blocks,618.0,686.44,11.07,Medium,3764.0,0.75,0.0,0.2
PRJ-0490,Industrial Warehouse,Maharashtra,3337,15,2,16,225,Unskilled,Average,Fly Ash Bricks,160.0,191.51,19.7,High,252.0,0.78,0.0,0.6
PRJ-0491,Metro Rail,Rajasthan,9296,18,3,13,113,Semi-skilled,Good,Plywood,452.0,540.52,19.58,High,8409.0,0.65,0.0,0.8
PRJ-0492,Commercial Complex,Telangana,16684,22,4,20,427,Unskilled,Poor,Structural Steel,12.7,13.6,7.05,Medium,67500.0,0.7,0.05,0.2
PRJ-0493,Hospital,Tamil Nadu,4753,11,12,16,210,Unskilled,Average,Structural Steel,42.0,45.0,7.13,Medium,225000.0,0.75,0.0,0.2
PRJ-0494,Bridge Construction,West Bengal,14905,60,6,28,280,Semi-skilled,Average,Structural Steel,62.2,64.52,3.73,Low,174000.0,0.62,0.7,0.2
PRJ-0495,Commercial Complex,Haryana,24977,12,3,29,337,Unskilled,Average,Coarse Aggregate,80.3,88.86,10.66,Medium,10272.0,0.71,0.0,0.5
PRJ-0496,Residential Apartment,Maharashtra,21434,17,10,22,399,Skilled,Excellent,AAC Blocks,947.0,965.87,1.99,Low,1038.0,0.78,0.2,0.2
PRJ-0497,Industrial Warehouse,Rajasthan,4130,13,1,23,74,Unskilled,Good,AAC Blocks,757.0,816.34,7.84,Medium,3264.0,0.65,0.0,0.2
PRJ-0498,Metro Rail,Maharashtra,11166,35,6,7,388,Skilled,Poor,Plywood,529.0,677.15,28.0,High,14074.0,0.78,0.7,0.8
PRJ-0499,Commercial Complex,Rajasthan,23829,13,4,17,455,Unskilled,Excellent,Electrical Cable,452.0,474.78,5.04,Medium,50116.0,0.65,0.05,0.1
PRJ-0500,Industrial Warehouse,Rajasthan,10919,12,8,12,374,Semi-skilled,Good,River Sand,27.2,32.38,19.06,High,9324.0,0.65,0.85,0.9
PRJ-0501,Commercial Complex,Madhya Pradesh,9741,34,9,27,150,Semi-skilled,Good,Paint,881.0,937.32,6.39,Medium,15770.0,0.55,0.6,0.1
PRJ-0502,School/College,Odisha,10678,13,2,24,494,Expert,Average,HDPE Pipes,2016.0,2142.13,6.26,Medium,56759.0,0.5,0.0,0.1
PRJ-0503,Hospital,West Bengal,8068,23,1,21,215,Skilled,Poor,Coarse Aggregate,93.2,99.09,6.32,Medium,7068.0,0.62,0.0,0.5
PRJ-0504,Road & Highway,Odisha,43594,55,3,18,240,Unskilled,Average,Vitrified Tiles,394.0,433.41,10.0,Medium,25617.0,0.5,0.0,0.2
PRJ-0505,Residential Apartment,Karnataka,17311,34,6,18,360,Unskilled,Average,TMT Steel,50.9,54.72,7.51,Medium,236840.0,0.72,0.7,0.3
PRJ-0506,School/College,Uttar Pradesh,9248,19,11,24,289,Semi-skilled,Good,HDPE Pipes,243.0,254.57,4.76,Low,5206.0,0.58,0.05,0.1
PRJ-0507,Industrial Warehouse,Odisha,12460,21,6,23,426,Semi-skilled,Average,River Sand,21.9,26.22,19.72,High,7776.0,0.5,0.7,0.9
PRJ-0508,Residential Apartment,Punjab,10720,24,9,16,84,Semi-skilled,Good,AAC Blocks,200.0,210.43,5.21,Medium,574.0,0.74,0.6,0.2
PRJ-0509,Bridge Construction,Haryana,46788,38,4,24,211,Unskilled,Average,River Sand,17.1,20.38,19.19,High,5904.0,0.71,0.05,0.9
PRJ-0510,School/College,Karnataka,4007,19,3,1,406,Unskilled,Poor,Paint,167.0,188.85,13.08,Medium,6118.0,0.72,0.0,0.1
PRJ-0511,Data Center,Karnataka,8327,13,5,18,230,Unskilled,Good,River Sand,44.7,52.55,17.56,High,14130.0,0.72,0.15,0.9
PRJ-0512,Residential Apartment,Tamil Nadu,7325,19,3,30,160,Unskilled,Average,River Sand,110.4,131.7,19.29,High,38340.0,0.75,0.0,0.9
PRJ-0513,Residential Apartment,Odisha,21840,34,1,21,233,Unskilled,Good,Electrical Cable,865.0,912.45,5.49,Medium,104390.0,0.5,0.0,0.1
PRJ-0514,Residential Apartment,Karnataka,15058,12,7,9,490,Skilled,Average,TMT Steel,40.1,42.83,6.81,Medium,169260.0,0.72,0.9,0.3
PRJ-0515,Metro Rail,Bihar,17131,22,4,16,448,Unskilled,Poor,Paint,1345.0,1450.64,7.85,Medium,29579.0,0.45,0.05,0.1
PRJ-0516,Road & Highway,Telangana,8270,23,2,19,132,Unskilled,Good,HDPE Pipes,782.0,825.2,5.52,Medium,19440.0,0.7,0.0,0.1
PRJ-0517,Industrial Warehouse,Karnataka,5880,22,3,3,64,Expert,Poor,TMT Steel,8.0,8.58,7.3,Medium,35960.0,0.72,0.0,0.3
PRJ-0518,Residential Apartment,Bihar,19330,16,1,15,268,Semi-skilled,Average,Fly Ash Bricks,1251.0,1470.95,17.58,High,1760.0,0.45,0.0,0.6
PRJ-0519,Data Center,Tamil Nadu,13261,21,11,27,450,Unskilled,Excellent,River Sand,24.1,27.99,16.15,High,7002.0,0.75,0.05,0.9
PRJ-0520,Data Center,Rajasthan,12611,24,4,23,500,Unskilled,Poor,AAC Blocks,2150.0,2381.17,10.75,Medium,12714.0,0.65,0.05,0.2
PRJ-0521,Road & Highway,West Bengal,18099,35,3,14,66,Unskilled,Average,River Sand,27.0,32.94,21.98,High,10692.0,0.62,0.0,0.9
PRJ-0522,Road & Highway,Kerala,18473,30,2,26,230,Unskilled,Average,Vitrified Tiles,173.0,199.46,15.3,High,17199.0,0.68,0.0,0.2
PRJ-0523,Bridge Construction,Rajasthan,11104,45,12,10,90,Expert,Good,Structural Steel,35.8,37.36,4.36,Low,117000.0,0.65,0.0,0.2
PRJ-0524,Metro Rail,Rajasthan,12622,30,5,15,111,Semi-skilled,Good,Structural Steel,20.1,20.93,4.11,Low,62250.0,0.65,0.15,0.2
PRJ-0525,School/College,Uttar Pradesh,7884,9,8,14,459,Semi-skilled,Good,Vitrified Tiles,1477.0,1599.98,8.33,Medium,79937.0,0.58,0.85,0.2
PRJ-0526,Bridge Construction,Karnataka,7949,35,10,29,239,Skilled,Average,AAC Blocks,2900.0,3047.93,5.1,Medium,8136.0,0.72,0.2,0.2
PRJ-0527,Commercial Complex,Madhya Pradesh,16463,12,9,3,447,Skilled,Average,Vitrified Tiles,117.0,128.2,9.58,Medium,7280.0,0.55,0.6,0.2
PRJ-0528,Road & Highway,Karnataka,16976,20,5,29,106,Unskilled,Poor,Fly Ash Bricks,1431.0,1637.72,14.45,Medium,1654.0,0.72,0.15,0.6
PRJ-0529,Bridge Construction,Odisha,10096,49,5,6,132,Unskilled,Average,AAC Blocks,1725.0,1893.73,9.78,Medium,9280.0,0.5,0.15,0.2
PRJ-0530,Road & Highway,Madhya Pradesh,42525,34,7,15,311,Skilled,Poor,AAC Blocks,526.0,581.78,10.61,Medium,3068.0,0.55,0.9,0.2
PRJ-0531,Bridge Construction,Odisha,29230,32,9,13,451,Skilled,Average,Vitrified Tiles,1389.0,1487.33,7.08,Medium,63914.0,0.5,0.6,0.2
PRJ-0532,Residential Apartment,Rajasthan,17322,17,12,7,284,Unskilled,Good,OPC Cement,155.5,185.1,19.03,High,11248.0,0.65,0.0,0.7
PRJ-0533,Residential Apartment,Maharashtra,13105,19,10,17,467,Unskilled,Good,Electrical Cable,559.0,605.73,8.36,Medium,102806.0,0.78,0.2,0.1
PRJ-0534,Bridge Construction,Karnataka,30612,35,2,8,184,Skilled,Average,TMT Steel,52.6,56.48,7.37,Medium,240560.0,0.72,0.0,0.3
PRJ-0535,Road & Highway,West Bengal,10089,34,9,22,238,Unskilled,Average,Plywood,730.0,915.97,25.48,High,17667.0,0.62,0.6,0.8
PRJ-0536,Data Center,Punjab,5810,15,2,15,278,Expert,Average,Fly Ash Bricks,996.0,1103.25,10.77,Medium,858.0,0.74,0.0,0.6
PRJ-0537,Road & Highway,West Bengal,30964,42,1,3,297,Skilled,Good,AAC Blocks,2055.0,2205.38,7.32,Medium,8271.0,0.62,0.0,0.2
PRJ-0538,Data Center,Rajasthan,14911,22,7,5,367,Skilled,Good,Structural Steel,39.6,40.63,2.59,Low,77250.0,0.65,0.9,0.2
PRJ-0539,School/College,Haryana,7025,17,2,29,375,Unskilled,Average,HDPE Pipes,766.0,810.27,5.78,Medium,19921.0,0.71,0.0,0.1
PRJ-0540,Residential Apartment,Maharashtra,16837,27,3,30,376,Unskilled,Good,TMT Steel,124.8,131.62,5.46,Medium,422840.0,0.78,0.0,0.3
PRJ-0541,School/College,Rajasthan,1671,22,6,21,450,Skilled,Average,Fly Ash Bricks,1443.0,1589.09,10.12,Medium,1169.0,0.65,0.7,0.6
PRJ-0542,Road & Highway,Uttar Pradesh,33075,20,7,11,480,Unskilled,Good,Electrical Cable,4248.0,4550.53,7.12,Medium,665566.0,0.58,0.9,0.1
PRJ-0543,Bridge Construction,Haryana,43806,50,7,8,128,Unskilled,Average,Electrical Cable,2899.0,3132.18,8.04,Medium,512996.0,0.71,0.9,0.1
PRJ-0544,Road & Highway,Maharashtra,35867,25,7,18,497,Unskilled,Good,Structural Steel,48.4,50.67,4.69,Low,170250.0,0.78,0.9,0.2
PRJ-0545,Data Center,Haryana,10414,16,8,25,61,Semi-skilled,Good,Electrical Cable,1817.0,1967.34,8.27,Medium,330748.0,0.71,0.85,0.1
PRJ-0546,School/College,Kerala,8059,18,9,7,277,Skilled,Good,TMT Steel,177.1,183.43,3.58,Low,392460.0,0.68,0.6,0.3
PRJ-0547,Data Center,West Bengal,10382,21,4,7,175,Semi-skilled,Poor,HDPE Pipes,243.0,261.53,7.63,Medium,8338.0,0.62,0.05,0.1
PRJ-0548,School/College,Odisha,7550,8,8,24,452,Unskilled,Excellent,AAC Blocks,217.0,237.72,9.55,Medium,1140.0,0.5,0.85,0.2
PRJ-0549,Residential Apartment,Jharkhand,22866,21,11,19,90,Unskilled,Poor,Electrical Cable,544.0,587.99,8.09,Medium,96778.0,0.42,0.05,0.1
PRJ-0550,Residential Apartment,Rajasthan,20383,25,11,25,378,Skilled,Average,Structural Steel,18.6,19.3,3.76,Low,52500.0,0.65,0.05,0.2
PRJ-0551,Hospital,Maharashtra,7402,14,7,6,449,Unskilled,Poor,River Sand,73.4,92.48,25.99,High,34344.0,0.78,0.9,0.9
PRJ-0552,Residential Apartment,West Bengal,21012,30,4,6,412,Skilled,Good,OPC Cement,33.2,37.19,12.02,Medium,1516.0,0.62,0.05,0.7
PRJ-0553,School/College,Haryana,9036,11,3,18,98,Unskilled,Average,Coarse Aggregate,176.5,197.05,11.64,Medium,24660.0,0.71,0.0,0.5
PRJ-0554,Road & Highway,West Bengal,34985,18,2,18,236,Skilled,Average,Fly Ash Bricks,111.0,126.34,13.82,Medium,123.0,0.62,0.0,0.6
PRJ-0555,Industrial Warehouse,Bihar,5783,13,10,1,125,Semi-skilled,Average,Plywood,737.0,955.37,29.63,High,20745.0,0.45,0.2,0.8
PRJ-0556,Road & Highway,Haryana,49208,33,2,11,174,Semi-skilled,Average,Paint,1479.0,1590.03,7.51,Medium,31088.0,0.71,0.0,0.1
PRJ-0557,Residential Apartment,Tamil Nadu,13756,36,5,19,332,Expert,Average,Structural Steel,229.4,232.73,1.45,Low,249750.0,0.75,0.15,0.2
PRJ-0558,Industrial Warehouse,Tamil Nadu,6570,22,10,7,21,Unskilled,Excellent,HDPE Pipes,7388.0,7958.16,7.72,Medium,256572.0,0.75,0.2,0.1
PRJ-0559,Industrial Warehouse,Rajasthan,10198,24,4,24,417,Unskilled,Good,TMT Steel,126.8,132.85,4.77,Low,375100.0,0.65,0.05,0.3
PRJ-0560,Industrial Warehouse,Odisha,12113,10,12,15,391,Semi-skilled,Average,HDPE Pipes,1467.0,1561.06,6.41,Medium,42327.0,0.5,0.0,0.1
PRJ-0561,Residential Apartment,Bihar,14350,32,11,9,359,Unskilled,Poor,Plywood,1063.0,1525.02,43.46,High,43892.0,0.45,0.05,0.8
PRJ-0562,School/College,Telangana,2686,20,1,21,455,Unskilled,Good,Paint,1876.0,2010.68,7.18,Medium,37710.0,0.7,0.0,0.1
PRJ-0563,Industrial Warehouse,Haryana,9372,10,11,11,20,Unskilled,Average,TMT Steel,52.0,56.02,7.72,Medium,249240.0,0.71,0.05,0.3
PRJ-0564,Commercial Complex,West Bengal,21630,16,1,14,342,Unskilled,Average,TMT Steel,55.8,58.57,4.97,Low,171740.0,0.62,0.0,0.3
PRJ-0565,Road & Highway,Maharashtra,46228,52,9,2,285,Semi-skilled,Good,OPC Cement,14.7,16.2,10.19,Medium,570.0,0.78,0.6,0.7
PRJ-0566,Hospital,Karnataka,3461,24,7,6,327,Expert,Average,Plywood,1611.0,1936.3,20.19,High,30903.0,0.72,0.9,0.8
PRJ-0567,Bridge Construction,Jharkhand,39509,38,5,25,35,Semi-skilled,Poor,River Sand,77.8,91.46,17.55,High,24588.0,0.42,0.15,0.9
PRJ-0568,School/College,Madhya Pradesh,10493,18,11,19,114,Semi-skilled,Average,Fly Ash Bricks,1620.0,1845.44,13.92,Medium,1804.0,0.55,0.05,0.6
PRJ-0569,Commercial Complex,Tamil Nadu,19689,12,7,14,499,Semi-skilled,Poor,Vitrified Tiles,826.0,959.64,16.18,High,86866.0,0.75,0.9,0.2
PRJ-0570,Data Center,Jharkhand,3809,23,2,13,220,Unskilled,Average,HDPE Pipes,4378.0,4681.59,6.93,Medium,136616.0,0.42,0.0,0.1
PRJ-0571,Industrial Warehouse,Jharkhand,4933,11,1,15,49,Semi-skilled,Good,Structural Steel,92.5,95.5,3.24,Low,225000.0,0.42,0.0,0.2
PRJ-0572,Road & Highway,Kerala,23390,35,5,7,186,Skilled,Average,Plywood,7147.0,9134.07,27.8,High,188772.0,0.68,0.15,0.8
PRJ-0573,Industrial Warehouse,Kerala,6472,24,5,22,440,Skilled,Good,OPC Cement,63.7,68.02,6.78,Medium,1642.0,0.68,0.15,0.7
PRJ-0574,Industrial Warehouse,Maharashtra,13228,17,12,26,358,Expert,Poor,River Sand,6.6,7.4,12.07,Medium,1440.0,0.78,0.0,0.9
PRJ-0575,Metro Rail,Gujarat,44103,19,7,19,66,Expert,Poor,Coarse Aggregate,349.0,377.49,8.16,Medium,34188.0,0.82,0.9,0.5
PRJ-0576,Hospital,Uttar Pradesh,1146,13,4,18,485,Unskilled,Average,Paint,344.0,365.92,6.37,Medium,6138.0,0.58,0.05,0.1
PRJ-0577,Residential Apartment,Gujarat,14344,32,10,25,249,Unskilled,Excellent,Fly Ash Bricks,180.0,207.99,15.55,High,224.0,0.82,0.2,0.6
PRJ-0578,Road & Highway,Bihar,13713,37,6,2,200,Unskilled,Good,Structural Steel,14.9,15.67,5.14,Medium,57750.0,0.45,0.7,0.2
PRJ-0579,Bridge Construction,Madhya Pradesh,39916,46,2,26,208,Skilled,Average,TMT Steel,17.3,18.09,4.58,Low,48980.0,0.55,0.0,0.3
PRJ-0580,Road & Highway,Jharkhand,22824,50,7,18,95,Unskilled,Good,Vitrified Tiles,50.0,53.06,6.12,Medium,1989.0,0.42,0.9,0.2
PRJ-0581,Hospital,West Bengal,9483,19,4,9,500,Semi-skilled,Average,Coarse Aggregate,22.4,25.03,11.76,Medium,3156.0,0.62,0.05,0.5
PRJ-0582,Industrial Warehouse,Gujarat,1629,20,7,13,433,Semi-skilled,Good,HDPE Pipes,373.0,397.71,6.62,Medium,11119.0,0.82,0.9,0.1
PRJ-0583,Data Center,Rajasthan,2207,12,10,12,317,Unskilled,Good,Plywood,349.0,441.57,26.53,High,8794.0,0.65,0.2,0.8
PRJ-0584,Industrial Warehouse,Karnataka,1827,16,12,6,329,Semi-skilled,Poor,Structural Steel,212.1,223.26,5.26,Medium,837000.0,0.72,0.0,0.2
PRJ-0585,Industrial Warehouse,Maharashtra,7831,20,7,3,252,Expert,Average,Structural Steel,29.7,31.2,5.07,Medium,112500.0,0.78,0.9,0.2
PRJ-0586,Industrial Warehouse,Gujarat,7176,12,6,19,488,Semi-skilled,Good,Paint,1611.0,1678.84,4.21,Low,18995.0,0.82,0.7,0.1
PRJ-0587,School/College,Gujarat,6252,23,4,28,224,Semi-skilled,Average,Electrical Cable,528.0,569.06,7.78,Medium,90332.0,0.82,0.05,0.1
PRJ-0588,Hospital,Telangana,7097,21,3,1,174,Unskilled,Average,River Sand,43.4,53.07,22.29,High,17406.0,0.7,0.0,0.9
PRJ-0589,Residential Apartment,Madhya Pradesh,21923,19,5,4,187,Unskilled,Average,Coarse Aggregate,53.2,58.96,10.82,Medium,6912.0,0.55,0.15,0.5
PRJ-0590,Commercial Complex,Karnataka,15187,12,3,1,22,Skilled,Average,TMT Steel,148.6,156.35,5.21,Medium,480500.0,0.72,0.0,0.3
PRJ-0591,Hospital,Haryana,3405,10,7,26,176,Semi-skilled,Good,TMT Steel,31.6,32.7,3.49,Low,68200.0,0.71,0.9,0.3
PRJ-0592,Bridge Construction,Punjab,9634,31,10,10,80,Unskilled,Average,Vitrified Tiles,1592.0,1775.27,11.51,Medium,119125.0,0.74,0.2,0.2
PRJ-0593,Hospital,Uttar Pradesh,11413,23,3,5,36,Semi-skilled,Average,Plywood,48.0,54.47,13.48,Medium,615.0,0.58,0.0,0.8
PRJ-0594,Metro Rail,Jharkhand,30149,37,11,6,400,Skilled,Excellent,River Sand,37.7,43.31,14.89,Medium,10098.0,0.42,0.05,0.9
PRJ-0595,Bridge Construction,Haryana,26594,57,1,23,352,Unskilled,Average,Coarse Aggregate,70.0,76.41,9.16,Medium,7692.0,0.71,0.0,0.5
PRJ-0596,Metro Rail,Jharkhand,7030,54,4,30,268,Expert,Average,OPC Cement,31.4,33.6,7.0,Medium,836.0,0.42,0.05,0.7
PRJ-0597,Bridge Construction,Madhya Pradesh,31258,26,10,30,500,Semi-skilled,Excellent,HDPE Pipes,2031.0,2149.76,5.85,Medium,53442.0,0.55,0.2,0.1
PRJ-0598,Residential Apartment,Kerala,15182,29,6,5,470,Unskilled,Average,AAC Blocks,299.0,330.23,10.44,Medium,1718.0,0.68,0.7,0.2
PRJ-0599,Road & Highway,Kerala,34397,57,1,14,229,Unskilled,Average,Vitrified Tiles,103.0,116.35,12.96,Medium,8677.0,0.68,0.0,0.2
PRJ-0600,Metro Rail,West Bengal,47705,59,3,25,168,Skilled,Poor,Coarse Aggregate,11.0,11.71,6.48,Medium,852.0,0.62,0.0,0.5
PRJ-0601,Bridge Construction,West Bengal,12898,28,5,11,135,Expert,Good,Electrical Cable,880.0,949.08,7.85,Medium,151976.0,0.62,0.15,0.1
PRJ-0602,Metro Rail,Jharkhand,11352,18,7,2,274,Semi-skilled,Poor,River Sand,56.9,74.44,30.82,High,31572.0,0.42,0.9,0.9
PRJ-0603,Commercial Complex,West Bengal,4035,19,6,14,64,Skilled,Good,River Sand,38.0,44.4,16.83,High,11520.0,0.62,0.7,0.9
PRJ-0604,Residential Apartment,Karnataka,12928,31,12,24,447,Semi-skilled,Good,Vitrified Tiles,459.0,485.67,5.81,Medium,17336.0,0.72,0.0,0.2
PRJ-0605,Road & Highway,Madhya Pradesh,17673,31,8,15,40,Unskilled,Good,Fly Ash Bricks,871.0,1020.32,17.14,High,1195.0,0.55,0.85,0.6
PRJ-0606,Bridge Construction,Rajasthan,23783,53,8,20,20,Skilled,Average,TMT Steel,73.1,76.94,5.26,Medium,238080.0,0.65,0.85,0.3
PRJ-0607,Hospital,Punjab,7815,12,9,25,135,Unskilled,Poor,TMT Steel,64.4,70.44,9.38,Medium,374480.0,0.74,0.6,0.3
PRJ-0608,Hospital,Bihar,2248,10,6,26,261,Semi-skilled,Excellent,Paint,1053.0,1097.13,4.19,Low,12356.0,0.45,0.7,0.1
PRJ-0609,School/College,Jharkhand,2471,23,6,23,142,Expert,Poor,HDPE Pipes,2284.0,2448.81,7.22,Medium,74164.0,0.42,0.7,0.1
PRJ-0610,Metro Rail,Tamil Nadu,28047,42,5,7,150,Unskilled,Good,HDPE Pipes,978.0,1042.69,6.61,Medium,29111.0,0.75,0.15,0.1
PRJ-0611,Metro Rail,Madhya Pradesh,27564,40,1,18,399,Unskilled,Good,OPC Cement,15.2,17.14,12.74,Medium,737.0,0.55,0.0,0.7
PRJ-0612,Metro Rail,Haryana,22076,35,8,23,429,Semi-skilled,Good,Coarse Aggregate,25.0,27.04,8.17,Medium,2448.0,0.71,0.85,0.5
PRJ-0613,Commercial Complex,Haryana,3536,32,7,16,440,Semi-skilled,Poor,TMT Steel,90.7,98.92,9.06,Medium,509640.0,0.71,0.9,0.3
PRJ-0614,Road & Highway,Haryana,25413,38,1,29,179,Unskilled,Average,TMT Steel,249.0,262.25,5.32,Medium,821500.0,0.71,0.0,0.3
PRJ-0615,Road & Highway,Telangana,40778,27,12,6,61,Skilled,Poor,Coarse Aggregate,43.4,48.22,11.1,Medium,5784.0,0.7,0.0,0.5
PRJ-0616,Data Center,Bihar,13569,9,3,8,283,Unskilled,Good,HDPE Pipes,2065.0,2214.97,7.26,Medium,67486.0,0.45,0.0,0.1
PRJ-0617,Data Center,Kerala,11294,8,5,22,247,Semi-skilled,Poor,Structural Steel,98.8,103.47,4.73,Low,350250.0,0.68,0.15,0.2
PRJ-0618,Metro Rail,Karnataka,27147,23,10,29,215,Unskilled,Average,Vitrified Tiles,2951.0,3226.03,9.32,Medium,178770.0,0.72,0.2,0.2
PRJ-0619,Road & Highway,Jharkhand,20514,39,4,24,233,Unskilled,Poor,Coarse Aggregate,14.4,15.82,9.87,Medium,1704.0,0.42,0.05,0.5
PRJ-0620,Hospital,Rajasthan,14926,8,5,17,484,Semi-skilled,Poor,Structural Steel,30.9,32.21,4.25,Low,98250.0,0.65,0.15,0.2
PRJ-0621,Hospital,Maharashtra,12793,23,9,2,325,Unskilled,Excellent,Paint,1803.0,1916.96,6.32,Medium,31909.0,0.78,0.6,0.1
PRJ-0622,Commercial Complex,Telangana,22156,14,12,18,449,Semi-skilled,Good,Fly Ash Bricks,1869.0,2052.06,9.79,Medium,1464.0,0.7,0.0,0.6
PRJ-0623,Road & Highway,Tamil Nadu,18087,27,2,26,219,Unskilled,Poor,HDPE Pipes,2667.0,2905.39,8.94,Medium,107275.0,0.75,0.0,0.1
PRJ-0624,Bridge Construction,Madhya Pradesh,41757,21,6,11,103,Skilled,Poor,Plywood,252.0,323.07,28.2,High,6752.0,0.55,0.7,0.8
PRJ-0625,Commercial Complex,Tamil Nadu,23502,24,10,2,171,Expert,Good,Plywood,326.0,375.15,15.08,High,4669.0,0.75,0.2,0.8
PRJ-0626,Industrial Warehouse,Karnataka,6137,15,1,20,483,Semi-skilled,Poor,Electrical Cable,1226.0,1341.75,9.44,Medium,254650.0,0.72,0.0,0.1
PRJ-0627,Bridge Construction,Uttar Pradesh,23252,36,12,16,391,Semi-skilled,Good,HDPE Pipes,60.0,62.89,4.82,Low,1301.0,0.58,0.0,0.1
PRJ-0628,Industrial Warehouse,Haryana,4222,10,11,15,404,Unskilled,Average,OPC Cement,35.6,42.15,18.39,High,2489.0,0.71,0.05,0.7
PRJ-0629,Metro Rail,Punjab,42786,35,4,14,468,Skilled,Good,Structural Steel,28.2,29.86,5.9,Medium,124500.0,0.74,0.05,0.2
PRJ-0630,Industrial Warehouse,Jharkhand,3945,15,7,11,379,Skilled,Average,TMT Steel,18.5,19.22,3.91,Low,44640.0,0.42,0.9,0.3
PRJ-0631,Metro Rail,Gujarat,14035,42,1,3,398,Semi-skilled,Poor,AAC Blocks,309.0,344.44,11.47,Medium,1949.0,0.82,0.0,0.2
PRJ-0632,Hospital,Jharkhand,8346,8,9,7,484,Unskilled,Average,AAC Blocks,126.0,143.82,14.14,Medium,980.0,0.42,0.6,0.2
PRJ-0633,Residential Apartment,Bihar,3360,24,4,13,142,Unskilled,Poor,TMT Steel,90.9,97.36,7.1,Medium,400520.0,0.45,0.05,0.3
PRJ-0634,Industrial Warehouse,Punjab,11503,10,9,21,344,Unskilled,Good,Vitrified Tiles,702.0,778.99,10.97,Medium,50044.0,0.74,0.6,0.2
PRJ-0635,School/College,Telangana,1179,14,2,19,42,Semi-skilled,Excellent,TMT Steel,44.8,45.88,2.41,Low,66960.0,0.7,0.0,0.3
PRJ-0636,Road & Highway,Kerala,14382,41,1,5,31,Semi-skilled,Average,Paint,365.0,397.06,8.78,Medium,8977.0,0.68,0.0,0.1
PRJ-0637,Road & Highway,Odisha,29315,54,8,15,376,Semi-skilled,Poor,OPC Cement,61.8,69.58,12.59,Medium,2956.0,0.5,0.85,0.7
PRJ-0638,Industrial Warehouse,Bihar,1811,21,1,2,88,Skilled,Average,Electrical Cable,2627.0,2854.85,8.67,Medium,501270.0,0.45,0.0,0.1
PRJ-0639,Bridge Construction,Kerala,21894,35,6,21,322,Expert,Poor,Fly Ash Bricks,950.0,1080.51,13.74,Medium,1044.0,0.68,0.7,0.6
PRJ-0640,School/College,Telangana,12362,17,5,30,188,Unskilled,Poor,HDPE Pipes,175.0,186.88,6.79,Medium,5346.0,0.7,0.15,0.1
PRJ-0641,Residential Apartment,Kerala,5957,34,9,18,324,Unskilled,Average,HDPE Pipes,352.0,374.99,6.53,Medium,10346.0,0.68,0.6,0.1
PRJ-0642,Road & Highway,Rajasthan,26638,43,5,13,100,Skilled,Average,Plywood,3433.0,4322.77,25.92,High,84528.0,0.65,0.15,0.8
PRJ-0643,Metro Rail,Karnataka,37330,57,2,16,46,Unskilled,Average,TMT Steel,45.9,49.76,8.4,Medium,239320.0,0.72,0.0,0.3
PRJ-0644,Road & Highway,Odisha,11720,44,7,27,91,Unskilled,Average,Electrical Cable,913.0,990.08,8.44,Medium,169576.0,0.5,0.9,0.1
PRJ-0645,Residential Apartment,Rajasthan,22982,16,8,25,235,Skilled,Average,River Sand,34.8,43.05,23.72,High,14850.0,0.65,0.85,0.9
PRJ-0646,Road & Highway,Uttar Pradesh,28984,50,2,12,33,Unskilled,Excellent,Plywood,2305.0,2831.32,22.83,High,50000.0,0.58,0.0,0.8
PRJ-0647,Residential Apartment,Tamil Nadu,9549,33,8,24,345,Expert,Average,OPC Cement,142.4,152.23,6.9,Medium,3735.0,0.75,0.85,0.7
PRJ-0648,Metro Rail,Bihar,27731,51,1,15,312,Unskilled,Poor,Fly Ash Bricks,549.0,673.51,22.68,High,996.0,0.45,0.0,0.6
PRJ-0649,Bridge Construction,Tamil Nadu,21075,55,4,11,177,Unskilled,Average,Paint,660.0,703.03,6.52,Medium,12048.0,0.75,0.05,0.1
PRJ-0650,Data Center,Rajasthan,13211,19,12,7,69,Semi-skilled,Average,Electrical Cable,415.0,443.95,6.98,Medium,63690.0,0.65,0.0,0.1
PRJ-0651,Residential Apartment,Uttar Pradesh,17080,15,12,19,497,Semi-skilled,Good,HDPE Pipes,739.0,784.09,6.1,Medium,20291.0,0.58,0.0,0.1
PRJ-0652,School/College,Bihar,13183,17,7,28,387,Unskilled,Poor,AAC Blocks,834.0,917.71,10.04,Medium,4604.0,0.45,0.9,0.2
PRJ-0653,Data Center,Haryana,10072,15,2,7,471,Unskilled,Average,Fly Ash Bricks,560.0,638.32,13.98,Medium,627.0,0.71,0.0,0.6
PRJ-0654,School/College,West Bengal,9961,8,7,12,371,Semi-skilled,Good,Coarse Aggregate,286.3,317.38,10.86,Medium,37296.0,0.62,0.9,0.5
PRJ-0655,Hospital,Jharkhand,14128,10,8,18,155,Unskilled,Poor,Plywood,3016.0,4233.63,40.37,High,115675.0,0.42,0.85,0.8
PRJ-0656,Commercial Complex,Telangana,7372,12,3,20,204,Unskilled,Poor,Coarse Aggregate,14.7,16.5,12.23,Medium,2160.0,0.7,0.0,0.5
PRJ-0657,Industrial Warehouse,Punjab,10891,23,12,7,422,Semi-skilled,Poor,Structural Steel,77.3,81.34,5.23,Medium,303000.0,0.74,0.0,0.2
PRJ-0658,Bridge Construction,Rajasthan,17192,53,1,30,88,Unskilled,Good,Structural Steel,7.1,7.36,3.71,Low,19500.0,0.65,0.0,0.2
PRJ-0659,Hospital,Bihar,10727,13,10,9,104,Unskilled,Excellent,Vitrified Tiles,1230.0,1341.95,9.1,Medium,72768.0,0.45,0.2,0.2
PRJ-0660,Industrial Warehouse,Gujarat,9764,18,12,21,92,Unskilled,Poor,River Sand,231.7,289.53,24.96,High,104094.0,0.82,0.0,0.9
PRJ-0661,Residential Apartment,Telangana,10236,34,2,1,53,Unskilled,Poor,River Sand,38.0,47.21,24.24,High,16578.0,0.7,0.0,0.9
PRJ-0662,School/College,Rajasthan,3265,14,5,10,273,Semi-skilled,Average,HDPE Pipes,4614.0,4760.97,3.19,Low,66137.0,0.65,0.15,0.1
PRJ-0663,Industrial Warehouse,Haryana,1148,23,10,11,439,Unskilled,Poor,Fly Ash Bricks,566.0,666.67,17.79,High,805.0,0.71,0.2,0.6
PRJ-0664,Metro Rail,Karnataka,8773,46,7,11,243,Semi-skilled,Average,OPC Cement,35.7,40.24,12.72,Medium,1725.0,0.72,0.9,0.7
PRJ-0665,Road & Highway,Madhya Pradesh,13147,19,4,1,386,Skilled,Good,Coarse Aggregate,126.3,142.48,12.81,Medium,19416.0,0.55,0.05,0.5
PRJ-0666,Road & Highway,Kerala,17078,45,3,21,391,Skilled,Excellent,Electrical Cable,1170.0,1214.73,3.82,Low,98406.0,0.68,0.0,0.1
PRJ-0667,Hospital,West Bengal,4577,14,8,3,232,Skilled,Average,TMT Steel,81.5,87.51,7.38,Medium,372620.0,0.62,0.85,0.3
PRJ-0668,Data Center,Bihar,12962,23,5,1,493,Skilled,Poor,HDPE Pipes,327.0,343.71,5.11,Medium,7519.0,0.45,0.15,0.1
PRJ-0669,Metro Rail,Maharashtra,29802,20,4,11,334,Unskilled,Average,Fly Ash Bricks,336.0,397.03,18.16,High,488.0,0.78,0.05,0.6
PRJ-0670,Industrial Warehouse,Kerala,2389,9,5,21,262,Skilled,Average,TMT Steel,30.7,32.47,5.75,Medium,109740.0,0.68,0.15,0.3
PRJ-0671,Industrial Warehouse,Haryana,5427,8,8,22,351,Skilled,Average,AAC Blocks,353.0,378.21,7.14,Medium,1387.0,0.71,0.85,0.2
PRJ-0672,School/College,Karnataka,8429,21,7,5,210,Semi-skilled,Poor,Structural Steel,29.8,32.06,7.59,Medium,169500.0,0.72,0.9,0.2
PRJ-0673,Industrial Warehouse,Maharashtra,5015,20,1,7,432,Semi-skilled,Excellent,Plywood,5671.0,6322.47,11.49,Medium,61890.0,0.78,0.0,0.8
PRJ-0674,Data Center,Haryana,7744,10,5,10,313,Unskilled,Average,Electrical Cable,874.0,955.85,9.37,Medium,180070.0,0.71,0.15,0.1
PRJ-0675,Road & Highway,Tamil Nadu,19259,55,9,23,414,Semi-skilled,Average,Vitrified Tiles,753.0,807.17,7.19,Medium,35210.0,0.75,0.6,0.2
PRJ-0676,School/College,Punjab,14797,10,5,9,326,Skilled,Average,TMT Steel,86.6,88.87,2.62,Low,140740.0,0.74,0.15,0.3
PRJ-0677,Metro Rail,Jharkhand,5931,36,6,20,379,Skilled,Poor,Structural Steel,74.9,79.03,5.52,Medium,309750.0,0.42,0.7,0.2
PRJ-0678,Data Center,Rajasthan,3089,12,4,24,133,Expert,Average,Structural Steel,133.5,136.67,2.37,Low,237750.0,0.65,0.05,0.2
PRJ-0679,Commercial Complex,Karnataka,7142,34,2,18,319,Semi-skilled,Good,Plywood,1141.0,1447.29,26.84,High,29098.0,0.72,0.0,0.8
PRJ-0680,Commercial Complex,Kerala,12798,31,2,10,307,Expert,Poor,TMT Steel,96.0,103.17,7.47,Medium,444540.0,0.68,0.0,0.3
PRJ-0681,Residential Apartment,Punjab,7978,33,2,15,243,Semi-skilled,Excellent,River Sand,267.4,306.22,14.52,Medium,69876.0,0.74,0.0,0.9
PRJ-0682,Industrial Warehouse,Haryana,14379,24,4,23,488,Unskilled,Average,River Sand,63.0,72.99,15.86,High,17982.0,0.71,0.05,0.9
PRJ-0683,Industrial Warehouse,Uttar Pradesh,12716,22,7,24,278,Semi-skilled,Poor,HDPE Pipes,401.0,436.44,8.84,Medium,15948.0,0.58,0.9,0.1
PRJ-0684,School/College,Madhya Pradesh,3109,14,3,15,289,Semi-skilled,Average,TMT Steel,16.5,17.59,6.61,Medium,67580.0,0.55,0.0,0.3
PRJ-0685,Metro Rail,Kerala,24013,22,9,13,287,Unskilled,Good,Paint,496.0,532.91,7.44,Medium,10335.0,0.68,0.6,0.1
PRJ-0686,Road & Highway,Punjab,21739,54,12,21,209,Unskilled,Average,Vitrified Tiles,146.0,158.01,8.23,Medium,7806.0,0.74,0.0,0.2
PRJ-0687,School/College,Jharkhand,7412,8,5,25,367,Unskilled,Average,Electrical Cable,791.0,840.67,6.28,Medium,109274.0,0.42,0.15,0.1
PRJ-0688,Bridge Construction,Telangana,17635,52,7,8,21,Skilled,Good,Electrical Cable,853.0,903.4,5.91,Medium,110880.0,0.7,0.9,0.1
PRJ-0689,Industrial Warehouse,Gujarat,14172,11,7,2,449,Semi-skilled,Average,River Sand,110.5,139.26,26.02,High,51768.0,0.82,0.9,0.9
PRJ-0690,Data Center,Tamil Nadu,7566,12,7,1,70,Unskilled,Average,AAC Blocks,257.0,290.42,13.0,Medium,1838.0,0.75,0.9,0.2
PRJ-0691,Hospital,Kerala,7657,16,9,11,275,Semi-skilled,Average,Structural Steel,75.8,79.21,4.5,Low,255750.0,0.68,0.6,0.2
PRJ-0692,Metro Rail,Uttar Pradesh,37344,40,6,4,108,Unskilled,Average,TMT Steel,127.8,138.61,8.46,Medium,670220.0,0.58,0.7,0.3
PRJ-0693,Residential Apartment,Maharashtra,19163,26,7,11,286,Skilled,Average,HDPE Pipes,1516.0,1589.96,4.88,Low,33282.0,0.78,0.9,0.1
PRJ-0694,Industrial Warehouse,Rajasthan,1941,19,11,3,232,Unskilled,Average,OPC Cement,15.3,18.17,18.76,High,1091.0,0.65,0.05,0.7
PRJ-0695,Industrial Warehouse,Karnataka,5956,16,5,3,414,Semi-skilled,Average,Fly Ash Bricks,5818.0,6879.09,18.24,High,8489.0,0.72,0.15,0.6
PRJ-0696,Residential Apartment,Karnataka,8605,28,4,14,487,Semi-skilled,Average,HDPE Pipes,898.0,938.33,4.49,Low,18149.0,0.72,0.05,0.1
PRJ-0697,Road & Highway,Jharkhand,35798,20,6,24,52,Semi-skilled,Excellent,Structural Steel,240.7,251.87,4.64,Low,837750.0,0.42,0.7,0.2
PRJ-0698,Road & Highway,Maharashtra,24549,35,10,5,489,Unskilled,Average,TMT Steel,18.9,20.01,5.89,Medium,68820.0,0.78,0.2,0.3
PRJ-0699,Industrial Warehouse,Maharashtra,6452,9,12,18,333,Semi-skilled,Poor,Vitrified Tiles,590.0,640.54,8.57,Medium,32851.0,0.78,0.0,0.2
PRJ-0700,Bridge Construction,Punjab,18932,35,2,22,316,Unskilled,Good,Plywood,397.0,511.46,28.83,High,10874.0,0.74,0.0,0.8
PRJ-0701,Commercial Complex,Jharkhand,17585,31,10,16,464,Skilled,Good,Vitrified Tiles,705.0,753.52,6.88,Medium,31538.0,0.42,0.2,0.2
PRJ-0702,Hospital,Karnataka,6515,12,5,18,157,Unskilled,Average,Vitrified Tiles,132.0,148.06,12.17,Medium,10439.0,0.72,0.15,0.2
PRJ-0703,Bridge Construction,Madhya Pradesh,24583,38,1,30,41,Semi-skilled,Average,Structural Steel,226.5,232.82,2.79,Low,474000.0,0.55,0.0,0.2
PRJ-0704,Hospital,Rajasthan,1232,18,9,16,347,Semi-skilled,Poor,Fly Ash Bricks,5099.0,6034.46,18.35,High,7484.0,0.65,0.6,0.6
PRJ-0705,Residential Apartment,Haryana,21152,32,6,25,300,Unskilled,Good,Structural Steel,31.5,32.77,4.03,Low,95250.0,0.71,0.7,0.2
PRJ-0706,Residential Apartment,Karnataka,22217,20,12,9,95,Semi-skilled,Good,TMT Steel,74.4,79.86,7.34,Medium,338520.0,0.72,0.0,0.3
PRJ-0707,Road & Highway,Tamil Nadu,39763,56,6,25,91,Unskilled,Average,TMT Steel,37.2,39.46,6.09,Medium,140120.0,0.75,0.7,0.3
PRJ-0708,Hospital,Gujarat,3516,9,5,8,69,Semi-skilled,Average,Electrical Cable,263.0,275.57,4.78,Low,27654.0,0.82,0.15,0.1
PRJ-0709,Hospital,Rajasthan,8156,22,9,12,332,Unskilled,Excellent,Plywood,129.0,167.94,30.19,High,3699.0,0.65,0.6,0.8
PRJ-0710,Bridge Construction,Tamil Nadu,32876,35,9,30,371,Semi-skilled,Poor,TMT Steel,141.1,149.5,5.95,Medium,520800.0,0.75,0.6,0.3
PRJ-0711,School/College,Madhya Pradesh,3115,18,12,26,348,Semi-skilled,Average,HDPE Pipes,760.0,811.75,6.81,Medium,23288.0,0.55,0.0,0.1
PRJ-0712,Bridge Construction,Tamil Nadu,32543,28,10,8,351,Skilled,Poor,Structural Steel,20.8,21.44,3.06,Low,48000.0,0.75,0.2,0.2
PRJ-0713,Residential Apartment,Punjab,13815,35,11,18,212,Semi-skilled,Good,River Sand,81.3,91.57,12.63,Medium,18486.0,0.74,0.05,0.9
PRJ-0714,Hospital,Bihar,5792,24,8,7,70,Skilled,Average,Paint,115.0,123.03,6.98,Medium,2248.0,0.45,0.85,0.1
PRJ-0715,Residential Apartment,Bihar,7957,30,7,7,356,Expert,Excellent,OPC Cement,9.8,10.61,8.28,Medium,308.0,0.45,0.9,0.7
PRJ-0716,Metro Rail,Tamil Nadu,10919,47,9,18,276,Unskilled,Good,Structural Steel,97.6,101.88,4.39,Low,321000.0,0.75,0.6,0.2
PRJ-0717,Metro Rail,Jharkhand,41905,37,6,14,338,Semi-skilled,Good,Structural Steel,149.7,157.77,5.39,Medium,605250.0,0.42,0.7,0.2
PRJ-0718,Industrial Warehouse,Gujarat,8539,12,3,8,354,Semi-skilled,Average,HDPE Pipes,11916.0,12530.94,5.16,Medium,276723.0,0.82,0.0,0.1
PRJ-0719,Residential Apartment,Karnataka,9471,27,3,22,443,Semi-skilled,Poor,Structural Steel,89.7,94.27,5.1,Medium,342750.0,0.72,0.0,0.2
PRJ-0720,Metro Rail,Jharkhand,40530,58,5,21,249,Unskilled,Good,Fly Ash Bricks,1279.0,1462.52,14.35,Medium,1468.0,0.42,0.15,0.6
PRJ-0721,Hospital,West Bengal,6291,16,10,3,341,Skilled,Average,AAC Blocks,289.0,304.87,5.49,Medium,873.0,0.62,0.2,0.2
PRJ-0722,Metro Rail,Gujarat,39395,22,10,27,469,Skilled,Average,Plywood,2329.0,2739.7,17.63,High,39016.0,0.82,0.2,0.8
PRJ-0723,Residential Apartment,Jharkhand,8885,26,8,17,53,Unskilled,Poor,Electrical Cable,1591.0,1747.07,9.81,Medium,343354.0,0.42,0.85,0.1
PRJ-0724,Residential Apartment,Madhya Pradesh,11912,23,10,17,331,Skilled,Average,River Sand,52.6,62.25,18.34,High,17370.0,0.55,0.2,0.9
PRJ-0725,Data Center,Jharkhand,4442,24,9,9,301,Semi-skilled,Average,HDPE Pipes,783.0,829.5,5.94,Medium,20925.0,0.42,0.6,0.1
PRJ-0726,Residential Apartment,Jharkhand,2553,33,3,16,224,Unskilled,Poor,Structural Steel,103.0,109.88,6.68,Medium,516000.0,0.42,0.0,0.2
PRJ-0727,Commercial Complex,Karnataka,22696,33,2,20,34,Semi-skilled,Average,OPC Cement,135.1,147.25,8.99,Medium,4617.0,0.72,0.0,0.7
PRJ-0728,School/College,Haryana,2634,12,9,30,310,Semi-skilled,Average,Plywood,184.0,217.37,18.14,High,3170.0,0.71,0.6,0.8
PRJ-0729,Data Center,Jharkhand,13847,11,11,17,412,Unskilled,Good,Plywood,1627.0,1987.03,22.13,High,34203.0,0.42,0.05,0.8
PRJ-0730,Hospital,Maharashtra,7357,9,7,28,80,Unskilled,Average,Coarse Aggregate,59.6,64.15,7.64,Medium,5460.0,0.78,0.9,0.5
PRJ-0731,Hospital,Odisha,10658,12,3,13,303,Semi-skilled,Poor,Fly Ash Bricks,85.0,99.54,17.1,High,116.0,0.5,0.0,0.6
PRJ-0732,School/College,Kerala,11835,17,7,20,481,Semi-skilled,Poor,Paint,5020.0,5402.51,7.62,Medium,107103.0,0.68,0.9,0.1
PRJ-0733,Metro Rail,Maharashtra,37167,38,7,15,281,Semi-skilled,Good,Paint,3780.0,4019.68,6.34,Medium,67110.0,0.78,0.9,0.1
PRJ-0734,Road & Highway,Gujarat,28220,46,6,1,429,Semi-skilled,Poor,OPC Cement,47.2,56.26,19.19,High,3443.0,0.82,0.7,0.7
PRJ-0735,Industrial Warehouse,Jharkhand,4572,11,11,11,188,Unskilled,Poor,AAC Blocks,335.0,392.56,17.18,High,3166.0,0.42,0.05,0.2
PRJ-0736,Hospital,Kerala,6856,12,1,21,67,Semi-skilled,Average,Plywood,2188.0,2645.33,20.9,High,43446.0,0.68,0.0,0.8
PRJ-0737,Road & Highway,Madhya Pradesh,23360,34,5,2,179,Unskilled,Average,Coarse Aggregate,6.5,7.29,12.22,Medium,948.0,0.55,0.15,0.5
PRJ-0738,Commercial Complex,Tamil Nadu,4093,21,5,29,267,Expert,Good,Paint,1082.0,1121.38,3.64,Low,11026.0,0.75,0.15,0.1
PRJ-0739,Commercial Complex,Odisha,9432,32,3,26,185,Skilled,Poor,HDPE Pipes,739.0,788.46,6.69,Medium,22257.0,0.5,0.0,0.1
PRJ-0740,Hospital,Tamil Nadu,11285,20,6,27,498,Skilled,Average,Paint,944.0,979.03,3.71,Low,9808.0,0.75,0.7,0.1
PRJ-0741,Residential Apartment,Telangana,16349,26,11,20,248,Semi-skilled,Good,River Sand,34.7,39.12,12.74,Medium,7956.0,0.7,0.05,0.9
PRJ-0742,Road & Highway,Kerala,46127,35,5,12,238,Semi-skilled,Average,Electrical Cable,359.0,381.71,6.33,Medium,49962.0,0.68,0.15,0.1
PRJ-0743,Bridge Construction,Maharashtra,32738,45,4,10,436,Unskilled,Average,River Sand,351.9,448.73,27.52,High,174294.0,0.78,0.05,0.9
PRJ-0744,Metro Rail,West Bengal,37676,50,4,22,126,Skilled,Average,Electrical Cable,257.0,270.12,5.1,Medium,28864.0,0.62,0.05,0.1
PRJ-0745,Metro Rail,West Bengal,15496,56,12,30,380,Semi-skilled,Good,Coarse Aggregate,134.4,140.73,4.71,Low,7596.0,0.62,0.0,0.5
PRJ-0746,Commercial Complex,Madhya Pradesh,20335,36,7,24,126,Semi-skilled,Poor,OPC Cement,79.9,91.28,14.24,Medium,4324.0,0.55,0.9,0.7
PRJ-0747,Metro Rail,Madhya Pradesh,48377,37,6,21,103,Expert,Poor,River Sand,52.1,62.38,19.73,High,18504.0,0.55,0.7,0.9
PRJ-0748,Bridge Construction,Tamil Nadu,29434,22,7,18,197,Semi-skilled,Average,Coarse Aggregate,77.0,86.92,12.88,Medium,11904.0,0.75,0.9,0.5
PRJ-0749,Data Center,Odisha,1392,22,7,30,126,Unskilled,Good,Electrical Cable,814.0,853.76,4.88,Low,87472.0,0.5,0.9,0.1
PRJ-0750,Bridge Construction,Bihar,13017,40,3,24,343,Semi-skilled,Average,Plywood,52.0,64.96,24.92,High,1231.0,0.45,0.0,0.8
PRJ-0751,Commercial Complex,Haryana,17959,20,11,24,497,Skilled,Average,Structural Steel,717.8,746.73,4.03,Low,2169750.0,0.71,0.05,0.2
PRJ-0752,Commercial Complex,West Bengal,13032,12,1,6,479,Unskilled,Average,OPC Cement,66.2,75.27,13.71,Medium,3447.0,0.62,0.0,0.7
PRJ-0753,Data Center,Telangana,2176,17,9,29,70,Unskilled,Good,Fly Ash Bricks,417.0,471.84,13.15,Medium,439.0,0.7,0.6,0.6
PRJ-0754,Hospital,Bihar,1959,16,12,27,307,Unskilled,Average,Electrical Cable,1636.0,1733.26,5.95,Medium,213972.0,0.45,0.0,0.1
PRJ-0755,Bridge Construction,Maharashtra,13418,55,12,26,388,Skilled,Average,Fly Ash Bricks,1412.0,1584.02,12.18,Medium,1376.0,0.78,0.0,0.6
PRJ-0756,Road & Highway,Gujarat,14932,45,1,28,344,Unskilled,Excellent,TMT Steel,95.6,98.51,3.04,Low,180420.0,0.82,0.0,0.3
PRJ-0757,Data Center,Punjab,2909,14,3,14,213,Semi-skilled,Poor,Paint,1288.0,1387.87,7.75,Medium,27964.0,0.74,0.0,0.1
PRJ-0758,Data Center,Bihar,8135,10,7,1,91,Expert,Good,Coarse Aggregate,80.2,85.51,6.62,Medium,6372.0,0.45,0.9,0.5
PRJ-0759,Bridge Construction,Karnataka,13809,26,1,5,368,Semi-skilled,Poor,Vitrified Tiles,1704.0,1884.8,10.61,Medium,117520.0,0.72,0.0,0.2
PRJ-0760,School/College,Maharashtra,4420,22,2,14,303,Unskilled,Average,AAC Blocks,1643.0,1831.05,11.45,Medium,10343.0,0.78,0.0,0.2
PRJ-0761,Residential Apartment,Tamil Nadu,16822,31,8,3,187,Unskilled,Average,Structural Steel,26.6,28.34,6.52,Medium,130500.0,0.75,0.85,0.2
PRJ-0762,Commercial Complex,Rajasthan,2881,31,5,6,128,Unskilled,Good,OPC Cement,13.4,15.62,16.54,High,844.0,0.65,0.15,0.7
PRJ-0763,Hospital,Rajasthan,6906,21,7,29,177,Unskilled,Good,TMT Steel,61.6,66.17,7.41,Medium,283340.0,0.65,0.9,0.3
PRJ-0764,Commercial Complex,Madhya Pradesh,10071,27,7,25,85,Unskilled,Poor,Vitrified Tiles,774.0,857.88,10.84,Medium,54522.0,0.55,0.9,0.2
PRJ-0765,Metro Rail,Punjab,29994,57,11,21,191,Unskilled,Good,Plywood,2595.0,3150.83,21.42,High,52804.0,0.74,0.05,0.8
PRJ-0766,Industrial Warehouse,West Bengal,8187,20,11,28,470,Unskilled,Poor,Vitrified Tiles,47.0,53.17,13.14,Medium,4011.0,0.62,0.05,0.2
PRJ-0767,Residential Apartment,Maharashtra,19942,22,4,1,111,Semi-skilled,Average,OPC Cement,27.2,30.37,11.64,Medium,1205.0,0.78,0.05,0.7
PRJ-0768,Road & Highway,Jharkhand,23910,34,5,29,301,Unskilled,Poor,HDPE Pipes,190.0,203.24,6.97,Medium,5958.0,0.42,0.15,0.1
PRJ-0769,School/College,Gujarat,1013,17,10,16,406,Unskilled,Poor,Fly Ash Bricks,707.0,874.49,23.69,High,1340.0,0.82,0.2,0.6
PRJ-0770,Metro Rail,Rajasthan,10484,41,7,22,266,Unskilled,Good,River Sand,62.2,72.58,16.69,High,18684.0,0.65,0.9,0.9
PRJ-0771,Metro Rail,Tamil Nadu,22086,55,2,15,289,Semi-skilled,Average,AAC Blocks,902.0,970.02,7.54,Medium,3741.0,0.75,0.0,0.2
PRJ-0772,Road & Highway,Tamil Nadu,5529,36,3,1,318,Unskilled,Poor,Electrical Cable,1025.0,1185.48,15.66,High,353056.0,0.75,0.0,0.1
PRJ-0773,Data Center,Bihar,9418,14,2,2,377,Semi-skilled,Average,TMT Steel,242.3,258.41,6.65,Medium,998820.0,0.45,0.0,0.3
PRJ-0774,Residential Apartment,Tamil Nadu,24829,29,12,16,144,Unskilled,Poor,OPC Cement,436.8,533.51,22.14,High,36750.0,0.75,0.0,0.7
PRJ-0775,Metro Rail,Tamil Nadu,21395,32,2,14,266,Semi-skilled,Poor,OPC Cement,105.4,119.16,13.06,Medium,5229.0,0.75,0.0,0.7
PRJ-0776,Residential Apartment,West Bengal,4543,29,9,15,69,Unskilled,Good,Plywood,955.0,1238.2,29.65,High,26904.0,0.62,0.6,0.8
PRJ-0777,School/College,Uttar Pradesh,5934,12,7,11,409,Semi-skilled,Poor,Plywood,630.0,851.05,35.09,High,21000.0,0.58,0.9,0.8
PRJ-0778,School/College,Kerala,3339,21,1,27,316,Semi-skilled,Poor,Paint,630.0,669.25,6.23,Medium,10990.0,0.68,0.0,0.1
PRJ-0779,Commercial Complex,Uttar Pradesh,7872,34,5,24,120,Unskilled,Poor,River Sand,61.0,74.34,21.87,High,24012.0,0.58,0.15,0.9
PRJ-0780,Road & Highway,Maharashtra,37912,45,3,28,191,Expert,Good,AAC Blocks,485.0,516.14,6.42,Medium,1713.0,0.78,0.0,0.2
PRJ-0781,Residential Apartment,Kerala,6525,17,6,10,399,Unskilled,Average,River Sand,69.9,87.39,25.02,High,31482.0,0.68,0.7,0.9
PRJ-0782,Residential Apartment,Bihar,17741,13,7,4,181,Unskilled,Average,Vitrified Tiles,1049.0,1184.71,12.94,Medium,88212.0,0.45,0.9,0.2
PRJ-0783,Industrial Warehouse,Maharashtra,7583,21,2,29,147,Unskilled,Good,River Sand,73.2,85.38,16.64,High,21924.0,0.78,0.0,0.9
PRJ-0784,Industrial Warehouse,Karnataka,5552,9,3,2,183,Unskilled,Excellent,River Sand,56.8,72.47,27.59,High,28206.0,0.72,0.0,0.9
PRJ-0785,Industrial Warehouse,Kerala,1773,19,3,13,91,Semi-skilled,Poor,Plywood,1912.0,2495.49,30.52,High,55432.0,0.68,0.0,0.8
PRJ-0786,Residential Apartment,Jharkhand,5731,36,2,7,151,Semi-skilled,Poor,Vitrified Tiles,555.0,617.4,11.24,Medium,40560.0,0.42,0.0,0.2
PRJ-0787,Commercial Complex,Gujarat,23028,17,4,12,112,Semi-skilled,Excellent,OPC Cement,12.9,13.59,5.38,Medium,262.0,0.82,0.05,0.7
PRJ-0788,Road & Highway,Karnataka,44171,34,4,11,446,Skilled,Good,AAC Blocks,325.0,351.12,8.04,Medium,1437.0,0.72,0.05,0.2
PRJ-0789,Industrial Warehouse,Gujarat,4042,24,5,13,172,Skilled,Average,Electrical Cable,290.0,309.05,6.57,Medium,41910.0,0.82,0.15,0.1
PRJ-0790,Data Center,Odisha,3838,16,1,19,282,Unskilled,Poor,River Sand,45.9,56.39,22.85,High,18882.0,0.5,0.0,0.9
PRJ-0791,Residential Apartment,Punjab,13685,19,10,14,404,Semi-skilled,Good,Plywood,1632.0,1986.09,21.7,High,33639.0,0.74,0.2,0.8
PRJ-0792,Road & Highway,Rajasthan,42542,53,11,21,340,Unskilled,Average,Coarse Aggregate,52.2,57.37,9.9,Medium,6204.0,0.65,0.05,0.5
PRJ-0793,Metro Rail,Bihar,26928,29,2,13,226,Unskilled,Average,OPC Cement,11.9,13.45,13.02,Medium,589.0,0.45,0.0,0.7
PRJ-0794,Bridge Construction,West Bengal,15335,41,7,26,146,Skilled,Average,Vitrified Tiles,886.0,952.26,7.48,Medium,43069.0,0.62,0.9,0.2
PRJ-0795,Data Center,Bihar,2724,16,5,16,420,Expert,Poor,Structural Steel,27.7,28.6,3.24,Low,67500.0,0.45,0.15,0.2
PRJ-0796,Metro Rail,Karnataka,33936,35,5,30,411,Unskilled,Good,Plywood,1833.0,2186.51,19.29,High,33583.0,0.72,0.15,0.8
PRJ-0797,Road & Highway,Uttar Pradesh,41778,55,4,23,372,Semi-skilled,Average,Plywood,6384.0,7448.6,16.68,High,101137.0,0.58,0.05,0.8
PRJ-0798,School/College,Haryana,13254,15,6,5,168,Unskilled,Excellent,Structural Steel,78.6,83.18,5.83,Medium,343500.0,0.71,0.7,0.2
PRJ-0799,Hospital,Haryana,3469,17,10,4,193,Semi-skilled,Poor,Electrical Cable,896.0,976.21,8.95,Medium,176462.0,0.71,0.2,0.1
PRJ-0800,Data Center,Gujarat,11244,15,12,11,158,Unskilled,Good,Structural Steel,63.2,67.95,7.52,Medium,356250.0,0.82,0.0,0.2
PRJ-0801,School/College,Uttar Pradesh,13272,21,9,8,362,Semi-skilled,Average,OPC Cement,97.3,113.3,16.45,High,6080.0,0.58,0.6,0.7
PRJ-0802,Data Center,Punjab,3410,17,9,19,260,Semi-skilled,Poor,Vitrified Tiles,458.0,502.11,9.63,Medium,28672.0,0.74,0.6,0.2
PRJ-0803,School/College,Odisha,2264,21,11,4,201,Skilled,Good,HDPE Pipes,552.0,584.47,5.88,Medium,14612.0,0.5,0.05,0.1
PRJ-0804,Commercial Complex,Tamil Nadu,18884,32,7,7,375,Semi-skilled,Poor,TMT Steel,59.0,62.79,6.42,Medium,234980.0,0.75,0.9,0.3
PRJ-0805,Hospital,Odisha,8765,12,4,13,50,Semi-skilled,Poor,TMT Steel,69.6,75.86,9.0,Medium,388120.0,0.5,0.05,0.3
PRJ-0806,Commercial Complex,Rajasthan,22104,25,9,27,266,Expert,Excellent,TMT Steel,13.9,14.47,4.13,Low,35340.0,0.65,0.6,0.3
PRJ-0807,School/College,Haryana,7334,16,3,19,126,Unskilled,Excellent,Fly Ash Bricks,395.0,433.31,9.7,Medium,306.0,0.71,0.0,0.6
PRJ-0808,Data Center,Odisha,10701,17,4,26,415,Unskilled,Poor,Plywood,172.0,214.65,24.79,High,4052.0,0.5,0.05,0.8
PRJ-0809,Bridge Construction,Jharkhand,42889,58,3,6,218,Skilled,Average,Structural Steel,70.3,73.16,4.07,Low,214500.0,0.42,0.0,0.2
PRJ-0810,Road & Highway,Haryana,44180,24,4,15,91,Semi-skilled,Average,Vitrified Tiles,3567.0,3774.23,5.81,Medium,134700.0,0.71,0.05,0.2
PRJ-0811,Bridge Construction,Maharashtra,30913,54,4,9,278,Skilled,Poor,Plywood,4847.0,6471.46,33.51,High,154324.0,0.78,0.05,0.8
PRJ-0812,Commercial Complex,Karnataka,15553,34,11,30,216,Semi-skilled,Average,OPC Cement,75.3,81.08,7.68,Medium,2196.0,0.72,0.05,0.7
PRJ-0813,Data Center,West Bengal,1419,21,11,22,475,Semi-skilled,Poor,Coarse Aggregate,61.0,67.66,10.91,Medium,7992.0,0.62,0.05,0.5
PRJ-0814,Commercial Complex,Maharashtra,14767,15,2,6,199,Skilled,Average,OPC Cement,35.4,39.18,10.67,Medium,1436.0,0.78,0.0,0.7
PRJ-0815,Data Center,Odisha,5045,16,12,24,319,Unskilled,Good,Coarse Aggregate,48.1,52.66,9.47,Medium,5472.0,0.5,0.0,0.5
PRJ-0816,Road & Highway,Gujarat,22819,31,5,16,489,Semi-skilled,Good,Plywood,1980.0,2415.26,21.98,High,41350.0,0.82,0.15,0.8
PRJ-0817,Road & Highway,Kerala,39962,24,5,10,43,Skilled,Average,Paint,1178.0,1264.35,7.33,Medium,24178.0,0.68,0.15,0.1
PRJ-0818,Bridge Construction,Tamil Nadu,9068,22,12,28,242,Semi-skilled,Poor,OPC Cement,93.1,105.7,13.53,Medium,4788.0,0.75,0.0,0.7
PRJ-0819,Bridge Construction,Haryana,10973,24,9,13,25,Expert,Average,Paint,683.0,740.98,8.49,Medium,16234.0,0.71,0.6,0.1
PRJ-0820,Commercial Complex,Odisha,3558,21,1,21,480,Skilled,Good,TMT Steel,177.7,180.91,1.81,Low,199020.0,0.5,0.0,0.3
PRJ-0821,Industrial Warehouse,Madhya Pradesh,14611,21,9,28,233,Skilled,Average,HDPE Pipes,4768.0,5034.31,5.59,Medium,119840.0,0.55,0.6,0.1
PRJ-0822,Residential Apartment,Punjab,22343,31,2,2,146,Unskilled,Poor,Coarse Aggregate,79.6,91.26,14.65,Medium,13992.0,0.74,0.0,0.5
PRJ-0823,Bridge Construction,Madhya Pradesh,26569,37,12,18,153,Skilled,Excellent,Coarse Aggregate,56.0,58.51,4.48,Low,3012.0,0.55,0.0,0.5
PRJ-0824,Metro Rail,Gujarat,32883,21,2,23,264,Semi-skilled,Good,Electrical Cable,186.0,197.98,6.44,Medium,26356.0,0.82,0.0,0.1
PRJ-0825,Commercial Complex,Gujarat,14522,13,9,3,185,Skilled,Poor,Paint,1290.0,1386.61,7.49,Medium,27051.0,0.82,0.6,0.1
PRJ-0826,Commercial Complex,Odisha,5801,18,8,29,89,Skilled,Poor,Plywood,998.0,1267.11,26.96,High,25565.0,0.5,0.85,0.8
PRJ-0827,Bridge Construction,Haryana,13870,37,1,29,257,Semi-skilled,Poor,HDPE Pipes,564.0,590.49,4.7,Low,11921.0,0.71,0.0,0.1
PRJ-0828,School/College,Odisha,2446,17,11,3,81,Unskilled,Average,Plywood,3061.0,4161.81,35.96,High,104577.0,0.5,0.05,0.8
PRJ-0829,Bridge Construction,Uttar Pradesh,36757,22,3,25,495,Semi-skilled,Excellent,Electrical Cable,719.0,752.16,4.61,Low,72952.0,0.58,0.0,0.1
PRJ-0830,School/College,Uttar Pradesh,7235,17,8,28,239,Unskilled,Poor,HDPE Pipes,536.0,578.08,7.85,Medium,18936.0,0.58,0.85,0.1
PRJ-0831,Commercial Complex,Maharashtra,18361,21,11,20,76,Semi-skilled,Average,Vitrified Tiles,6532.0,6962.76,6.59,Medium,279994.0,0.78,0.05,0.2
PRJ-0832,Bridge Construction,Karnataka,47035,27,4,4,198,Unskilled,Poor,Paint,298.0,334.96,12.4,Medium,10349.0,0.72,0.05,0.1
PRJ-0833,Road & Highway,Tamil Nadu,19273,39,6,2,230,Semi-skilled,Average,Plywood,2912.0,3638.23,24.94,High,68992.0,0.75,0.7,0.8
PRJ-0834,Industrial Warehouse,Bihar,7660,16,2,27,196,Unskilled,Excellent,River Sand,25.9,30.56,18.01,High,8388.0,0.45,0.0,0.9
PRJ-0835,Hospital,Punjab,2229,8,5,5,344,Unskilled,Average,OPC Cement,27.0,31.29,15.9,High,1630.0,0.74,0.15,0.7
PRJ-0836,Hospital,Telangana,10784,16,9,17,289,Skilled,Average,Structural Steel,76.7,79.35,3.46,Low,198750.0,0.7,0.6,0.2
PRJ-0837,Bridge Construction,Madhya Pradesh,44182,32,10,2,35,Unskilled,Average,Plywood,271.0,371.62,37.13,High,9559.0,0.55,0.2,0.8
PRJ-0838,Metro Rail,Bihar,27797,60,8,30,225,Unskilled,Average,HDPE Pipes,441.0,465.63,5.58,Medium,11083.0,0.45,0.85,0.1
PRJ-0839,Bridge Construction,Haryana,17073,46,3,21,390,Unskilled,Poor,Structural Steel,46.6,49.71,6.68,Medium,233250.0,0.71,0.0,0.2
PRJ-0840,Industrial Warehouse,Odisha,6924,20,11,12,33,Unskilled,Good,Electrical Cable,269.0,284.35,5.71,Medium,33770.0,0.5,0.05,0.1
PRJ-0841,Residential Apartment,Kerala,4719,21,1,28,354,Skilled,Poor,Coarse Aggregate,119.0,134.2,12.77,Medium,18240.0,0.68,0.0,0.5
PRJ-0842,Residential Apartment,Jharkhand,18686,32,7,14,460,Unskilled,Poor,Paint,77.0,85.79,11.41,Medium,2461.0,0.42,0.9,0.1
PRJ-0843,School/College,West Bengal,1084,8,2,21,436,Unskilled,Average,TMT Steel,69.8,74.09,6.15,Medium,265980.0,0.62,0.0,0.3
PRJ-0844,Bridge Construction,Odisha,36841,26,2,18,92,Unskilled,Average,Coarse Aggregate,90.2,98.96,9.71,Medium,10512.0,0.5,0.0,0.5
PRJ-0845,School/College,Punjab,2994,19,2,28,425,Semi-skilled,Poor,River Sand,23.1,28.14,21.81,High,9072.0,0.74,0.0,0.9
PRJ-0846,School/College,Karnataka,3867,12,3,10,26,Semi-skilled,Average,River Sand,278.3,326.48,17.31,High,86724.0,0.72,0.0,0.9
PRJ-0847,School/College,Gujarat,10928,17,6,2,20,Unskilled,Poor,HDPE Pipes,201.0,220.97,9.94,Medium,8986.0,0.82,0.7,0.1
PRJ-0848,Bridge Construction,West Bengal,12590,32,10,12,475,Skilled,Good,Coarse Aggregate,66.2,72.99,10.26,Medium,8148.0,0.62,0.2,0.5
PRJ-0849,Metro Rail,Kerala,25605,30,1,11,419,Expert,Excellent,River Sand,181.4,203.67,12.28,Medium,40086.0,0.68,0.0,0.9
PRJ-0850,School/College,Telangana,14527,8,3,26,495,Unskilled,Poor,Paint,857.0,928.8,8.38,Medium,20104.0,0.7,0.0,0.1
PRJ-0851,Metro Rail,West Bengal,7682,56,9,25,257,Semi-skilled,Poor,HDPE Pipes,2379.0,2517.2,5.81,Medium,62190.0,0.62,0.6,0.1
PRJ-0852,Residential Apartment,Jharkhand,2777,21,2,4,338,Unskilled,Good,AAC Blocks,562.0,622.16,10.71,Medium,3309.0,0.42,0.0,0.2
PRJ-0853,Road & Highway,Rajasthan,45190,39,2,28,408,Unskilled,Good,OPC Cement,50.1,56.75,13.28,Medium,2527.0,0.65,0.0,0.7
PRJ-0854,Bridge Construction,Rajasthan,41416,44,8,26,252,Unskilled,Good,River Sand,62.8,75.6,20.39,High,23040.0,0.65,0.85,0.9
PRJ-0855,School/College,Maharashtra,2392,24,3,22,304,Skilled,Poor,Structural Steel,186.9,197.56,5.7,Medium,799500.0,0.78,0.0,0.2
PRJ-0856,Road & Highway,Odisha,37618,53,6,21,383,Expert,Good,Coarse Aggregate,26.1,27.39,4.93,Low,1548.0,0.5,0.7,0.5
PRJ-0857,Hospital,Madhya Pradesh,13666,11,10,22,94,Unskilled,Good,Vitrified Tiles,1092.0,1206.18,10.46,Medium,74217.0,0.55,0.2,0.2
PRJ-0858,Hospital,Rajasthan,14467,20,4,20,314,Unskilled,Good,HDPE Pipes,179.0,188.19,5.13,Medium,4135.0,0.65,0.05,0.1
PRJ-0859,Metro Rail,Uttar Pradesh,29384,55,8,19,176,Semi-skilled,Poor,Fly Ash Bricks,800.0,955.71,19.46,High,1246.0,0.58,0.85,0.6
PRJ-0860,Industrial Warehouse,Telangana,1010,21,12,20,240,Semi-skilled,Poor,Fly Ash Bricks,291.0,348.62,19.8,High,461.0,0.7,0.0,0.6
PRJ-0861,Metro Rail,Haryana,39067,56,3,26,298,Unskilled,Average,Paint,249.0,270.4,8.6,Medium,5992.0,0.71,0.0,0.1
PRJ-0862,Residential Apartment,Bihar,15774,26,6,8,139,Semi-skilled,Average,Electrical Cable,1306.0,1409.16,7.9,Medium,226952.0,0.45,0.7,0.1
PRJ-0863,Residential Apartment,Tamil Nadu,12431,16,7,15,232,Unskilled,Poor,Plywood,8139.0,12198.44,49.88,High,385647.0,0.75,0.9,0.8
PRJ-0864,School/College,Tamil Nadu,10629,9,5,5,203,Unskilled,Poor,Fly Ash Bricks,1407.0,1722.78,22.44,High,2526.0,0.75,0.15,0.6
PRJ-0865,Road & Highway,West Bengal,31114,57,12,20,102,Semi-skilled,Good,Fly Ash Bricks,874.0,959.0,9.73,Medium,680.0,0.62,0.0,0.6
PRJ-0866,Bridge Construction,Rajasthan,37695,29,8,11,430,Skilled,Poor,Fly Ash Bricks,2102.0,2470.73,17.54,High,2950.0,0.65,0.85,0.6
PRJ-0867,Industrial Warehouse,Gujarat,3307,16,12,6,128,Unskilled,Poor,TMT Steel,159.0,168.18,5.77,Medium,569160.0,0.82,0.0,0.3
PRJ-0868,Bridge Construction,Tamil Nadu,13258,37,8,4,388,Unskilled,Poor,Structural Steel,31.1,33.57,7.93,Medium,185250.0,0.75,0.85,0.2
PRJ-0869,Commercial Complex,Uttar Pradesh,13076,22,9,15,164,Skilled,Average,TMT Steel,67.1,70.15,4.55,Low,189100.0,0.58,0.6,0.3
PRJ-0870,Data Center,Karnataka,10225,20,8,1,103,Unskilled,Average,TMT Steel,118.3,129.76,9.68,Medium,710520.0,0.72,0.85,0.3
PRJ-0871,Road & Highway,Odisha,19524,60,4,5,337,Skilled,Good,Fly Ash Bricks,296.0,335.03,13.19,Medium,312.0,0.5,0.05,0.6
PRJ-0872,Metro Rail,Karnataka,10411,38,4,21,295,Skilled,Poor,Structural Steel,107.1,114.33,6.75,Medium,542250.0,0.72,0.05,0.2
PRJ-0873,Road & Highway,Maharashtra,6327,26,5,20,242,Unskilled,Excellent,Paint,454.0,483.66,6.53,Medium,8305.0,0.78,0.15,0.1
PRJ-0874,Commercial Complex,West Bengal,5250,27,3,10,100,Semi-skilled,Good,TMT Steel,59.9,63.01,5.19,Medium,192820.0,0.62,0.0,0.3
PRJ-0875,Bridge Construction,Tamil Nadu,35409,52,7,30,413,Unskilled,Poor,Plywood,10337.0,14069.9,36.11,High,354625.0,0.75,0.9,0.8
PRJ-0876,Road & Highway,Telangana,31615,42,3,20,127,Semi-skilled,Excellent,TMT Steel,67.7,70.51,4.15,Low,174220.0,0.7,0.0,0.3
PRJ-0877,Data Center,Gujarat,14425,19,3,25,36,Expert,Poor,Coarse Aggregate,57.9,61.01,5.37,Medium,3732.0,0.82,0.0,0.5
PRJ-0878,Industrial Warehouse,Madhya Pradesh,5949,19,1,1,114,Unskilled,Average,Plywood,1182.0,1549.77,31.11,High,34938.0,0.55,0.0,0.8
PRJ-0879,Residential Apartment,Tamil Nadu,9843,32,10,8,128,Unskilled,Poor,Vitrified Tiles,425.0,483.26,13.71,Medium,37869.0,0.75,0.2,0.2
PRJ-0880,Hospital,Tamil Nadu,2012,8,10,2,350,Unskilled,Good,Plywood,290.0,378.25,30.43,High,8384.0,0.75,0.2,0.8
PRJ-0881,Metro Rail,Bihar,29692,27,2,6,450,Unskilled,Good,Plywood,448.0,596.7,33.19,High,14127.0,0.45,0.0,0.8
PRJ-0882,Bridge Construction,Punjab,9193,50,8,24,208,Unskilled,Average,TMT Steel,41.2,43.34,5.2,Medium,132680.0,0.74,0.85,0.3
PRJ-0883,Hospital,Telangana,14302,12,10,8,20,Unskilled,Good,Paint,192.0,203.95,6.22,Medium,3346.0,0.7,0.2,0.1
PRJ-0884,Road & Highway,Karnataka,20357,23,12,13,353,Semi-skilled,Average,HDPE Pipes,1426.0,1521.81,6.72,Medium,43114.0,0.72,0.0,0.1
PRJ-0885,Commercial Complex,Rajasthan,14348,21,6,15,395,Unskilled,Poor,TMT Steel,16.2,17.64,8.9,Medium,89280.0,0.65,0.7,0.3
PRJ-0886,Commercial Complex,Telangana,13558,18,5,22,334,Semi-skilled,Poor,OPC Cement,30.9,34.55,11.82,Medium,1387.0,0.7,0.15,0.7
PRJ-0887,Hospital,West Bengal,7893,21,7,11,49,Unskilled,Good,Plywood,454.0,592.23,30.45,High,13132.0,0.62,0.9,0.8
PRJ-0888,Data Center,Tamil Nadu,1434,13,3,18,64,Skilled,Average,Electrical Cable,166.0,182.61,10.0,Medium,36542.0,0.75,0.0,0.1
PRJ-0889,School/College,Maharashtra,11849,10,7,26,389,Semi-skilled,Poor,Coarse Aggregate,159.5,172.77,8.32,Medium,15924.0,0.78,0.9,0.5
PRJ-0890,Commercial Complex,Kerala,14805,27,2,21,300,Semi-skilled,Average,Structural Steel,26.6,27.87,4.76,Low,95250.0,0.68,0.0,0.2
PRJ-0891,Hospital,Kerala,4350,18,7,8,89,Unskilled,Good,OPC Cement,17.0,19.55,15.02,High,969.0,0.68,0.9,0.7
PRJ-0892,School/College,Uttar Pradesh,3544,10,10,28,90,Unskilled,Average,Paint,483.0,518.62,7.37,Medium,9974.0,0.58,0.2,0.1
PRJ-0893,Bridge Construction,Kerala,29093,44,9,8,486,Semi-skilled,Poor,River Sand,381.4,481.7,26.3,High,180540.0,0.68,0.6,0.9
PRJ-0894,Bridge Construction,Gujarat,7624,19,1,24,145,Semi-skilled,Average,Coarse Aggregate,30.3,33.32,9.96,Medium,3624.0,0.82,0.0,0.5
PRJ-0895,School/College,Telangana,3433,15,12,23,377,Unskilled,Poor,Structural Steel,24.9,26.26,5.45,Medium,102000.0,0.7,0.0,0.2
PRJ-0896,Metro Rail,Telangana,46049,50,11,28,214,Unskilled,Poor,Electrical Cable,1740.0,1898.69,9.12,Medium,349118.0,0.7,0.05,0.1
PRJ-0897,School/College,Punjab,2692,23,5,22,303,Unskilled,Good,Structural Steel,86.0,89.17,3.69,Low,237750.0,0.74,0.15,0.2
PRJ-0898,Metro Rail,Telangana,27336,31,2,30,288,Unskilled,Poor,Fly Ash Bricks,1021.0,1231.42,20.61,High,1683.0,0.7,0.0,0.6
PRJ-0899,Residential Apartment,Jharkhand,13570,17,7,23,239,Unskilled,Poor,Electrical Cable,825.0,913.93,10.78,Medium,195646.0,0.42,0.9,0.1
PRJ-0900,Road & Highway,Jharkhand,9168,27,6,16,113,Expert,Average,AAC Blocks,433.0,465.6,7.53,Medium,1793.0,0.42,0.7,0.2
PRJ-0901,Road & Highway,Odisha,37047,41,4,22,220,Unskilled,Good,Vitrified Tiles,508.0,532.39,4.8,Low,15853.0,0.5,0.05,0.2
PRJ-0902,Hospital,Bihar,9666,22,5,17,170,Semi-skilled,Poor,Fly Ash Bricks,461.0,528.92,14.73,Medium,543.0,0.45,0.15,0.6
PRJ-0903,Bridge Construction,Punjab,12884,19,6,10,228,Semi-skilled,Average,Structural Steel,13.3,13.98,5.14,Medium,51000.0,0.74,0.7,0.2
PRJ-0904,Industrial Warehouse,Telangana,6357,20,7,18,495,Unskilled,Poor,Plywood,358.0,503.3,40.59,High,13804.0,0.7,0.9,0.8
PRJ-0905,Residential Apartment,Jharkhand,6141,36,7,15,468,Unskilled,Average,Vitrified Tiles,294.0,330.93,12.56,Medium,24005.0,0.42,0.9,0.2
PRJ-0906,Road & Highway,Punjab,6427,57,6,15,319,Skilled,Average,Fly Ash Bricks,235.0,265.81,13.11,Medium,246.0,0.74,0.7,0.6
PRJ-0907,Industrial Warehouse,Tamil Nadu,10429,11,3,10,243,Skilled,Good,TMT Steel,196.9,209.79,6.55,Medium,799180.0,0.75,0.0,0.3
PRJ-0908,Industrial Warehouse,Karnataka,5795,23,4,15,301,Expert,Good,Paint,999.0,1024.48,2.55,Low,7134.0,0.72,0.05,0.1
PRJ-0909,Residential Apartment,Rajasthan,18146,35,6,19,257,Skilled,Poor,OPC Cement,13.6,15.53,14.18,Medium,733.0,0.65,0.7,0.7
PRJ-0910,School/College,Rajasthan,11738,9,12,15,32,Unskilled,Average,HDPE Pipes,1257.0,1344.66,6.97,Medium,39447.0,0.65,0.0,0.1
PRJ-0911,Industrial Warehouse,Tamil Nadu,8418,12,5,25,144,Unskilled,Average,River Sand,61.2,74.13,21.13,High,23274.0,0.75,0.15,0.9
PRJ-0912,Residential Apartment,Haryana,24895,34,10,9,182,Unskilled,Excellent,Electrical Cable,1428.0,1521.57,6.55,Medium,205854.0,0.71,0.2,0.1
PRJ-0913,Data Center,Odisha,8295,8,12,13,120,Unskilled,Poor,River Sand,32.6,40.37,23.85,High,13986.0,0.5,0.0,0.9
PRJ-0914,School/College,Bihar,1071,11,4,3,90,Skilled,Good,TMT Steel,28.6,29.64,3.64,Low,64480.0,0.45,0.05,0.3
PRJ-0915,Residential Apartment,Haryana,24147,28,12,10,277,Skilled,Poor,Fly Ash Bricks,174.0,199.0,14.37,Medium,200.0,0.71,0.0,0.6
PRJ-0916,School/College,Gujarat,13332,14,4,14,454,Semi-skilled,Average,TMT Steel,52.5,56.06,6.77,Medium,220720.0,0.82,0.05,0.3
PRJ-0917,School/College,Karnataka,9851,20,12,16,390,Semi-skilled,Poor,Coarse Aggregate,105.6,117.88,11.63,Medium,14736.0,0.72,0.0,0.5
PRJ-0918,Data Center,Maharashtra,11487,16,6,20,489,Unskilled,Average,Vitrified Tiles,996.0,1121.75,12.63,Medium,81738.0,0.78,0.7,0.2
PRJ-0919,Industrial Warehouse,Maharashtra,7069,21,9,9,310,Semi-skilled,Poor,Coarse Aggregate,50.1,54.97,9.73,Medium,5844.0,0.78,0.6,0.5
PRJ-0920,Industrial Warehouse,Rajasthan,7055,10,10,30,308,Expert,Average,Plywood,1432.0,1727.87,20.66,High,28108.0,0.65,0.2,0.8
PRJ-0921,Residential Apartment,Tamil Nadu,12872,21,2,13,76,Semi-skilled,Good,HDPE Pipes,184.0,197.98,7.6,Medium,6291.0,0.75,0.0,0.1
PRJ-0922,Residential Apartment,Madhya Pradesh,9102,28,1,24,280,Semi-skilled,Good,Paint,1260.0,1334.43,5.91,Medium,20840.0,0.55,0.0,0.1
PRJ-0923,Residential Apartment,Rajasthan,22907,14,5,2,164,Unskilled,Poor,AAC Blocks,303.0,347.47,14.68,Medium,2446.0,0.65,0.15,0.2
PRJ-0924,Data Center,Bihar,6569,10,9,22,129,Skilled,Poor,Plywood,1690.0,2182.78,29.16,High,46814.0,0.45,0.6,0.8
PRJ-0925,Commercial Complex,Rajasthan,23159,18,9,16,178,Semi-skilled,Average,TMT Steel,71.1,77.06,8.38,Medium,369520.0,0.65,0.6,0.3
PRJ-0926,Road & Highway,Maharashtra,46888,18,10,4,492,Unskilled,Excellent,Structural Steel,41.3,42.82,3.67,Low,114000.0,0.78,0.2,0.2
PRJ-0927,Bridge Construction,West Bengal,36919,46,2,18,154,Unskilled,Excellent,Vitrified Tiles,1577.0,1679.79,6.52,Medium,66813.0,0.62,0.0,0.2
PRJ-0928,Residential Apartment,Karnataka,23530,15,8,13,479,Semi-skilled,Good,Plywood,175.0,233.13,33.21,High,5522.0,0.72,0.85,0.8
PRJ-0929,Road & Highway,West Bengal,11739,45,12,3,74,Unskilled,Excellent,Structural Steel,15.2,16.13,6.1,Medium,69750.0,0.62,0.0,0.2
PRJ-0930,School/College,Bihar,2395,23,2,27,445,Unskilled,Average,Paint,3623.0,3950.17,9.03,Medium,91608.0,0.45,0.0,0.1
PRJ-0931,School/College,Gujarat,4263,13,11,14,53,Semi-skilled,Poor,AAC Blocks,1917.0,2133.84,11.31,Medium,11926.0,0.82,0.05,0.2
PRJ-0932,Residential Apartment,Uttar Pradesh,8795,23,9,7,150,Unskilled,Average,Vitrified Tiles,230.0,268.31,16.66,High,24902.0,0.58,0.6,0.2
PRJ-0933,Metro Rail,Bihar,33818,27,6,18,209,Unskilled,Excellent,Coarse Aggregate,16.4,17.93,9.33,Medium,1836.0,0.45,0.7,0.5
PRJ-0934,School/College,Karnataka,3608,20,5,13,357,Unskilled,Average,Paint,936.0,1017.98,8.76,Medium,22954.0,0.72,0.15,0.1
PRJ-0935,Hospital,Uttar Pradesh,1709,10,9,22,189,Semi-skilled,Average,Structural Steel,119.4,123.84,3.72,Low,333000.0,0.58,0.6,0.2
PRJ-0936,Data Center,Madhya Pradesh,10908,14,8,1,437,Skilled,Poor,River Sand,39.6,52.17,31.73,High,22626.0,0.55,0.85,0.9
PRJ-0937,School/College,Uttar Pradesh,3581,22,4,6,265,Skilled,Average,HDPE Pipes,134.0,141.43,5.55,Medium,3344.0,0.58,0.05,0.1
PRJ-0938,Road & Highway,Rajasthan,9563,58,6,12,435,Semi-skilled,Poor,AAC Blocks,389.0,432.53,11.19,Medium,2394.0,0.65,0.7,0.2
PRJ-0939,Industrial Warehouse,Jharkhand,7072,17,9,14,74,Expert,Poor,HDPE Pipes,3094.0,3249.88,5.04,Medium,70146.0,0.42,0.6,0.1
PRJ-0940,Hospital,Jharkhand,1125,23,4,5,473,Semi-skilled,Poor,Electrical Cable,594.0,658.28,10.82,Medium,141416.0,0.42,0.05,0.1
PRJ-0941,Road & Highway,Madhya Pradesh,15939,48,12,26,263,Semi-skilled,Excellent,OPC Cement,75.0,79.76,6.35,Medium,1809.0,0.55,0.0,0.7
PRJ-0942,Commercial Complex,Haryana,11584,16,9,11,85,Semi-skilled,Average,HDPE Pipes,574.0,600.97,4.7,Low,12137.0,0.71,0.6,0.1
PRJ-0943,Data Center,Gujarat,13783,9,1,1,246,Skilled,Poor,TMT Steel,51.8,54.85,5.88,Medium,189100.0,0.82,0.0,0.3
PRJ-0944,Industrial Warehouse,Punjab,3307,14,5,10,365,Unskilled,Poor,Plywood,779.0,1109.21,42.39,High,31370.0,0.74,0.15,0.8
PRJ-0945,Residential Apartment,Uttar Pradesh,23582,27,12,28,440,Semi-skilled,Average,Electrical Cable,386.0,404.25,4.73,Low,40150.0,0.58,0.0,0.1
PRJ-0946,Commercial Complex,Odisha,15998,15,10,22,316,Semi-skilled,Average,Structural Steel,15.6,16.14,3.48,Low,40500.0,0.5,0.2,0.2
PRJ-0947,Metro Rail,Punjab,33475,40,10,25,224,Unskilled,Average,Fly Ash Bricks,105.0,122.08,16.27,High,137.0,0.74,0.2,0.6
PRJ-0948,Residential Apartment,Telangana,24323,24,10,17,457,Unskilled,Average,Fly Ash Bricks,947.0,1165.97,23.12,High,1752.0,0.7,0.2,0.6
PRJ-0949,Residential Apartment,Maharashtra,14014,16,10,6,499,Skilled,Average,River Sand,73.8,85.84,16.32,High,21672.0,0.78,0.2,0.9
PRJ-0950,Data Center,Kerala,6972,14,12,25,254,Semi-skilled,Excellent,River Sand,78.2,83.08,6.24,Medium,8784.0,0.68,0.0,0.9
PRJ-0951,Industrial Warehouse,Jharkhand,10493,10,2,25,152,Unskilled,Average,TMT Steel,74.9,79.48,6.11,Medium,283960.0,0.42,0.0,0.3
PRJ-0952,Hospital,Maharashtra,12358,17,6,16,363,Unskilled,Poor,OPC Cement,21.8,25.58,17.32,High,1436.0,0.78,0.7,0.7
PRJ-0953,Metro Rail,West Bengal,43452,25,11,3,484,Expert,Poor,Paint,900.0,953.16,5.91,Medium,14885.0,0.62,0.05,0.1
PRJ-0954,Commercial Complex,Maharashtra,15007,34,2,27,485,Unskilled,Poor,HDPE Pipes,9677.0,10370.3,7.16,Medium,311985.0,0.78,0.0,0.1
PRJ-0955,Residential Apartment,Karnataka,13424,29,7,19,387,Unskilled,Average,Electrical Cable,1512.0,1674.31,10.73,Medium,357082.0,0.72,0.9,0.1
PRJ-0956,Metro Rail,Telangana,41458,31,8,8,183,Unskilled,Average,Coarse Aggregate,32.2,36.79,14.24,Medium,5508.0,0.7,0.85,0.5
PRJ-0957,Metro Rail,West Bengal,44329,29,2,4,165,Semi-skilled,Average,OPC Cement,58.1,66.07,13.72,Medium,3029.0,0.62,0.0,0.7
PRJ-0958,Bridge Construction,Bihar,38119,44,4,21,218,Skilled,Good,Coarse Aggregate,24.0,25.93,8.02,Medium,2316.0,0.45,0.05,0.5
PRJ-0959,Industrial Warehouse,Maharashtra,2501,23,4,23,91,Skilled,Average,AAC Blocks,384.0,405.87,5.69,Medium,1203.0,0.78,0.05,0.2
PRJ-0960,Industrial Warehouse,Odisha,3326,17,9,13,295,Unskilled,Good,Vitrified Tiles,518.0,584.89,12.91,Medium,43478.0,0.5,0.6,0.2
PRJ-0961,Industrial Warehouse,Punjab,11974,12,8,10,21,Unskilled,Poor,Paint,1506.0,1684.2,11.83,Medium,49896.0,0.74,0.85,0.1
PRJ-0962,Industrial Warehouse,Maharashtra,7408,9,9,3,175,Semi-skilled,Average,TMT Steel,289.2,307.9,6.46,Medium,1159400.0,0.78,0.6,0.3
PRJ-0963,Metro Rail,Tamil Nadu,6578,53,10,25,193,Unskilled,Good,Electrical Cable,229.0,239.48,4.58,Low,23056.0,0.75,0.2,0.1
PRJ-0964,Commercial Complex,Bihar,8649,35,11,2,470,Semi-skilled,Good,Coarse Aggregate,48.9,53.67,9.75,Medium,5724.0,0.45,0.05,0.5
PRJ-0965,Metro Rail,Haryana,47955,31,7,13,326,Semi-skilled,Good,Coarse Aggregate,144.1,155.85,8.15,Medium,14100.0,0.71,0.9,0.5
PRJ-0966,Residential Apartment,Tamil Nadu,3863,35,1,2,321,Unskilled,Good,Vitrified Tiles,752.0,849.14,12.92,Medium,63141.0,0.75,0.0,0.2
PRJ-0967,Road & Highway,Tamil Nadu,34056,51,9,4,392,Unskilled,Excellent,HDPE Pipes,1281.0,1355.46,5.81,Medium,33507.0,0.75,0.6,0.1
PRJ-0968,Residential Apartment,Karnataka,23092,19,9,11,377,Expert,Poor,HDPE Pipes,1431.0,1501.14,4.9,Low,31563.0,0.72,0.6,0.1
PRJ-0969,Industrial Warehouse,Telangana,1828,15,11,2,492,Unskilled,Poor,Electrical Cable,1148.0,1262.48,9.97,Medium,251856.0,0.7,0.05,0.1
PRJ-0970,Data Center,Bihar,4972,21,2,13,107,Semi-skilled,Average,HDPE Pipes,789.0,830.77,5.29,Medium,18796.0,0.45,0.0,0.1
PRJ-0971,Commercial Complex,Karnataka,24098,32,3,14,286,Unskilled,Good,Vitrified Tiles,993.0,1115.48,12.33,Medium,79612.0,0.72,0.0,0.2
PRJ-0972,Bridge Construction,Odisha,21805,47,8,28,21,Skilled,Excellent,Coarse Aggregate,41.1,44.12,7.34,Medium,3624.0,0.5,0.85,0.5
PRJ-0973,Commercial Complex,Jharkhand,3190,23,2,22,300,Expert,Good,Paint,3161.0,3264.4,3.27,Low,28952.0,0.42,0.0,0.1
PRJ-0974,Road & Highway,Maharashtra,33354,49,10,30,123,Semi-skilled,Average,Fly Ash Bricks,79.0,88.89,12.52,Medium,79.0,0.78,0.2,0.6
PRJ-0975,Industrial Warehouse,Tamil Nadu,10576,11,9,24,177,Unskilled,Average,Coarse Aggregate,52.6,58.09,10.45,Medium,6588.0,0.75,0.6,0.5
PRJ-0976,Hospital,Bihar,6832,8,12,25,392,Unskilled,Good,Structural Steel,25.7,27.33,6.36,Medium,122250.0,0.45,0.0,0.2
PRJ-0977,Hospital,Punjab,9340,23,2,16,223,Skilled,Poor,HDPE Pipes,223.0,236.78,6.18,Medium,6201.0,0.74,0.0,0.1
PRJ-0978,School/College,Odisha,7703,15,4,14,298,Semi-skilled,Good,AAC Blocks,763.0,813.55,6.63,Medium,2780.0,0.5,0.05,0.2
PRJ-0979,Residential Apartment,Tamil Nadu,23454,24,12,29,417,Skilled,Poor,Structural Steel,74.0,76.95,3.98,Low,221250.0,0.75,0.0,0.2
PRJ-0980,Industrial Warehouse,Telangana,4015,21,3,14,242,Unskilled,Good,HDPE Pipes,594.0,623.18,4.91,Low,13131.0,0.7,0.0,0.1
PRJ-0981,Residential Apartment,Telangana,24537,18,12,15,349,Unskilled,Excellent,AAC Blocks,1460.0,1572.47,7.7,Medium,6186.0,0.7,0.0,0.2
PRJ-0982,Industrial Warehouse,Karnataka,11499,8,9,15,169,Semi-skilled,Poor,AAC Blocks,107.0,115.55,7.99,Medium,470.0,0.72,0.6,0.2
PRJ-0983,School/College,Tamil Nadu,6299,18,3,20,264,Semi-skilled,Poor,AAC Blocks,1953.0,2143.54,9.76,Medium,10480.0,0.75,0.0,0.2
PRJ-0984,Hospital,Bihar,1408,14,5,30,305,Unskilled,Good,TMT Steel,100.5,106.95,6.42,Medium,399900.0,0.45,0.15,0.3
PRJ-0985,Metro Rail,Maharashtra,24064,25,2,25,245,Unskilled,Excellent,Structural Steel,21.4,21.69,1.36,Low,21750.0,0.78,0.0,0.2
PRJ-0986,Metro Rail,West Bengal,43188,30,9,19,55,Expert,Poor,AAC Blocks,258.0,278.93,8.11,Medium,1151.0,0.62,0.6,0.2
PRJ-0987,Data Center,Uttar Pradesh,9755,22,2,3,351,Unskilled,Excellent,HDPE Pipes,778.0,828.16,6.45,Medium,22572.0,0.58,0.0,0.1
PRJ-0988,Data Center,Maharashtra,11673,19,1,25,42,Unskilled,Average,Fly Ash Bricks,665.0,742.9,11.71,Medium,623.0,0.78,0.0,0.6
PRJ-0989,Bridge Construction,Telangana,46851,29,12,17,248,Semi-skilled,Good,AAC Blocks,284.0,303.45,6.85,Medium,1070.0,0.7,0.0,0.2
PRJ-0990,Hospital,Maharashtra,4816,8,11,25,92,Semi-skilled,Poor,OPC Cement,101.5,112.55,10.89,Medium,4199.0,0.78,0.05,0.7
PRJ-0991,Industrial Warehouse,Uttar Pradesh,1216,10,11,21,279,Unskilled,Average,Electrical Cable,410.0,442.93,8.03,Medium,72446.0,0.58,0.05,0.1
PRJ-0992,Bridge Construction,Karnataka,6504,43,10,22,349,Semi-skilled,Poor,River Sand,239.8,282.69,17.89,High,77202.0,0.72,0.2,0.9
PRJ-0993,Industrial Warehouse,Gujarat,7685,14,4,27,80,Semi-skilled,Poor,River Sand,28.3,34.18,20.79,High,10584.0,0.82,0.05,0.9
PRJ-0994,Residential Apartment,Maharashtra,22936,18,8,1,89,Skilled,Good,Structural Steel,52.4,55.4,5.73,Medium,225000.0,0.78,0.85,0.2
PRJ-0995,Data Center,Karnataka,12497,22,5,12,142,Semi-skilled,Good,Plywood,678.0,846.95,24.92,High,16050.0,0.72,0.15,0.8
PRJ-0996,Bridge Construction,Maharashtra,26406,49,12,29,420,Semi-skilled,Good,Fly Ash Bricks,116.0,125.25,7.98,Medium,74.0,0.78,0.0,0.6
PRJ-0997,Bridge Construction,Bihar,44161,41,11,29,228,Semi-skilled,Excellent,Fly Ash Bricks,252.0,278.82,10.64,Medium,215.0,0.45,0.05,0.6
PRJ-0998,Residential Apartment,Punjab,19784,27,7,26,126,Unskilled,Average,AAC Blocks,452.0,502.57,11.19,Medium,2781.0,0.74,0.9,0.2
PRJ-0999,Road & Highway,Rajasthan,9298,35,6,13,355,Unskilled,Average,HDPE Pipes,3093.0,3330.17,7.67,Medium,106727.0,0.65,0.7,0.1
PRJ-1000,Data Center,Uttar Pradesh,4254,16,9,17,121,Skilled,Average,Coarse Aggregate,134.1,141.84,5.77,Medium,9288.0,0.58,0.6,0.5
PRJ-1001,Metro Rail,Kerala,33112,58,9,6,457,Unskilled,Average,Structural Steel,137.8,148.51,7.77,Medium,803250.0,0.68,0.6,0.2
PRJ-1002,Data Center,Jharkhand,9480,18,5,8,98,Unskilled,Good,Electrical Cable,1560.0,1704.12,9.24,Medium,317064.0,0.42,0.15,0.1
PRJ-1003,Hospital,Uttar Pradesh,8716,8,9,30,280,Skilled,Average,River Sand,127.4,144.63,13.52,Medium,31014.0,0.58,0.6,0.9
PRJ-1004,Data Center,Odisha,10189,14,10,22,444,Semi-skilled,Average,Paint,495.0,538.47,8.78,Medium,12172.0,0.5,0.2,0.1
PRJ-1005,Data Center,Telangana,6524,9,12,12,32,Skilled,Good,AAC Blocks,449.0,476.27,6.07,Medium,1500.0,0.7,0.0,0.2
PRJ-1006,Residential Apartment,Uttar Pradesh,3044,31,12,6,292,Unskilled,Average,Paint,438.0,470.0,7.31,Medium,8960.0,0.58,0.0,0.1
PRJ-1007,Residential Apartment,Maharashtra,8457,20,8,6,489,Expert,Average,Coarse Aggregate,29.7,32.69,10.08,Medium,3588.0,0.78,0.85,0.5
PRJ-1008,Residential Apartment,Punjab,16641,19,8,30,398,Semi-skilled,Poor,Vitrified Tiles,360.0,387.01,7.5,Medium,17556.0,0.74,0.85,0.2
PRJ-1009,Metro Rail,Rajasthan,27633,60,11,21,371,Unskilled,Average,TMT Steel,18.0,19.5,8.31,Medium,93000.0,0.65,0.05,0.3
PRJ-1010,Commercial Complex,Bihar,12979,29,3,12,76,Unskilled,Good,Paint,72.0,77.17,7.18,Medium,1448.0,0.45,0.0,0.1
PRJ-1011,Residential Apartment,Rajasthan,2758,33,6,6,307,Unskilled,Poor,Coarse Aggregate,61.1,71.97,17.78,High,13044.0,0.65,0.7,0.5
PRJ-1012,Commercial Complex,Karnataka,21550,20,8,25,370,Semi-skilled,Good,Coarse Aggregate,69.8,76.51,9.62,Medium,8052.0,0.72,0.85,0.5
PRJ-1013,Hospital,Telangana,4081,10,6,26,389,Semi-skilled,Poor,River Sand,29.2,35.41,21.26,High,11178.0,0.7,0.7,0.9
PRJ-1014,Road & Highway,Kerala,42755,19,6,9,464,Unskilled,Average,Electrical Cable,1738.0,1942.35,11.76,Medium,449570.0,0.68,0.7,0.1
PRJ-1015,Bridge Construction,Karnataka,33451,42,9,29,113,Skilled,Average,Paint,1611.0,1733.91,7.63,Medium,34415.0,0.72,0.6,0.1
PRJ-1016,Residential Apartment,Madhya Pradesh,18249,19,6,17,118,Semi-skilled,Good,AAC Blocks,525.0,563.98,7.43,Medium,2144.0,0.55,0.7,0.2
PRJ-1017,Bridge Construction,Uttar Pradesh,22009,58,2,25,240,Expert,Good,Plywood,337.0,408.46,21.2,High,6789.0,0.58,0.0,0.8
PRJ-1018,Commercial Complex,Telangana,12622,15,4,3,264,Semi-skilled,Excellent,AAC Blocks,1635.0,1759.55,7.62,Medium,6850.0,0.7,0.05,0.2
PRJ-1019,Metro Rail,Uttar Pradesh,19412,47,11,23,36,Skilled,Average,Electrical Cable,2255.0,2368.01,5.01,Medium,248622.0,0.58,0.05,0.1
PRJ-1020,Industrial Warehouse,Madhya Pradesh,7811,22,2,7,146,Unskilled,Average,River Sand,72.2,92.9,28.67,High,37260.0,0.55,0.0,0.9
PRJ-1021,Commercial Complex,Kerala,17585,23,6,14,388,Semi-skilled,Good,River Sand,43.7,53.05,21.39,High,16830.0,0.68,0.7,0.9
PRJ-1022,Data Center,Rajasthan,3847,21,2,1,283,Unskilled,Poor,Plywood,4272.0,6052.11,41.67,High,169110.0,0.65,0.0,0.8
PRJ-1023,Hospital,Bihar,1231,9,3,14,312,Unskilled,Average,Structural Steel,325.3,343.07,5.46,Medium,1332750.0,0.45,0.0,0.2
PRJ-1024,Road & Highway,Maharashtra,45531,56,4,11,57,Unskilled,Average,TMT Steel,49.4,52.06,5.39,Medium,164920.0,0.78,0.05,0.3
PRJ-1025,Bridge Construction,Uttar Pradesh,26622,57,1,27,322,Semi-skilled,Excellent,River Sand,712.7,780.93,9.57,Medium,122814.0,0.58,0.0,0.9
PRJ-1026,Data Center,West Bengal,12087,11,4,6,409,Unskilled,Good,HDPE Pipes,799.0,848.64,6.21,Medium,22338.0,0.62,0.05,0.1
PRJ-1027,School/College,Madhya Pradesh,6055,24,1,12,455,Expert,Good,Plywood,4171.0,5011.81,20.16,High,79877.0,0.55,0.0,0.8
PRJ-1028,Industrial Warehouse,Maharashtra,7050,15,3,13,172,Unskilled,Good,River Sand,18.3,21.26,16.17,High,5328.0,0.78,0.0,0.9
PRJ-1029,School/College,Karnataka,4891,11,12,8,150,Unskilled,Average,AAC Blocks,832.0,912.48,9.67,Medium,4426.0,0.72,0.0,0.2
PRJ-1030,Hospital,Bihar,4027,10,8,4,387,Unskilled,Average,Paint,210.0,223.74,6.54,Medium,3847.0,0.45,0.85,0.1
PRJ-1031,Bridge Construction,Kerala,17719,23,5,17,455,Semi-skilled,Average,Coarse Aggregate,206.0,231.32,12.29,Medium,30384.0,0.68,0.15,0.5
PRJ-1032,Data Center,Haryana,7103,15,10,30,427,Unskilled,Poor,Plywood,326.0,430.55,32.07,High,9932.0,0.71,0.2,0.8
PRJ-1033,Industrial Warehouse,Kerala,8926,23,10,4,367,Semi-skilled,Average,Structural Steel,30.7,32.93,7.28,Medium,167250.0,0.68,0.2,0.2
PRJ-1034,Industrial Warehouse,Kerala,2879,22,10,20,84,Unskilled,Good,AAC Blocks,1326.0,1465.72,10.54,Medium,7685.0,0.68,0.2,0.2
PRJ-1035,Commercial Complex,Haryana,9000,17,8,17,77,Skilled,Poor,Vitrified Tiles,243.0,266.97,9.86,Medium,15581.0,0.71,0.85,0.2
PRJ-1036,Commercial Complex,Punjab,18496,27,1,8,439,Semi-skilled,Poor,Vitrified Tiles,146.0,158.51,8.57,Medium,8131.0,0.74,0.0,0.2
PRJ-1037,School/College,Gujarat,10293,10,7,26,184,Unskilled,Good,Structural Steel,45.4,47.21,3.99,Low,135750.0,0.82,0.9,0.2
PRJ-1038,Hospital,Tamil Nadu,6881,12,1,19,283,Semi-skilled,Average,Electrical Cable,1121.0,1208.44,7.8,Medium,192368.0,0.75,0.0,0.1
PRJ-1039,Bridge Construction,Uttar Pradesh,45550,23,10,12,462,Unskilled,Average,AAC Blocks,1777.0,1919.63,8.03,Medium,7845.0,0.58,0.2,0.2
PRJ-1040,Residential Apartment,Maharashtra,2192,16,3,25,350,Unskilled,Good,Coarse Aggregate,190.9,209.6,9.8,Medium,22440.0,0.78,0.0,0.5
PRJ-1041,School/College,West Bengal,11042,9,9,29,129,Semi-skilled,Average,AAC Blocks,2440.0,2576.6,5.6,Medium,7513.0,0.62,0.6,0.2
PRJ-1042,Residential Apartment,Karnataka,12361,28,10,13,251,Skilled,Poor,Plywood,1580.0,2103.91,33.16,High,49771.0,0.72,0.2,0.8
PRJ-1043,Residential Apartment,Rajasthan,21811,36,1,24,423,Unskilled,Average,Paint,1488.0,1598.94,7.46,Medium,31063.0,0.65,0.0,0.1
PRJ-1044,Hospital,Kerala,5875,10,6,18,384,Semi-skilled,Poor,Structural Steel,38.7,41.54,7.34,Medium,213000.0,0.68,0.7,0.2
PRJ-1045,School/College,Madhya Pradesh,1731,10,2,29,144,Skilled,Good,Electrical Cable,585.0,615.36,5.19,Medium,66792.0,0.55,0.0,0.1
PRJ-1046,Industrial Warehouse,Tamil Nadu,13293,18,1,4,144,Unskilled,Average,OPC Cement,35.0,40.81,16.61,High,2208.0,0.75,0.0,0.7
PRJ-1047,School/College,Rajasthan,3439,8,3,4,140,Semi-skilled,Average,AAC Blocks,2075.0,2228.89,7.42,Medium,8464.0,0.65,0.0,0.2
PRJ-1048,Road & Highway,Karnataka,41056,30,1,22,394,Unskilled,Good,Structural Steel,183.1,191.46,4.57,Low,627000.0,0.72,0.0,0.2
PRJ-1049,School/College,Tamil Nadu,13775,21,12,8,232,Skilled,Poor,Vitrified Tiles,1541.0,1692.7,9.84,Medium,98605.0,0.75,0.0,0.2
PRJ-1050,Commercial Complex,Kerala,17692,19,12,24,214,Semi-skilled,Average,HDPE Pipes,128.0,134.89,5.38,Medium,3100.0,0.68,0.0,0.1
PRJ-1051,Bridge Construction,Kerala,33076,48,8,6,43,Unskilled,Average,OPC Cement,107.0,125.29,17.09,High,6950.0,0.68,0.85,0.7
PRJ-1052,Bridge Construction,Punjab,11535,21,12,16,487,Unskilled,Poor,Coarse Aggregate,50.3,56.98,13.28,Medium,8016.0,0.74,0.0,0.5
PRJ-1053,Bridge Construction,Madhya Pradesh,6807,59,6,22,292,Skilled,Average,River Sand,53.1,62.38,17.48,High,16704.0,0.55,0.7,0.9
PRJ-1054,Road & Highway,West Bengal,39674,41,1,3,411,Unskilled,Good,OPC Cement,7.1,8.32,17.21,High,464.0,0.62,0.0,0.7
PRJ-1055,Bridge Construction,Odisha,24918,41,11,9,498,Unskilled,Average,River Sand,90.6,106.76,17.84,High,29088.0,0.5,0.05,0.9
PRJ-1056,Data Center,Uttar Pradesh,7381,11,6,20,115,Semi-skilled,Average,Coarse Aggregate,253.8,276.14,8.8,Medium,26808.0,0.58,0.7,0.5
PRJ-1057,Hospital,West Bengal,12212,11,12,23,406,Semi-skilled,Average,River Sand,57.4,67.43,17.48,High,18054.0,0.62,0.0,0.9
PRJ-1058,Data Center,Gujarat,6806,20,10,4,88,Semi-skilled,Good,Structural Steel,173.9,180.75,3.94,Low,513750.0,0.82,0.2,0.2
PRJ-1059,Hospital,Madhya Pradesh,1413,19,4,12,273,Unskilled,Poor,HDPE Pipes,633.0,679.91,7.41,Medium,21109.0,0.55,0.05,0.1
PRJ-1060,School/College,West Bengal,5693,9,12,6,393,Unskilled,Good,Paint,634.0,682.41,7.64,Medium,13555.0,0.62,0.0,0.1
PRJ-1061,Bridge Construction,Kerala,9511,37,7,10,423,Unskilled,Average,Electrical Cable,582.0,622.68,6.99,Medium,89496.0,0.68,0.9,0.1
PRJ-1062,Data Center,Gujarat,4578,8,12,10,368,Unskilled,Good,Structural Steel,85.0,88.98,4.68,Low,298500.0,0.82,0.0,0.2
PRJ-1063,Commercial Complex,Kerala,7705,32,5,22,72,Unskilled,Average,Coarse Aggregate,20.0,22.6,12.99,Medium,3120.0,0.68,0.15,0.5
PRJ-1064,Commercial Complex,Telangana,19428,35,7,14,126,Skilled,Average,Electrical Cable,824.0,857.01,4.01,Low,72622.0,0.7,0.9,0.1
PRJ-1065,Residential Apartment,Jharkhand,14723,22,5,13,295,Expert,Average,HDPE Pipes,790.0,844.21,6.86,Medium,24395.0,0.42,0.15,0.1
PRJ-1066,Hospital,Haryana,4546,20,1,18,306,Skilled,Poor,TMT Steel,17.1,17.91,4.72,Low,50220.0,0.71,0.0,0.3
PRJ-1067,Bridge Construction,Madhya Pradesh,36878,56,4,30,348,Unskilled,Good,Paint,2007.0,2181.91,8.71,Medium,48975.0,0.55,0.05,0.1
PRJ-1068,Commercial Complex,Odisha,20895,17,6,24,94,Skilled,Good,Vitrified Tiles,417.0,449.03,7.68,Medium,20819.0,0.5,0.7,0.2
PRJ-1069,Commercial Complex,Kerala,7494,27,11,30,49,Unskilled,Average,Fly Ash Bricks,841.0,957.2,13.82,Medium,930.0,0.68,0.05,0.6
PRJ-1070,Commercial Complex,Maharashtra,3634,24,5,24,499,Semi-skilled,Average,OPC Cement,26.2,29.71,13.4,Medium,1334.0,0.78,0.15,0.7
PRJ-1071,School/College,West Bengal,3101,24,3,6,163,Semi-skilled,Average,TMT Steel,162.8,176.13,8.19,Medium,826460.0,0.62,0.0,0.3
PRJ-1072,Commercial Complex,Madhya Pradesh,16625,34,2,19,415,Expert,Average,TMT Steel,32.8,34.04,3.79,Low,76880.0,0.55,0.0,0.3
PRJ-1073,Hospital,Uttar Pradesh,8343,24,11,20,393,Skilled,Good,Plywood,678.0,759.27,11.99,Medium,7721.0,0.58,0.05,0.8
PRJ-1074,Bridge Construction,Jharkhand,36264,36,10,19,334,Unskilled,Average,AAC Blocks,427.0,452.93,6.07,Medium,1426.0,0.42,0.2,0.2
PRJ-1075,Industrial Warehouse,Haryana,2744,23,3,4,76,Unskilled,Good,AAC Blocks,191.0,208.99,9.42,Medium,989.0,0.71,0.0,0.2
PRJ-1076,Data Center,Uttar Pradesh,13087,11,9,18,337,Semi-skilled,Poor,TMT Steel,20.2,22.19,9.83,Medium,123380.0,0.58,0.6,0.3
PRJ-1077,Data Center,Tamil Nadu,4461,18,8,14,461,Unskilled,Excellent,Coarse Aggregate,44.0,46.73,6.2,Medium,3276.0,0.75,0.85,0.5
PRJ-1078,Commercial Complex,Karnataka,17105,23,10,27,200,Unskilled,Poor,Structural Steel,24.3,25.03,3.02,Low,54750.0,0.72,0.2,0.2
PRJ-1079,Commercial Complex,Bihar,11997,31,10,14,131,Semi-skilled,Average,OPC Cement,74.2,83.48,12.5,Medium,3526.0,0.45,0.2,0.7
PRJ-1080,Commercial Complex,Telangana,19221,34,4,23,322,Semi-skilled,Good,TMT Steel,103.5,107.76,4.11,Low,264120.0,0.7,0.05,0.3
PRJ-1081,Data Center,Madhya Pradesh,12431,9,3,4,410,Unskilled,Good,Electrical Cable,330.0,363.33,10.1,Medium,73326.0,0.55,0.0,0.1
PRJ-1082,Commercial Complex,Bihar,13405,18,8,26,369,Semi-skilled,Poor,Coarse Aggregate,123.5,137.54,11.37,Medium,16848.0,0.45,0.85,0.5
PRJ-1083,Road & Highway,Bihar,20864,22,2,16,334,Skilled,Average,Vitrified Tiles,533.0,574.98,7.88,Medium,27287.0,0.45,0.0,0.2
PRJ-1084,Residential Apartment,Odisha,12173,34,1,20,447,Unskilled,Average,River Sand,115.4,136.78,18.53,High,38484.0,0.5,0.0,0.9
PRJ-1085,Metro Rail,Punjab,29351,51,5,25,190,Semi-skilled,Average,Structural Steel,13.7,14.22,3.81,Low,39000.0,0.74,0.15,0.2
PRJ-1086,Road & Highway,Kerala,43403,53,10,25,445,Unskilled,Average,Fly Ash Bricks,398.0,455.1,14.35,Medium,457.0,0.68,0.2,0.6
PRJ-1087,Road & Highway,Telangana,15100,27,11,30,184,Skilled,Good,OPC Cement,46.4,50.22,8.23,Medium,1452.0,0.7,0.05,0.7
PRJ-1088,Hospital,Odisha,2142,13,5,11,305,Skilled,Poor,Paint,531.0,577.92,8.84,Medium,13138.0,0.5,0.15,0.1
PRJ-1089,Bridge Construction,Jharkhand,32588,29,8,29,498,Unskilled,Good,River Sand,49.6,60.3,21.56,High,19260.0,0.42,0.85,0.9
PRJ-1090,Road & Highway,Bihar,12963,52,1,13,139,Semi-skilled,Average,Fly Ash Bricks,553.0,613.43,10.93,Medium,483.0,0.45,0.0,0.6
PRJ-1091,Commercial Complex,Jharkhand,20181,20,4,11,139,Unskilled,Average,TMT Steel,10.8,11.45,6.05,Medium,40300.0,0.42,0.05,0.3
PRJ-1092,Road & Highway,Maharashtra,44178,43,8,17,358,Semi-skilled,Good,Vitrified Tiles,2593.0,2789.5,7.58,Medium,127725.0,0.78,0.85,0.2
PRJ-1093,Residential Apartment,Kerala,16045,34,10,22,176,Unskilled,Good,HDPE Pipes,482.0,506.64,5.11,Medium,11088.0,0.68,0.2,0.1
PRJ-1094,Hospital,Karnataka,5547,9,11,18,403,Semi-skilled,Good,Paint,7150.0,7610.0,6.43,Medium,128800.0,0.72,0.05,0.1
PRJ-1095,Commercial Complex,West Bengal,22842,36,8,29,116,Unskilled,Excellent,OPC Cement,83.4,91.56,9.78,Medium,3101.0,0.62,0.85,0.7
PRJ-1096,Data Center,Bihar,2054,10,9,29,125,Unskilled,Average,Coarse Aggregate,85.9,96.56,12.41,Medium,12792.0,0.45,0.6,0.5
PRJ-1097,Data Center,West Bengal,8835,12,1,4,265,Semi-skilled,Good,TMT Steel,47.2,50.1,6.15,Medium,179800.0,0.62,0.0,0.3
PRJ-1098,Industrial Warehouse,Rajasthan,11657,13,3,21,107,Semi-skilled,Excellent,OPC Cement,48.7,52.72,8.26,Medium,1528.0,0.65,0.0,0.7
PRJ-1099,School/College,Haryana,4760,9,12,14,364,Skilled,Poor,Coarse Aggregate,34.6,37.43,8.19,Medium,3396.0,0.71,0.0,0.5
PRJ-1100,Data Center,Uttar Pradesh,1236,11,5,29,298,Unskilled,Good,Fly Ash Bricks,780.0,871.16,11.69,Medium,729.0,0.58,0.15,0.6
PRJ-1101,Bridge Construction,Karnataka,41224,35,5,5,362,Expert,Poor,Paint,1215.0,1330.14,9.48,Medium,32239.0,0.72,0.15,0.1
PRJ-1102,Bridge Construction,Gujarat,5479,56,6,10,244,Unskilled,Good,OPC Cement,65.8,75.71,15.06,High,3766.0,0.82,0.7,0.7
PRJ-1103,Commercial Complex,Kerala,18867,25,12,22,53,Expert,Average,Fly Ash Bricks,384.0,416.58,8.49,Medium,261.0,0.68,0.0,0.6
PRJ-1104,Residential Apartment,Telangana,11339,15,10,10,273,Unskilled,Average,Vitrified Tiles,458.0,512.88,11.98,Medium,35672.0,0.7,0.2,0.2
PRJ-1105,Commercial Complex,Haryana,17317,13,4,11,179,Skilled,Poor,AAC Blocks,1589.0,1749.54,10.1,Medium,8830.0,0.71,0.05,0.2
PRJ-1106,Commercial Complex,Kerala,22433,13,11,17,485,Skilled,Average,OPC Cement,51.5,60.71,17.88,High,3500.0,0.68,0.05,0.7
PRJ-1107,Commercial Complex,Maharashtra,8541,22,11,13,183,Semi-skilled,Poor,Vitrified Tiles,468.0,535.01,14.32,Medium,43556.0,0.78,0.05,0.2
PRJ-1108,Industrial Warehouse,Maharashtra,3859,15,11,16,215,Semi-skilled,Average,Plywood,877.0,1030.07,17.45,High,14542.0,0.78,0.05,0.8
PRJ-1109,Data Center,Telangana,13703,13,3,19,197,Unskilled,Average,OPC Cement,53.7,61.85,15.18,High,3097.0,0.7,0.0,0.7
PRJ-1110,Bridge Construction,Tamil Nadu,45967,52,2,26,406,Unskilled,Good,Vitrified Tiles,1060.0,1161.61,9.59,Medium,66046.0,0.75,0.0,0.2
PRJ-1111,Road & Highway,Odisha,13311,35,5,21,343,Skilled,Average,Structural Steel,61.4,63.46,3.36,Low,154500.0,0.5,0.15,0.2
PRJ-1112,Data Center,Kerala,9394,14,3,9,229,Unskilled,Good,Plywood,764.0,962.94,26.04,High,18899.0,0.68,0.0,0.8
PRJ-1113,School/College,Madhya Pradesh,4769,15,10,9,126,Semi-skilled,Poor,Paint,257.0,280.77,9.25,Medium,6656.0,0.55,0.2,0.1
PRJ-1114,School/College,Bihar,11031,16,7,24,39,Semi-skilled,Good,AAC Blocks,1953.0,2067.77,5.88,Medium,6312.0,0.45,0.9,0.2
PRJ-1115,Bridge Construction,Karnataka,21324,53,5,6,216,Expert,Excellent,HDPE Pipes,816.0,844.51,3.49,Low,12829.0,0.72,0.15,0.1
PRJ-1116,Metro Rail,Uttar Pradesh,34475,35,1,7,194,Skilled,Poor,AAC Blocks,355.0,394.56,11.14,Medium,2176.0,0.58,0.0,0.2
PRJ-1117,Industrial Warehouse,Odisha,11380,24,9,26,338,Expert,Average,Electrical Cable,1102.0,1170.51,6.22,Medium,150722.0,0.5,0.6,0.1
PRJ-1118,Residential Apartment,Gujarat,15989,31,10,28,236,Unskilled,Poor,Vitrified Tiles,1284.0,1466.35,14.2,Medium,118527.0,0.82,0.2,0.2
PRJ-1119,Commercial Complex,Jharkhand,15266,22,8,2,152,Semi-skilled,Good,HDPE Pipes,461.0,489.83,6.25,Medium,12973.0,0.42,0.85,0.1
PRJ-1120,Road & Highway,Maharashtra,43791,55,1,11,160,Unskilled,Average,Electrical Cable,130.0,141.31,8.7,Medium,24882.0,0.78,0.0,0.1
PRJ-1121,Road & Highway,Haryana,23664,57,5,21,225,Semi-skilled,Average,Structural Steel,209.4,219.4,4.78,Low,750000.0,0.71,0.15,0.2
PRJ-1122,Data Center,West Bengal,9829,16,10,15,28,Unskilled,Poor,Paint,2348.0,2575.97,9.71,Medium,63832.0,0.62,0.2,0.1
PRJ-1123,Residential Apartment,Jharkhand,21144,13,7,3,453,Unskilled,Average,OPC Cement,145.2,176.68,21.68,High,11962.0,0.42,0.9,0.7
PRJ-1124,Commercial Complex,Maharashtra,19157,20,4,26,386,Expert,Average,AAC Blocks,337.0,354.99,5.34,Medium,989.0,0.78,0.05,0.2
PRJ-1125,Data Center,West Bengal,7862,21,6,24,186,Unskilled,Average,HDPE Pipes,440.0,463.09,5.25,Medium,10390.0,0.62,0.7,0.1
PRJ-1126,School/College,Bihar,12243,11,1,13,271,Semi-skilled,Average,Paint,8394.0,9110.92,8.54,Medium,200738.0,0.45,0.0,0.1
PRJ-1127,Industrial Warehouse,Gujarat,12375,14,5,12,332,Skilled,Excellent,Vitrified Tiles,8449.0,9005.34,6.58,Medium,361621.0,0.82,0.15,0.2
PRJ-1128,School/College,Uttar Pradesh,5558,18,1,25,485,Unskilled,Average,Structural Steel,60.9,62.75,3.03,Low,138750.0,0.58,0.0,0.2
PRJ-1129,Data Center,Jharkhand,10447,15,12,16,195,Unskilled,Poor,Paint,1790.0,1971.7,10.15,Medium,50876.0,0.42,0.0,0.1
PRJ-1130,Bridge Construction,Haryana,41765,45,3,3,261,Skilled,Average,River Sand,23.6,27.38,16.03,High,6804.0,0.71,0.0,0.9
PRJ-1131,Metro Rail,Odisha,13150,37,8,2,452,Unskilled,Poor,Plywood,1124.0,1708.06,51.96,High,55486.0,0.5,0.85,0.8
PRJ-1132,Road & Highway,Madhya Pradesh,37145,45,6,24,108,Skilled,Good,Fly Ash Bricks,1634.0,1836.41,12.39,Medium,1619.0,0.55,0.7,0.6
PRJ-1133,School/College,Odisha,11308,21,2,25,407,Unskilled,Average,Vitrified Tiles,247.0,281.01,13.77,Medium,22106.0,0.5,0.0,0.2
PRJ-1134,Road & Highway,Odisha,31686,53,12,28,46,Semi-skilled,Poor,HDPE Pipes,40.0,42.58,6.46,Medium,1161.0,0.5,0.0,0.1
PRJ-1135,Metro Rail,Gujarat,10543,19,1,25,60,Skilled,Poor,HDPE Pipes,4615.0,4940.59,7.06,Medium,146516.0,0.82,0.0,0.1
PRJ-1136,Data Center,Telangana,2377,14,6,1,408,Unskilled,Excellent,AAC Blocks,712.0,775.96,8.98,Medium,3518.0,0.7,0.7,0.2
PRJ-1137,Industrial Warehouse,Haryana,9023,22,12,12,288,Unskilled,Average,Coarse Aggregate,109.3,120.12,9.9,Medium,12984.0,0.71,0.0,0.5
PRJ-1138,Data Center,Uttar Pradesh,3403,9,7,7,402,Unskilled,Average,Plywood,124.0,173.59,39.99,High,4711.0,0.58,0.9,0.8
PRJ-1139,Bridge Construction,Gujarat,44002,34,11,13,280,Skilled,Average,Paint,1095.0,1162.01,6.12,Medium,18763.0,0.82,0.05,0.1
PRJ-1140,Road & Highway,Gujarat,40207,22,2,22,97,Unskilled,Average,Plywood,402.0,518.18,28.9,High,11037.0,0.82,0.0,0.8
PRJ-1141,Data Center,Tamil Nadu,12699,9,8,15,471,Unskilled,Poor,Electrical Cable,3086.0,3375.91,9.39,Medium,637802.0,0.75,0.85,0.1
PRJ-1142,Bridge Construction,Rajasthan,35211,47,6,29,239,Unskilled,Average,River Sand,105.6,133.39,26.31,High,50022.0,0.65,0.7,0.9
PRJ-1143,Data Center,Gujarat,8282,18,7,23,41,Semi-skilled,Excellent,HDPE Pipes,5497.0,5728.41,4.21,Low,104134.0,0.82,0.9,0.1
PRJ-1144,Hospital,Jharkhand,5341,23,8,25,459,Unskilled,Average,Fly Ash Bricks,458.0,534.48,16.7,High,612.0,0.42,0.85,0.6
PRJ-1145,Road & Highway,Rajasthan,26907,26,9,19,201,Skilled,Average,Electrical Cable,832.0,888.92,6.84,Medium,125224.0,0.65,0.6,0.1
PRJ-1146,Bridge Construction,Haryana,20730,48,1,13,258,Unskilled,Average,TMT Steel,367.6,401.5,9.22,Medium,2101800.0,0.71,0.0,0.3
PRJ-1147,Bridge Construction,Jharkhand,6476,48,3,14,259,Unskilled,Average,Electrical Cable,1060.0,1137.15,7.28,Medium,169730.0,0.42,0.0,0.1
PRJ-1148,Metro Rail,Gujarat,10784,22,5,11,406,Semi-skilled,Poor,Coarse Aggregate,26.5,28.87,8.96,Medium,2844.0,0.82,0.15,0.5
PRJ-1149,Residential Apartment,Telangana,3906,13,10,21,387,Unskilled,Good,Paint,9469.0,10261.23,8.37,Medium,221824.0,0.7,0.2,0.1
PRJ-1150,Residential Apartment,Odisha,14209,24,7,12,391,Semi-skilled,Poor,Fly Ash Bricks,2342.0,2767.06,18.15,High,3400.0,0.5,0.9,0.6
PRJ-1151,Bridge Construction,Uttar Pradesh,39428,39,4,21,356,Unskilled,Poor,River Sand,8.3,10.01,20.59,High,3078.0,0.58,0.05,0.9
PRJ-1152,Road & Highway,Jharkhand,13528,44,11,14,36,Semi-skilled,Excellent,Plywood,242.0,290.99,20.24,High,4654.0,0.42,0.05,0.8
PRJ-1153,Residential Apartment,Jharkhand,10527,26,1,1,457,Expert,Good,OPC Cement,19.5,21.33,9.37,Medium,695.0,0.42,0.0,0.7
PRJ-1154,Residential Apartment,Punjab,12081,30,4,25,360,Unskilled,Average,OPC Cement,76.2,86.27,13.22,Medium,3827.0,0.74,0.05,0.7
PRJ-1155,School/College,Telangana,13052,20,10,27,180,Expert,Poor,OPC Cement,76.6,85.85,12.08,Medium,3515.0,0.7,0.2,0.7
PRJ-1156,Metro Rail,Madhya Pradesh,34348,35,4,13,238,Unskilled,Good,Electrical Cable,403.0,433.27,7.51,Medium,66594.0,0.55,0.05,0.1
PRJ-1157,Hospital,Bihar,9367,21,2,17,269,Semi-skilled,Average,Electrical Cable,185.0,195.86,5.87,Medium,23892.0,0.45,0.0,0.1
PRJ-1158,Data Center,Bihar,11664,20,11,18,473,Unskilled,Average,Paint,612.0,671.69,9.75,Medium,16713.0,0.45,0.05,0.1
PRJ-1159,Metro Rail,Punjab,29173,43,3,11,327,Semi-skilled,Poor,Plywood,3081.0,4087.95,32.68,High,95660.0,0.74,0.0,0.8
PRJ-1160,Commercial Complex,Rajasthan,7376,34,12,8,374,Unskilled,Good,Vitrified Tiles,833.0,925.4,11.09,Medium,60060.0,0.65,0.0,0.2
PRJ-1161,Industrial Warehouse,West Bengal,5682,8,7,11,162,Skilled,Good,Vitrified Tiles,154.0,161.59,4.93,Low,4934.0,0.62,0.9,0.2
PRJ-1162,School/College,Bihar,3548,10,3,9,48,Unskilled,Poor,OPC Cement,11.5,13.63,18.49,High,809.0,0.45,0.0,0.7
PRJ-1163,School/College,Bihar,1528,17,7,16,177,Semi-skilled,Poor,HDPE Pipes,707.0,751.97,6.36,Medium,20237.0,0.45,0.9,0.1
PRJ-1164,Commercial Complex,Rajasthan,18395,22,8,6,153,Semi-skilled,Good,River Sand,11.5,14.15,23.02,High,4770.0,0.65,0.85,0.9
PRJ-1165,Residential Apartment,Gujarat,21847,20,6,10,72,Unskilled,Good,Plywood,904.0,1148.41,27.04,High,23219.0,0.82,0.7,0.8
PRJ-1166,Industrial Warehouse,Haryana,4701,24,12,16,350,Unskilled,Average,OPC Cement,97.5,114.48,17.42,High,6452.0,0.71,0.0,0.7
PRJ-1167,School/College,Haryana,12173,21,12,14,178,Skilled,Good,Electrical Cable,99.0,104.75,5.81,Medium,12650.0,0.71,0.0,0.1
PRJ-1168,Bridge Construction,Tamil Nadu,10909,31,4,30,207,Unskilled,Good,TMT Steel,46.6,48.71,4.54,Low,130820.0,0.75,0.05,0.3
PRJ-1169,Industrial Warehouse,Uttar Pradesh,7125,14,9,9,481,Expert,Average,AAC Blocks,644.0,659.63,2.43,Low,860.0,0.58,0.6,0.2
PRJ-1170,School/College,Jharkhand,6722,14,2,20,499,Semi-skilled,Average,Plywood,1932.0,2358.52,22.08,High,40519.0,0.42,0.0,0.8
PRJ-1171,Industrial Warehouse,Punjab,9011,18,2,11,468,Semi-skilled,Average,Vitrified Tiles,5254.0,5585.94,6.32,Medium,215761.0,0.74,0.0,0.2
PRJ-1172,School/College,Rajasthan,12098,10,12,30,107,Expert,Average,Structural Steel,29.9,30.43,1.76,Low,39750.0,0.65,0.0,0.2
PRJ-1173,Metro Rail,Uttar Pradesh,12248,42,9,15,196,Skilled,Poor,HDPE Pipes,851.0,916.67,7.72,Medium,29551.0,0.58,0.6,0.1
PRJ-1174,Road & Highway,Jharkhand,43508,32,2,10,292,Skilled,Average,HDPE Pipes,1673.0,1754.13,4.85,Low,36509.0,0.42,0.0,0.1
PRJ-1175,Residential Apartment,Punjab,8425,29,1,3,439,Unskilled,Average,Fly Ash Bricks,1557.0,1889.11,21.33,High,2657.0,0.74,0.0,0.6
PRJ-1176,Industrial Warehouse,Punjab,14376,13,10,10,488,Unskilled,Good,AAC Blocks,568.0,625.73,10.16,Medium,3175.0,0.74,0.2,0.2
PRJ-1177,Hospital,Punjab,13503,9,4,27,320,Semi-skilled,Poor,OPC Cement,318.2,352.07,10.64,Medium,12871.0,0.74,0.05,0.7
PRJ-1178,School/College,Uttar Pradesh,8736,14,3,10,66,Expert,Average,Structural Steel,25.9,27.28,5.33,Medium,103500.0,0.58,0.0,0.2
PRJ-1179,Commercial Complex,Gujarat,4747,22,4,29,348,Unskilled,Poor,TMT Steel,43.5,46.0,5.76,Medium,155000.0,0.82,0.05,0.3
PRJ-1180,Commercial Complex,Uttar Pradesh,3277,18,4,2,433,Unskilled,Poor,Electrical Cable,201.0,219.43,9.17,Medium,40546.0,0.58,0.05,0.1
PRJ-1181,School/College,Tamil Nadu,12668,11,11,29,44,Semi-skilled,Good,Structural Steel,26.4,27.15,2.84,Low,56250.0,0.75,0.05,0.2
PRJ-1182,Metro Rail,Telangana,24862,60,9,25,180,Unskilled,Average,Paint,1531.0,1651.53,7.87,Medium,33748.0,0.7,0.6,0.1
PRJ-1183,Data Center,Gujarat,14110,17,12,11,473,Unskilled,Good,Paint,279.0,306.97,10.03,Medium,7832.0,0.82,0.0,0.1
PRJ-1184,Industrial Warehouse,Telangana,2610,12,10,14,500,Semi-skilled,Excellent,Fly Ash Bricks,211.0,230.83,9.4,Medium,159.0,0.7,0.2,0.6
PRJ-1185,Metro Rail,Karnataka,32326,37,1,22,62,Expert,Excellent,OPC Cement,51.1,55.49,8.6,Medium,1668.0,0.72,0.0,0.7
PRJ-1186,Residential Apartment,Bihar,24766,35,2,13,348,Unskilled,Average,TMT Steel,74.5,78.21,4.98,Low,230020.0,0.45,0.0,0.3
PRJ-1187,Residential Apartment,Haryana,19250,32,12,5,101,Semi-skilled,Poor,Paint,292.0,323.72,10.86,Medium,8882.0,0.71,0.0,0.1
PRJ-1188,Commercial Complex,Bihar,6633,25,9,27,277,Skilled,Poor,OPC Cement,112.1,123.58,10.24,Medium,4362.0,0.45,0.6,0.7
PRJ-1189,Hospital,Uttar Pradesh,7588,13,11,21,420,Unskilled,Average,Structural Steel,27.9,29.93,7.29,Medium,152250.0,0.58,0.05,0.2
PRJ-1190,Industrial Warehouse,Maharashtra,4171,16,9,16,313,Skilled,Good,Paint,3400.0,3573.72,5.11,Medium,48642.0,0.78,0.6,0.1
PRJ-1191,Residential Apartment,Maharashtra,20635,19,6,5,358,Skilled,Average,Plywood,233.0,301.32,29.32,High,6490.0,0.78,0.7,0.8
PRJ-1192,Metro Rail,West Bengal,13694,53,3,21,253,Unskilled,Poor,River Sand,8.2,10.5,28.05,High,4140.0,0.62,0.0,0.9
PRJ-1193,Residential Apartment,Maharashtra,23659,26,11,30,452,Unskilled,Average,Electrical Cable,465.0,493.6,6.15,Medium,62920.0,0.78,0.05,0.1
PRJ-1194,Industrial Warehouse,Rajasthan,10117,22,4,4,94,Semi-skilled,Poor,AAC Blocks,2341.0,2621.83,12.0,Medium,15446.0,0.65,0.05,0.2
PRJ-1195,Industrial Warehouse,Haryana,14294,9,12,11,366,Expert,Good,Plywood,468.0,564.53,20.63,High,9170.0,0.71,0.0,0.8
PRJ-1196,Residential Apartment,Punjab,22701,28,3,13,28,Skilled,Poor,HDPE Pipes,93.0,98.82,6.26,Medium,2619.0,0.74,0.0,0.1
PRJ-1197,Residential Apartment,Karnataka,10590,12,3,14,420,Unskilled,Average,Electrical Cable,376.0,408.87,8.74,Medium,72314.0,0.72,0.0,0.1
PRJ-1198,Bridge Construction,West Bengal,44779,39,7,2,387,Semi-skilled,Average,OPC Cement,26.9,30.75,14.33,Medium,1463.0,0.62,0.9,0.7
PRJ-1199,School/College,Punjab,9274,18,10,14,220,Expert,Average,TMT Steel,41.0,42.5,3.66,Low,93000.0,0.74,0.2,0.3
PRJ-1200,Commercial Complex,Haryana,12788,32,7,27,201,Unskilled,Poor,HDPE Pipes,870.0,931.12,7.03,Medium,27504.0,0.71,0.9,0.1
PRJ-1201,School/College,West Bengal,9333,24,9,15,392,Skilled,Average,Paint,1751.0,1810.09,3.37,Low,16545.0,0.62,0.6,0.1
PRJ-1202,Road & Highway,Tamil Nadu,30516,60,4,2,233,Semi-skilled,Good,River Sand,61.0,71.84,17.78,High,19512.0,0.75,0.05,0.9
PRJ-1203,Residential Apartment,Haryana,5201,35,2,28,119,Semi-skilled,Poor,Fly Ash Bricks,101.0,119.11,17.94,High,145.0,0.71,0.0,0.6
PRJ-1204,Hospital,Jharkhand,5539,22,10,29,471,Unskilled,Average,TMT Steel,16.3,17.03,4.45,Low,45260.0,0.42,0.2,0.3
PRJ-1205,Road & Highway,Madhya Pradesh,18586,39,1,4,409,Semi-skilled,Average,HDPE Pipes,476.0,501.77,5.41,Medium,11596.0,0.55,0.0,0.1
PRJ-1206,Metro Rail,Punjab,41707,28,4,23,311,Unskilled,Poor,Paint,597.0,648.37,8.6,Medium,14384.0,0.74,0.05,0.1
PRJ-1207,Commercial Complex,Rajasthan,20460,35,8,2,205,Unskilled,Average,HDPE Pipes,8991.0,9681.25,7.68,Medium,310612.0,0.65,0.85,0.1
PRJ-1208,Road & Highway,Telangana,11093,44,6,16,130,Semi-skilled,Good,AAC Blocks,236.0,249.94,5.91,Medium,767.0,0.7,0.7,0.2
PRJ-1209,Road & Highway,Karnataka,30810,49,11,1,433,Semi-skilled,Good,HDPE Pipes,907.0,963.82,6.26,Medium,25569.0,0.72,0.05,0.1
PRJ-1210,Data Center,Jharkhand,9662,21,11,27,429,Unskilled,Good,River Sand,34.1,38.65,13.33,Medium,8190.0,0.42,0.05,0.9
PRJ-1211,Industrial Warehouse,Uttar Pradesh,11853,13,11,28,473,Unskilled,Excellent,Paint,1424.0,1504.51,5.65,Medium,22543.0,0.58,0.05,0.1
PRJ-1212,School/College,Haryana,13454,11,1,17,131,Unskilled,Average,TMT Steel,69.1,73.35,6.15,Medium,263500.0,0.71,0.0,0.3
PRJ-1213,Data Center,Haryana,9425,18,9,14,294,Semi-skilled,Good,Structural Steel,108.0,115.63,7.07,Medium,572250.0,0.71,0.6,0.2
PRJ-1214,Hospital,Haryana,11471,23,7,17,29,Semi-skilled,Average,AAC Blocks,1637.0,1807.29,10.4,Medium,9366.0,0.71,0.9,0.2
PRJ-1215,School/College,Gujarat,5404,16,8,19,186,Skilled,Average,River Sand,229.0,267.78,16.93,High,69804.0,0.82,0.85,0.9
PRJ-1216,Commercial Complex,Gujarat,22846,18,6,3,500,Semi-skilled,Good,Plywood,656.0,818.92,24.84,High,15477.0,0.82,0.7,0.8
PRJ-1217,Metro Rail,Telangana,15396,50,11,23,338,Semi-skilled,Average,Electrical Cable,676.0,732.23,8.32,Medium,123706.0,0.7,0.05,0.1
PRJ-1218,Bridge Construction,Tamil Nadu,9218,58,11,10,289,Unskilled,Good,River Sand,17.4,22.06,26.76,High,8388.0,0.75,0.05,0.9
PRJ-1219,Data Center,West Bengal,13461,11,6,27,403,Semi-skilled,Good,Vitrified Tiles,635.0,689.04,8.51,Medium,35126.0,0.62,0.7,0.2
PRJ-1220,Hospital,Bihar,6482,15,5,9,333,Unskilled,Good,OPC Cement,67.7,76.9,13.59,Medium,3496.0,0.45,0.15,0.7
PRJ-1221,Metro Rail,Odisha,33562,37,11,29,77,Semi-skilled,Average,Vitrified Tiles,339.0,375.39,10.73,Medium,23653.0,0.5,0.05,0.2
PRJ-1222,Data Center,Gujarat,1130,9,12,19,125,Unskilled,Average,River Sand,33.2,39.66,19.45,High,11628.0,0.82,0.0,0.9
PRJ-1223,Residential Apartment,Jharkhand,14976,18,2,27,39,Unskilled,Good,Vitrified Tiles,156.0,172.22,10.39,Medium,10543.0,0.42,0.0,0.2
PRJ-1224,Hospital,Kerala,3543,13,11,30,163,Unskilled,Average,HDPE Pipes,672.0,704.54,4.84,Low,14643.0,0.68,0.05,0.1
PRJ-1225,Road & Highway,Rajasthan,44334,28,11,16,215,Unskilled,Poor,Plywood,3899.0,5320.98,36.47,High,135088.0,0.65,0.05,0.8
PRJ-1226,School/College,Odisha,8141,9,5,3,431,Semi-skilled,Average,TMT Steel,43.8,46.18,5.44,Medium,147560.0,0.5,0.15,0.3
PRJ-1227,Bridge Construction,Maharashtra,17880,37,4,18,22,Unskilled,Good,Coarse Aggregate,71.0,80.87,13.91,Medium,11844.0,0.78,0.05,0.5
PRJ-1228,Hospital,Punjab,7139,24,4,13,224,Expert,Average,AAC Blocks,467.0,488.15,4.53,Low,1163.0,0.74,0.05,0.2
PRJ-1229,Metro Rail,Rajasthan,32317,19,5,12,145,Semi-skilled,Good,TMT Steel,38.5,41.2,7.0,Medium,167400.0,0.65,0.15,0.3
PRJ-1230,Data Center,West Bengal,13250,20,5,21,378,Unskilled,Poor,Plywood,895.0,1193.09,33.31,High,28319.0,0.62,0.15,0.8
PRJ-1231,Metro Rail,Punjab,30892,37,4,20,313,Unskilled,Average,River Sand,15.2,18.55,22.03,High,6030.0,0.74,0.05,0.9
PRJ-1232,School/College,Jharkhand,7697,22,6,24,340,Skilled,Poor,HDPE Pipes,203.0,215.96,6.39,Medium,5832.0,0.42,0.7,0.1
PRJ-1233,Metro Rail,Punjab,16187,23,1,29,471,Expert,Excellent,Paint,79.0,82.43,4.34,Low,960.0,0.74,0.0,0.1
PRJ-1234,Road & Highway,Madhya Pradesh,6285,49,4,15,194,Skilled,Average,OPC Cement,17.0,19.16,12.73,Medium,821.0,0.55,0.05,0.7
PRJ-1235,Industrial Warehouse,Bihar,7828,16,3,7,330,Unskilled,Average,HDPE Pipes,834.0,884.39,6.04,Medium,22675.0,0.45,0.0,0.1
PRJ-1236,Bridge Construction,Rajasthan,30914,18,12,15,307,Semi-skilled,Good,Electrical Cable,1785.0,1875.99,5.1,Medium,200178.0,0.65,0.0,0.1
PRJ-1237,Metro Rail,Tamil Nadu,41869,54,11,4,330,Semi-skilled,Average,AAC Blocks,2489.0,2743.91,10.24,Medium,14020.0,0.75,0.05,0.2
PRJ-1238,Metro Rail,Tamil Nadu,42525,35,3,10,69,Skilled,Average,River Sand,82.1,94.8,15.46,High,22860.0,0.75,0.0,0.9
PRJ-1239,Metro Rail,Gujarat,11573,45,11,30,161,Semi-skilled,Poor,Plywood,1695.0,2107.36,24.33,High,39174.0,0.82,0.05,0.8
PRJ-1240,Road & Highway,Madhya Pradesh,27042,60,11,19,263,Unskilled,Average,AAC Blocks,277.0,295.44,6.66,Medium,1014.0,0.55,0.05,0.2
PRJ-1241,Data Center,Odisha,10541,9,6,16,29,Unskilled,Average,Vitrified Tiles,234.0,258.31,10.39,Medium,15802.0,0.5,0.7,0.2
PRJ-1242,Bridge Construction,Kerala,18778,58,12,27,176,Unskilled,Good,HDPE Pipes,1476.0,1566.11,6.11,Medium,40549.0,0.68,0.0,0.1
PRJ-1243,Hospital,Kerala,2668,18,8,28,230,Skilled,Poor,River Sand,186.4,230.17,23.48,High,78786.0,0.68,0.85,0.9
PRJ-1244,Residential Apartment,Jharkhand,10704,36,10,20,459,Skilled,Average,Paint,457.0,466.91,2.17,Low,2775.0,0.42,0.2,0.1
PRJ-1245,Road & Highway,Rajasthan,27660,31,2,12,323,Semi-skilled,Poor,TMT Steel,39.8,42.6,7.03,Medium,173600.0,0.65,0.0,0.3
PRJ-1246,Residential Apartment,Tamil Nadu,12912,32,2,9,256,Semi-skilled,Poor,Fly Ash Bricks,2672.0,3101.03,16.06,High,3432.0,0.75,0.0,0.6
PRJ-1247,Bridge Construction,Gujarat,9702,60,11,9,375,Semi-skilled,Poor,AAC Blocks,1380.0,1557.96,12.9,Medium,9788.0,0.82,0.05,0.2
PRJ-1248,Metro Rail,West Bengal,27070,43,9,9,73,Unskilled,Average,Paint,703.0,753.12,7.13,Medium,14034.0,0.62,0.6,0.1
PRJ-1249,Hospital,Rajasthan,7447,18,2,29,352,Unskilled,Poor,Plywood,3057.0,4012.32,31.25,High,90755.0,0.65,0.0,0.8
PRJ-1250,Metro Rail,Karnataka,14474,52,4,12,210,Unskilled,Poor,Plywood,165.0,217.37,31.74,High,4975.0,0.72,0.05,0.8
PRJ-1251,Metro Rail,West Bengal,44177,37,12,27,269,Unskilled,Average,Plywood,336.0,395.03,17.57,High,5608.0,0.62,0.0,0.8
PRJ-1252,Data Center,Bihar,3545,24,1,25,485,Unskilled,Average,Coarse Aggregate,71.4,77.66,8.77,Medium,7512.0,0.45,0.0,0.5
PRJ-1253,Data Center,Karnataka,4496,17,4,15,20,Unskilled,Average,Fly Ash Bricks,132.0,146.97,11.34,Medium,120.0,0.72,0.05,0.6
PRJ-1254,Data Center,Odisha,8284,11,10,9,393,Expert,Good,Electrical Cable,2265.0,2370.33,4.65,Low,231726.0,0.5,0.2,0.1
PRJ-1255,Road & Highway,Rajasthan,41436,40,2,23,183,Semi-skilled,Excellent,HDPE Pipes,1434.0,1473.02,2.72,Low,17559.0,0.65,0.0,0.1
PRJ-1256,Road & Highway,West Bengal,29435,43,5,2,82,Semi-skilled,Poor,Structural Steel,23.0,24.19,5.15,Medium,89250.0,0.62,0.15,0.2
PRJ-1257,Commercial Complex,Maharashtra,17077,23,2,20,367,Unskilled,Good,OPC Cement,241.7,263.24,8.91,Medium,8185.0,0.78,0.0,0.7
PRJ-1258,Hospital,Punjab,7278,22,1,19,424,Semi-skilled,Average,Electrical Cable,1142.0,1221.85,6.99,Medium,175670.0,0.74,0.0,0.1
PRJ-1259,School/College,Bihar,10787,13,12,17,180,Unskilled,Poor,Paint,1865.0,2100.13,12.61,Medium,65836.0,0.45,0.0,0.1
PRJ-1260,Industrial Warehouse,Tamil Nadu,14076,19,12,19,434,Skilled,Good,Vitrified Tiles,591.0,645.4,9.2,Medium,35360.0,0.75,0.0,0.2
PRJ-1261,Data Center,West Bengal,12089,15,7,12,121,Skilled,Average,Coarse Aggregate,75.2,79.96,6.33,Medium,5712.0,0.62,0.9,0.5
PRJ-1262,Metro Rail,Haryana,28333,51,11,20,228,Unskilled,Poor,River Sand,32.4,40.33,24.48,High,14274.0,0.71,0.05,0.9
PRJ-1263,Industrial Warehouse,Madhya Pradesh,4512,16,9,25,63,Expert,Poor,AAC Blocks,183.0,195.83,7.01,Medium,706.0,0.55,0.6,0.2
PRJ-1264,Commercial Complex,Odisha,22057,12,4,3,159,Unskilled,Average,Fly Ash Bricks,146.0,171.85,17.71,High,207.0,0.5,0.05,0.6
PRJ-1265,Industrial Warehouse,West Bengal,6075,15,11,14,227,Skilled,Excellent,AAC Blocks,1237.0,1286.51,4.0,Low,2723.0,0.62,0.05,0.2
PRJ-1266,Hospital,Punjab,10302,21,12,15,413,Skilled,Poor,Paint,816.0,878.64,7.68,Medium,17539.0,0.74,0.0,0.1
PRJ-1267,Bridge Construction,Madhya Pradesh,17846,60,1,1,360,Unskilled,Average,Paint,950.0,1033.47,8.79,Medium,23372.0,0.55,0.0,0.1
PRJ-1268,Road & Highway,Odisha,46214,45,6,27,206,Semi-skilled,Poor,TMT Steel,35.2,38.1,8.25,Medium,179800.0,0.5,0.7,0.3
PRJ-1269,School/College,Karnataka,3973,21,6,8,479,Semi-skilled,Good,Fly Ash Bricks,130.0,145.72,12.09,Medium,126.0,0.72,0.7,0.6
PRJ-1270,Commercial Complex,Karnataka,19140,24,9,14,500,Semi-skilled,Poor,River Sand,73.5,94.56,28.65,High,37908.0,0.72,0.6,0.9
PRJ-1271,Industrial Warehouse,Gujarat,2237,16,3,21,356,Unskilled,Good,Structural Steel,53.6,56.84,6.04,Medium,243000.0,0.82,0.0,0.2
PRJ-1272,Commercial Complex,Haryana,21188,27,2,26,348,Semi-skilled,Good,River Sand,49.0,54.8,11.85,Medium,10440.0,0.71,0.0,0.9
PRJ-1273,Metro Rail,Odisha,25062,43,10,25,408,Unskilled,Excellent,Plywood,1435.0,1692.63,17.95,High,24475.0,0.5,0.2,0.8
PRJ-1274,Bridge Construction,Bihar,19075,29,6,12,371,Skilled,Average,OPC Cement,37.5,41.72,11.26,Medium,1604.0,0.45,0.7,0.7
PRJ-1275,Commercial Complex,Madhya Pradesh,24529,29,2,22,455,Skilled,Good,OPC Cement,23.0,24.0,4.35,Low,380.0,0.55,0.0,0.7
PRJ-1276,Road & Highway,Bihar,17293,50,8,1,371,Unskilled,Poor,HDPE Pipes,364.0,400.58,10.05,Medium,16461.0,0.45,0.85,0.1
PRJ-1277,School/College,Tamil Nadu,10717,14,12,15,448,Expert,Average,Fly Ash Bricks,432.0,452.15,4.66,Low,161.0,0.75,0.0,0.6
PRJ-1278,Commercial Complex,Madhya Pradesh,18274,14,5,9,215,Semi-skilled,Poor,OPC Cement,47.0,54.81,16.62,High,2968.0,0.55,0.15,0.7
PRJ-1279,Bridge Construction,Kerala,20979,30,9,8,185,Unskilled,Poor,OPC Cement,126.3,156.2,23.67,High,11362.0,0.68,0.6,0.7
PRJ-1280,Commercial Complex,Karnataka,7537,29,8,7,486,Unskilled,Poor,HDPE Pipes,561.0,606.29,8.07,Medium,20380.0,0.72,0.85,0.1
PRJ-1281,Hospital,Haryana,5769,22,7,30,267,Unskilled,Average,Structural Steel,132.3,140.34,6.08,Medium,603000.0,0.71,0.9,0.2
PRJ-1282,Hospital,Bihar,9904,15,2,25,258,Unskilled,Good,AAC Blocks,525.0,581.54,10.77,Medium,3110.0,0.45,0.0,0.2
PRJ-1283,Residential Apartment,West Bengal,23437,27,7,23,449,Unskilled,Average,OPC Cement,51.1,58.23,13.94,Medium,2709.0,0.62,0.9,0.7
PRJ-1284,Hospital,Karnataka,5619,24,1,28,284,Unskilled,Poor,Fly Ash Bricks,1174.0,1366.57,16.4,High,1541.0,0.72,0.0,0.6
PRJ-1285,Commercial Complex,Madhya Pradesh,20818,19,7,2,135,Skilled,Good,Structural Steel,250.3,262.03,4.69,Low,879750.0,0.55,0.9,0.2
PRJ-1286,Bridge Construction,Kerala,31254,34,6,20,239,Semi-skilled,Poor,Vitrified Tiles,157.0,171.82,9.44,Medium,9633.0,0.68,0.7,0.2
PRJ-1287,Commercial Complex,Bihar,12580,34,1,29,370,Skilled,Average,TMT Steel,152.8,155.85,2.0,Low,189100.0,0.45,0.0,0.3
PRJ-1288,Data Center,Odisha,14043,9,5,19,388,Semi-skilled,Average,TMT Steel,41.1,44.82,9.06,Medium,230640.0,0.5,0.15,0.3
PRJ-1289,Road & Highway,Rajasthan,27039,60,3,4,381,Expert,Average,TMT Steel,62.4,65.71,5.3,Medium,205220.0,0.65,0.0,0.3
PRJ-1290,Commercial Complex,Madhya Pradesh,14247,29,2,19,71,Unskilled,Excellent,River Sand,74.7,83.24,11.43,Medium,15372.0,0.55,0.0,0.9
PRJ-1291,Data Center,West Bengal,8575,16,1,6,80,Expert,Excellent,OPC Cement,56.8,61.19,7.72,Medium,1668.0,0.62,0.0,0.7
PRJ-1292,Road & Highway,Kerala,14079,39,7,6,225,Skilled,Poor,OPC Cement,27.9,33.76,21.01,High,2227.0,0.68,0.9,0.7
PRJ-1293,Data Center,Telangana,13398,8,12,18,382,Semi-skilled,Average,Fly Ash Bricks,7128.0,8411.84,18.01,High,10271.0,0.7,0.0,0.6
PRJ-1294,School/College,Maharashtra,14812,15,3,7,415,Expert,Average,HDPE Pipes,434.0,458.11,5.56,Medium,10850.0,0.78,0.0,0.1
PRJ-1295,Bridge Construction,Gujarat,45734,58,11,3,22,Unskilled,Average,AAC Blocks,268.0,296.22,10.53,Medium,1552.0,0.82,0.05,0.2
PRJ-1296,Commercial Complex,West Bengal,13077,20,5,13,313,Unskilled,Good,AAC Blocks,1008.0,1080.01,7.14,Medium,3961.0,0.62,0.15,0.2
PRJ-1297,Commercial Complex,Maharashtra,4670,21,3,2,484,Skilled,Poor,HDPE Pipes,2030.0,2174.96,7.14,Medium,65232.0,0.78,0.0,0.1
PRJ-1298,Road & Highway,Gujarat,42444,39,2,12,282,Expert,Average,Electrical Cable,2111.0,2227.06,5.5,Medium,255332.0,0.82,0.0,0.1
PRJ-1299,Residential Apartment,Haryana,13104,36,4,28,328,Semi-skilled,Average,Electrical Cable,363.0,379.68,4.59,Low,36696.0,0.71,0.05,0.1
PRJ-1300,Commercial Complex,Jharkhand,24913,12,8,7,36,Unskilled,Average,TMT Steel,15.4,16.45,6.84,Medium,65100.0,0.42,0.85,0.3
PRJ-1301,Bridge Construction,Tamil Nadu,21623,42,3,1,188,Unskilled,Average,HDPE Pipes,4662.0,5044.55,8.21,Medium,172148.0,0.75,0.0,0.1
PRJ-1302,Road & Highway,Odisha,46366,53,11,19,184,Unskilled,Average,HDPE Pipes,547.0,585.45,7.03,Medium,17303.0,0.5,0.05,0.1
PRJ-1303,Bridge Construction,Tamil Nadu,34723,43,9,15,257,Skilled,Average,TMT Steel,30.4,32.03,5.36,Medium,101060.0,0.75,0.6,0.3
PRJ-1304,Residential Apartment,Bihar,9354,21,5,11,355,Skilled,Excellent,Paint,1274.0,1351.32,6.07,Medium,21650.0,0.45,0.15,0.1
PRJ-1305,Hospital,Kerala,11949,15,11,27,60,Semi-skilled,Average,Coarse Aggregate,39.3,43.54,10.8,Medium,5088.0,0.68,0.05,0.5
PRJ-1306,Residential Apartment,Gujarat,7801,20,4,19,425,Unskilled,Good,Paint,3437.0,3706.77,7.85,Medium,75536.0,0.82,0.05,0.1
PRJ-1307,Hospital,Uttar Pradesh,5325,18,8,4,419,Unskilled,Average,HDPE Pipes,118.0,126.5,7.2,Medium,3825.0,0.58,0.85,0.1
PRJ-1308,Residential Apartment,Telangana,24967,26,5,24,430,Unskilled,Poor,OPC Cement,75.0,84.64,12.85,Medium,3663.0,0.7,0.15,0.7
PRJ-1309,Metro Rail,Bihar,27341,36,1,6,267,Unskilled,Average,Vitrified Tiles,2053.0,2291.13,11.6,Medium,154785.0,0.45,0.0,0.2
PRJ-1310,Metro Rail,Jharkhand,24588,48,10,14,445,Unskilled,Poor,Electrical Cable,2470.0,2712.0,9.8,Medium,532400.0,0.42,0.2,0.1
PRJ-1311,Hospital,Bihar,8365,19,5,10,364,Semi-skilled,Average,Electrical Cable,1469.0,1554.37,5.81,Medium,187814.0,0.45,0.15,0.1
PRJ-1312,Industrial Warehouse,Madhya Pradesh,13947,22,10,5,105,Unskilled,Average,Fly Ash Bricks,921.0,1075.12,16.73,High,1233.0,0.55,0.2,0.6
PRJ-1313,School/College,Uttar Pradesh,12146,8,5,25,124,Semi-skilled,Average,Fly Ash Bricks,2426.0,2834.76,16.85,High,3270.0,0.58,0.15,0.6
PRJ-1314,Data Center,Madhya Pradesh,13151,21,6,1,451,Unskilled,Good,Paint,1604.0,1747.17,8.93,Medium,40088.0,0.55,0.7,0.1
PRJ-1315,Industrial Warehouse,Haryana,12760,21,11,3,131,Semi-skilled,Excellent,HDPE Pipes,299.0,309.85,3.63,Low,4883.0,0.71,0.05,0.1
PRJ-1316,Hospital,Maharashtra,13575,22,10,29,245,Skilled,Average,AAC Blocks,668.0,711.32,6.49,Medium,2383.0,0.78,0.2,0.2
PRJ-1317,Hospital,Maharashtra,4360,21,11,5,212,Unskilled,Average,River Sand,5.5,6.64,20.8,High,2052.0,0.78,0.05,0.9
PRJ-1318,Hospital,Tamil Nadu,13866,10,11,2,244,Skilled,Excellent,OPC Cement,40.2,43.7,8.7,Medium,1330.0,0.75,0.05,0.7
PRJ-1319,Industrial Warehouse,Madhya Pradesh,7872,13,10,6,358,Skilled,Average,Plywood,332.0,419.32,26.3,High,8295.0,0.55,0.2,0.8
PRJ-1320,Industrial Warehouse,Rajasthan,3686,15,4,7,370,Expert,Poor,River Sand,254.6,297.96,17.03,High,78048.0,0.65,0.05,0.9
PRJ-1321,Road & Highway,Telangana,20059,34,10,9,214,Unskilled,Average,Paint,873.0,933.48,6.93,Medium,16934.0,0.7,0.2,0.1
PRJ-1322,Residential Apartment,Jharkhand,20546,20,7,23,136,Semi-skilled,Poor,Vitrified Tiles,1245.0,1392.03,11.81,Medium,95569.0,0.42,0.9,0.2
PRJ-1323,Metro Rail,Kerala,17499,39,3,15,295,Skilled,Average,River Sand,85.3,99.2,16.29,High,25020.0,0.68,0.0,0.9
PRJ-1324,Bridge Construction,Tamil Nadu,38151,39,3,8,266,Semi-skilled,Poor,Structural Steel,36.9,39.69,7.57,Medium,209250.0,0.75,0.0,0.2
PRJ-1325,Bridge Construction,Rajasthan,41417,39,9,10,292,Semi-skilled,Excellent,Coarse Aggregate,24.5,26.34,7.53,Medium,2208.0,0.65,0.6,0.5
PRJ-1326,Commercial Complex,Tamil Nadu,22701,36,10,25,429,Semi-skilled,Poor,River Sand,43.7,52.34,19.76,High,15552.0,0.75,0.2,0.9
PRJ-1327,Metro Rail,Uttar Pradesh,14382,51,5,26,23,Unskilled,Excellent,Structural Steel,13.8,14.22,3.07,Low,31500.0,0.58,0.15,0.2
PRJ-1328,Bridge Construction,Karnataka,26824,19,6,16,305,Skilled,Excellent,HDPE Pipes,827.0,849.71,2.75,Low,10220.0,0.72,0.7,0.1
PRJ-1329,School/College,Kerala,9918,20,8,1,367,Unskilled,Poor,Vitrified Tiles,144.0,168.0,16.66,High,15600.0,0.68,0.85,0.2
PRJ-1330,Industrial Warehouse,Karnataka,5081,10,2,30,266,Unskilled,Good,Vitrified Tiles,391.0,428.37,9.56,Medium,24291.0,0.72,0.0,0.2
PRJ-1331,Metro Rail,Madhya Pradesh,32178,31,7,19,417,Semi-skilled,Poor,Electrical Cable,1258.0,1366.43,8.62,Medium,238546.0,0.55,0.9,0.1
PRJ-1332,School/College,Odisha,3612,24,8,16,123,Skilled,Good,Fly Ash Bricks,312.0,352.34,12.93,Medium,323.0,0.5,0.85,0.6
PRJ-1333,Industrial Warehouse,Odisha,10296,19,5,26,229,Unskilled,Good,Electrical Cable,678.0,709.39,4.63,Low,69058.0,0.5,0.15,0.1
PRJ-1334,Data Center,Rajasthan,2881,21,5,1,140,Unskilled,Poor,HDPE Pipes,1490.0,1591.94,6.84,Medium,45873.0,0.65,0.15,0.1
PRJ-1335,School/College,Maharashtra,1073,8,8,11,60,Semi-skilled,Poor,Electrical Cable,289.0,315.39,9.13,Medium,58058.0,0.78,0.85,0.1
PRJ-1336,Bridge Construction,Uttar Pradesh,10196,27,11,1,95,Semi-skilled,Good,Plywood,426.0,518.84,21.79,High,8820.0,0.58,0.05,0.8
PRJ-1337,Residential Apartment,Tamil Nadu,18026,23,12,10,207,Expert,Poor,Fly Ash Bricks,649.0,692.78,6.75,Medium,350.0,0.75,0.0,0.6
PRJ-1338,School/College,West Bengal,3252,10,10,2,464,Skilled,Average,River Sand,159.1,195.84,23.09,High,66132.0,0.62,0.2,0.9
PRJ-1339,Hospital,Uttar Pradesh,13119,8,11,25,70,Unskilled,Average,Plywood,696.0,859.55,23.5,High,15537.0,0.58,0.05,0.8
PRJ-1340,Hospital,Rajasthan,3798,9,5,8,464,Semi-skilled,Poor,HDPE Pipes,1245.0,1371.08,10.13,Medium,56736.0,0.65,0.15,0.1
PRJ-1341,Metro Rail,Rajasthan,40576,30,12,7,26,Semi-skilled,Average,Electrical Cable,1334.0,1456.57,9.19,Medium,269654.0,0.65,0.0,0.1
PRJ-1342,Industrial Warehouse,Haryana,12285,14,4,13,293,Semi-skilled,Poor,TMT Steel,73.5,78.32,6.56,Medium,298840.0,0.71,0.05,0.3
PRJ-1343,Commercial Complex,Jharkhand,12996,26,5,20,98,Unskilled,Average,OPC Cement,74.8,86.17,15.2,High,4321.0,0.42,0.15,0.7
PRJ-1344,Bridge Construction,Punjab,39834,39,11,17,380,Unskilled,Average,TMT Steel,23.7,25.29,6.69,Medium,98580.0,0.74,0.05,0.3
PRJ-1345,Commercial Complex,Uttar Pradesh,5501,30,1,14,274,Semi-skilled,Good,Electrical Cable,905.0,937.36,3.58,Low,71192.0,0.58,0.0,0.1
PRJ-1346,Industrial Warehouse,Maharashtra,3115,19,10,3,312,Unskilled,Poor,HDPE Pipes,418.0,457.56,9.46,Medium,17802.0,0.78,0.2,0.1
PRJ-1347,Industrial Warehouse,Madhya Pradesh,12810,19,12,5,141,Unskilled,Poor,Vitrified Tiles,1162.0,1339.6,15.28,High,115440.0,0.55,0.0,0.2
PRJ-1348,Hospital,Jharkhand,14620,16,1,19,351,Skilled,Good,Vitrified Tiles,499.0,525.75,5.36,Medium,17388.0,0.42,0.0,0.2
PRJ-1349,Metro Rail,Madhya Pradesh,43888,24,3,11,294,Expert,Average,AAC Blocks,5782.0,6126.33,5.96,Medium,18938.0,0.55,0.0,0.2
PRJ-1350,Metro Rail,Odisha,10067,45,2,27,128,Skilled,Average,OPC Cement,158.5,170.28,7.43,Medium,4476.0,0.5,0.0,0.7
PRJ-1351,Bridge Construction,Telangana,6271,47,3,11,445,Expert,Average,OPC Cement,397.3,427.39,7.57,Medium,11434.0,0.7,0.0,0.7
PRJ-1352,Bridge Construction,Haryana,24597,53,3,26,259,Skilled,Average,River Sand,67.4,76.33,13.24,Medium,16074.0,0.71,0.0,0.9
PRJ-1353,Data Center,Karnataka,10851,10,6,17,493,Semi-skilled,Good,River Sand,17.6,20.53,16.63,High,5274.0,0.72,0.7,0.9
PRJ-1354,Bridge Construction,Kerala,35790,46,10,8,408,Skilled,Average,Electrical Cable,895.0,953.02,6.48,Medium,127644.0,0.68,0.2,0.1
PRJ-1355,Hospital,Karnataka,5867,14,5,21,176,Unskilled,Good,Fly Ash Bricks,703.0,791.82,12.63,Medium,711.0,0.72,0.15,0.6
PRJ-1356,Hospital,Madhya Pradesh,3699,20,8,12,263,Unskilled,Excellent,Paint,391.0,416.74,6.58,Medium,7207.0,0.55,0.85,0.1
PRJ-1357,Bridge Construction,Gujarat,49325,59,9,2,447,Unskilled,Excellent,TMT Steel,40.4,44.09,9.13,Medium,228780.0,0.82,0.6,0.3
PRJ-1358,Road & Highway,Rajasthan,47419,19,9,21,171,Unskilled,Average,Structural Steel,19.6,20.42,4.18,Low,61500.0,0.65,0.6,0.2
PRJ-1359,Residential Apartment,Kerala,3633,30,1,10,24,Semi-skilled,Average,AAC Blocks,2099.0,2303.2,9.73,Medium,11231.0,0.68,0.0,0.2
PRJ-1360,Hospital,Gujarat,7802,12,8,10,470,Unskilled,Average,Paint,9273.0,9936.99,7.16,Medium,185917.0,0.82,0.85,0.1
PRJ-1361,Industrial Warehouse,Karnataka,5287,12,6,30,36,Unskilled,Good,Coarse Aggregate,124.0,132.1,6.54,Medium,9720.0,0.72,0.7,0.5
PRJ-1362,Residential Apartment,Telangana,10795,32,2,2,487,Unskilled,Average,Electrical Cable,216.0,230.82,6.86,Medium,32604.0,0.7,0.0,0.1
PRJ-1363,Road & Highway,Tamil Nadu,12448,47,12,6,439,Unskilled,Average,OPC Cement,33.5,38.18,13.97,Medium,1778.0,0.75,0.0,0.7
PRJ-1364,Bridge Construction,West Bengal,32597,54,6,26,26,Skilled,Average,HDPE Pipes,984.0,1031.87,4.86,Low,21541.0,0.62,0.7,0.1
PRJ-1365,Bridge Construction,Karnataka,19599,31,10,11,332,Semi-skilled,Good,Electrical Cable,128.0,137.42,7.36,Medium,20724.0,0.72,0.2,0.1
PRJ-1366,Bridge Construction,Karnataka,42696,52,3,21,144,Skilled,Excellent,Plywood,2260.0,2582.68,14.28,Medium,30655.0,0.72,0.0,0.8
PRJ-1367,Metro Rail,Telangana,49852,44,7,30,375,Semi-skilled,Average,OPC Cement,57.3,65.16,13.73,Medium,2987.0,0.7,0.9,0.7
PRJ-1368,Metro Rail,Gujarat,6302,28,10,6,240,Skilled,Poor,Fly Ash Bricks,321.0,371.37,15.69,High,403.0,0.82,0.2,0.6
PRJ-1369,Hospital,Punjab,7597,18,4,1,41,Semi-skilled,Poor,Vitrified Tiles,645.0,750.18,16.31,High,68367.0,0.74,0.05,0.2
PRJ-1370,Residential Apartment,Telangana,22845,13,1,14,173,Skilled,Average,Plywood,265.0,312.56,17.95,High,4518.0,0.7,0.0,0.8
PRJ-1371,Bridge Construction,Rajasthan,34596,50,3,16,147,Skilled,Good,AAC Blocks,315.0,343.43,9.02,Medium,1564.0,0.65,0.0,0.2
PRJ-1372,Bridge Construction,Kerala,23621,29,1,21,147,Unskilled,Average,Vitrified Tiles,79.0,88.18,11.62,Medium,5967.0,0.68,0.0,0.2
PRJ-1373,Industrial Warehouse,Punjab,13286,9,12,24,241,Unskilled,Average,Fly Ash Bricks,2434.0,2774.61,13.99,Medium,2725.0,0.74,0.0,0.6
PRJ-1374,Road & Highway,Telangana,25039,32,4,22,314,Unskilled,Poor,AAC Blocks,937.0,1032.61,10.2,Medium,5259.0,0.7,0.05,0.2
PRJ-1375,Road & Highway,Punjab,43663,29,11,26,372,Unskilled,Average,HDPE Pipes,615.0,654.23,6.38,Medium,17654.0,0.74,0.05,0.1
PRJ-1376,Road & Highway,Uttar Pradesh,17984,33,8,27,428,Skilled,Poor,Coarse Aggregate,16.3,17.46,7.12,Medium,1392.0,0.58,0.85,0.5
PRJ-1377,Road & Highway,Maharashtra,20233,35,8,11,147,Semi-skilled,Good,Coarse Aggregate,64.3,71.21,10.74,Medium,8292.0,0.78,0.85,0.5
PRJ-1378,Residential Apartment,Karnataka,15864,21,4,4,452,Unskilled,Average,Electrical Cable,3011.0,3254.9,8.1,Medium,536580.0,0.72,0.05,0.1
PRJ-1379,Bridge Construction,Maharashtra,42359,52,11,12,117,Semi-skilled,Average,TMT Steel,29.4,30.9,5.09,Medium,93000.0,0.78,0.05,0.3
PRJ-1380,Road & Highway,Gujarat,7937,38,6,30,57,Unskilled,Poor,River Sand,14.4,18.19,26.34,High,6822.0,0.82,0.7,0.9
PRJ-1381,Metro Rail,Tamil Nadu,36947,23,1,12,202,Unskilled,Good,TMT Steel,64.1,70.47,9.94,Medium,394940.0,0.75,0.0,0.3
PRJ-1382,Bridge Construction,Kerala,8429,35,12,5,97,Skilled,Good,Plywood,603.0,708.23,17.45,High,9997.0,0.68,0.0,0.8
PRJ-1383,Bridge Construction,Uttar Pradesh,25024,22,7,3,323,Semi-skilled,Average,AAC Blocks,3904.0,4309.98,10.4,Medium,22329.0,0.58,0.9,0.2
PRJ-1384,Commercial Complex,Karnataka,9620,28,6,26,436,Unskilled,Average,HDPE Pipes,288.0,307.94,6.92,Medium,8973.0,0.72,0.7,0.1
PRJ-1385,Commercial Complex,Telangana,10174,35,2,29,196,Skilled,Average,Paint,1830.0,1911.73,4.47,Low,22884.0,0.7,0.0,0.1
PRJ-1386,Road & Highway,Punjab,25320,57,12,9,496,Skilled,Poor,Paint,459.0,490.31,6.82,Medium,8767.0,0.74,0.0,0.1
PRJ-1387,Hospital,Tamil Nadu,12337,23,6,28,407,Unskilled,Average,OPC Cement,126.1,149.28,18.39,High,8808.0,0.75,0.7,0.7
PRJ-1388,Data Center,Bihar,3845,24,4,21,352,Unskilled,Average,Coarse Aggregate,97.2,107.58,10.68,Medium,12456.0,0.45,0.05,0.5
PRJ-1389,Residential Apartment,Jharkhand,5942,35,7,14,88,Skilled,Poor,Plywood,4014.0,5182.99,29.12,High,111054.0,0.42,0.9,0.8
PRJ-1390,School/College,Kerala,12732,21,6,8,181,Unskilled,Good,TMT Steel,340.8,359.51,5.49,Medium,1160020.0,0.68,0.7,0.3
PRJ-1391,Hospital,Bihar,6122,9,2,10,98,Unskilled,Average,Plywood,3204.0,4218.72,31.67,High,96398.0,0.45,0.0,0.8
PRJ-1392,Data Center,Madhya Pradesh,11938,21,6,20,248,Semi-skilled,Poor,Coarse Aggregate,9.7,11.07,14.16,Medium,1644.0,0.55,0.7,0.5
PRJ-1393,Road & Highway,Punjab,6571,50,7,2,401,Skilled,Poor,TMT Steel,18.9,20.0,5.81,Medium,68200.0,0.74,0.9,0.3
PRJ-1394,Commercial Complex,Haryana,15683,35,5,4,454,Unskilled,Poor,River Sand,21.5,28.94,34.63,High,13392.0,0.71,0.15,0.9
PRJ-1395,Hospital,Jharkhand,9592,24,9,18,70,Semi-skilled,Poor,Fly Ash Bricks,2443.0,2878.37,17.82,High,3483.0,0.42,0.6,0.6
PRJ-1396,Data Center,Kerala,7322,15,2,18,287,Unskilled,Excellent,Electrical Cable,179.0,189.34,5.78,Medium,22748.0,0.68,0.0,0.1
PRJ-1397,School/College,Punjab,2451,24,6,27,370,Unskilled,Average,Vitrified Tiles,1863.0,1965.28,5.49,Medium,66482.0,0.74,0.7,0.2
PRJ-1398,Residential Apartment,Uttar Pradesh,3152,33,11,19,215,Unskilled,Average,HDPE Pipes,597.0,639.06,7.05,Medium,18927.0,0.58,0.05,0.1
PRJ-1399,School/College,Odisha,7229,23,3,6,288,Unskilled,Average,River Sand,24.0,31.18,29.91,High,12924.0,0.5,0.0,0.9
PRJ-1400,Hospital,Karnataka,12862,11,1,22,362,Expert,Average,River Sand,24.8,29.0,16.96,High,7560.0,0.72,0.0,0.9
PRJ-1401,Road & Highway,West Bengal,28049,44,4,10,29,Semi-skilled,Poor,Paint,1020.0,1111.09,8.93,Medium,25505.0,0.62,0.05,0.1
PRJ-1402,Residential Apartment,Madhya Pradesh,3629,36,4,13,329,Unskilled,Good,Vitrified Tiles,393.0,431.61,9.83,Medium,25097.0,0.55,0.05,0.2
PRJ-1403,Metro Rail,Tamil Nadu,21731,40,11,10,331,Semi-skilled,Average,OPC Cement,64.2,74.23,15.62,High,3811.0,0.75,0.05,0.7
PRJ-1404,Bridge Construction,Bihar,22264,54,8,2,242,Unskilled,Average,Structural Steel,78.9,85.04,7.79,Medium,460500.0,0.45,0.85,0.2
PRJ-1405,Hospital,Uttar Pradesh,10194,18,2,25,271,Skilled,Poor,Fly Ash Bricks,2148.0,2414.04,12.39,Medium,2128.0,0.58,0.0,0.6
PRJ-1406,Metro Rail,Bihar,28009,60,1,20,427,Unskilled,Average,Fly Ash Bricks,640.0,745.46,16.48,High,844.0,0.45,0.0,0.6
PRJ-1407,Road & Highway,Haryana,38015,21,2,30,340,Semi-skilled,Poor,River Sand,298.2,345.04,15.71,High,84312.0,0.71,0.0,0.9
PRJ-1408,Residential Apartment,Punjab,6413,23,1,17,447,Expert,Average,Coarse Aggregate,35.2,37.17,5.6,Medium,2364.0,0.74,0.0,0.5
PRJ-1409,Road & Highway,Odisha,36248,48,8,26,143,Unskilled,Poor,Structural Steel,110.4,115.43,4.55,Low,377250.0,0.5,0.85,0.2
PRJ-1410,Hospital,Punjab,8881,11,9,19,420,Unskilled,Average,AAC Blocks,86.0,95.13,10.62,Medium,502.0,0.74,0.6,0.2
PRJ-1411,Bridge Construction,Madhya Pradesh,49125,27,8,1,456,Unskilled,Average,TMT Steel,226.9,250.21,10.27,Medium,1445220.0,0.55,0.85,0.3
PRJ-1412,Industrial Warehouse,Uttar Pradesh,6521,18,5,1,356,Unskilled,Average,Vitrified Tiles,728.0,847.93,16.47,High,77954.0,0.58,0.15,0.2
PRJ-1413,Residential Apartment,Madhya Pradesh,3195,33,12,19,320,Skilled,Good,Vitrified Tiles,563.0,603.72,7.23,Medium,26468.0,0.55,0.0,0.2
PRJ-1414,Hospital,Bihar,8507,15,11,17,281,Semi-skilled,Average,OPC Cement,11.0,12.25,11.37,Medium,475.0,0.45,0.05,0.7
PRJ-1415,Data Center,Gujarat,4312,17,1,8,289,Unskilled,Good,TMT Steel,19.1,20.21,5.83,Medium,68820.0,0.82,0.0,0.3
PRJ-1416,Residential Apartment,Telangana,11537,19,2,11,100,Semi-skilled,Average,Coarse Aggregate,165.9,179.65,8.29,Medium,16500.0,0.7,0.0,0.5
PRJ-1417,Residential Apartment,West Bengal,11108,15,12,15,310,Semi-skilled,Average,AAC Blocks,469.0,496.5,5.86,Medium,1512.0,0.62,0.0,0.2
PRJ-1418,Bridge Construction,Bihar,15001,50,7,20,274,Semi-skilled,Average,HDPE Pipes,628.0,668.41,6.43,Medium,18184.0,0.45,0.9,0.1
PRJ-1419,Data Center,Karnataka,6518,12,3,15,418,Unskilled,Average,TMT Steel,154.0,158.26,2.77,Low,264120.0,0.72,0.0,0.3
PRJ-1420,Industrial Warehouse,Karnataka,1612,12,4,8,479,Expert,Poor,Structural Steel,147.3,154.5,4.89,Low,540000.0,0.72,0.05,0.2
PRJ-1421,Hospital,West Bengal,4022,19,2,3,357,Unskilled,Average,TMT Steel,53.3,57.13,7.19,Medium,237460.0,0.62,0.0,0.3
PRJ-1422,Bridge Construction,Tamil Nadu,46224,28,9,25,461,Semi-skilled,Excellent,AAC Blocks,795.0,838.33,5.45,Medium,2383.0,0.75,0.6,0.2
PRJ-1423,Commercial Complex,Bihar,16134,13,7,23,297,Skilled,Good,Coarse Aggregate,33.5,34.99,4.44,Low,1788.0,0.45,0.9,0.5
PRJ-1424,Industrial Warehouse,West Bengal,10065,17,9,25,161,Semi-skilled,Average,Vitrified Tiles,87.0,90.54,4.07,Low,2301.0,0.62,0.6,0.2
PRJ-1425,School/College,Bihar,7820,10,4,11,91,Semi-skilled,Average,HDPE Pipes,145.0,153.31,5.73,Medium,3740.0,0.45,0.05,0.1
PRJ-1426,Bridge Construction,Rajasthan,15177,18,5,5,101,Skilled,Average,HDPE Pipes,461.0,485.8,5.38,Medium,11160.0,0.65,0.15,0.1
PRJ-1427,Industrial Warehouse,Rajasthan,9916,20,9,7,390,Unskilled,Good,Coarse Aggregate,61.0,68.55,12.38,Medium,9060.0,0.65,0.6,0.5
PRJ-1428,Hospital,Tamil Nadu,7012,9,5,8,57,Skilled,Good,HDPE Pipes,406.0,432.2,6.45,Medium,11790.0,0.75,0.15,0.1
PRJ-1429,Residential Apartment,Punjab,14460,33,3,13,343,Semi-skilled,Poor,Fly Ash Bricks,681.0,806.42,18.42,High,1003.0,0.74,0.0,0.6
PRJ-1430,Commercial Complex,Telangana,23939,30,4,14,23,Unskilled,Poor,Electrical Cable,4612.0,5114.83,10.9,Medium,1106226.0,0.7,0.05,0.1
PRJ-1431,Commercial Complex,Jharkhand,20607,35,9,4,445,Unskilled,Average,Vitrified Tiles,233.0,266.36,14.32,Medium,21684.0,0.42,0.6,0.2
PRJ-1432,Industrial Warehouse,Punjab,14877,20,6,22,366,Semi-skilled,Good,Paint,4201.0,4527.51,7.77,Medium,91423.0,0.74,0.7,0.1
PRJ-1433,Hospital,Bihar,10047,14,9,10,52,Expert,Poor,OPC Cement,33.4,37.23,11.46,Medium,1455.0,0.45,0.6,0.7
PRJ-1434,Bridge Construction,Tamil Nadu,9571,51,4,4,76,Expert,Excellent,HDPE Pipes,3101.0,3280.5,5.79,Medium,80775.0,0.75,0.05,0.1
PRJ-1435,Commercial Complex,Rajasthan,13200,14,1,23,380,Unskilled,Average,OPC Cement,69.6,80.33,15.42,High,4077.0,0.65,0.0,0.7
PRJ-1436,Hospital,Jharkhand,11952,8,10,10,179,Semi-skilled,Average,Structural Steel,131.5,138.27,5.15,Medium,507750.0,0.42,0.2,0.2
PRJ-1437,Residential Apartment,Telangana,11007,13,12,26,482,Unskilled,Poor,Plywood,1498.0,2012.07,34.32,High,48837.0,0.7,0.0,0.8
PRJ-1438,School/College,West Bengal,4484,10,9,1,121,Unskilled,Good,AAC Blocks,983.0,1077.39,9.6,Medium,5191.0,0.62,0.6,0.2
PRJ-1439,Data Center,Rajasthan,8762,12,6,25,98,Semi-skilled,Good,Electrical Cable,408.0,426.15,4.45,Low,39930.0,0.65,0.7,0.1
PRJ-1440,Bridge Construction,Odisha,34818,35,1,1,133,Unskilled,Excellent,Electrical Cable,221.0,241.52,9.29,Medium,45144.0,0.5,0.0,0.1
PRJ-1441,Bridge Construction,Rajasthan,46116,55,10,20,491,Expert,Average,Vitrified Tiles,372.0,412.07,10.77,Medium,26045.0,0.65,0.2,0.2
PRJ-1442,Road & Highway,Gujarat,11982,32,10,13,402,Expert,Average,OPC Cement,60.0,64.99,8.32,Medium,1896.0,0.82,0.2,0.7
PRJ-1443,Industrial Warehouse,Jharkhand,7627,17,11,3,22,Skilled,Poor,River Sand,16.5,20.36,23.4,High,6948.0,0.42,0.05,0.9
PRJ-1444,Data Center,Odisha,6744,15,8,3,379,Semi-skilled,Poor,Electrical Cable,3556.0,3921.97,10.29,Medium,805134.0,0.5,0.85,0.1
PRJ-1445,Data Center,Gujarat,12230,9,2,3,33,Expert,Average,Plywood,868.0,1067.58,22.99,High,18960.0,0.82,0.0,0.8
PRJ-1446,Metro Rail,Rajasthan,11201,28,7,11,135,Unskilled,Average,Fly Ash Bricks,132.0,158.14,19.81,High,209.0,0.65,0.9,0.6
PRJ-1447,Residential Apartment,Maharashtra,16444,21,5,17,224,Semi-skilled,Average,HDPE Pipes,65.0,69.79,7.36,Medium,2156.0,0.78,0.15,0.1
PRJ-1448,Data Center,Odisha,11422,24,11,19,159,Semi-skilled,Average,Electrical Cable,1227.0,1307.15,6.53,Medium,176330.0,0.5,0.05,0.1
PRJ-1449,Residential Apartment,Haryana,10075,24,11,26,74,Unskilled,Poor,Electrical Cable,170.0,183.12,7.72,Medium,28864.0,0.71,0.05,0.1
PRJ-1450,Hospital,Maharashtra,8282,23,2,25,461,Unskilled,Average,Vitrified Tiles,169.0,179.45,6.19,Medium,6792.0,0.78,0.0,0.2
PRJ-1451,Bridge Construction,Telangana,18237,20,4,15,290,Unskilled,Excellent,OPC Cement,153.1,174.27,13.82,Medium,8045.0,0.7,0.05,0.7
PRJ-1452,Hospital,Tamil Nadu,12525,21,10,27,46,Expert,Average,TMT Steel,6.6,6.96,5.41,Medium,22320.0,0.75,0.2,0.3
PRJ-1453,Industrial Warehouse,Haryana,5391,17,2,10,64,Expert,Good,AAC Blocks,3208.0,3349.13,4.4,Low,7762.0,0.71,0.0,0.2
PRJ-1454,Data Center,West Bengal,4726,15,5,8,360,Semi-skilled,Average,Vitrified Tiles,341.0,376.55,10.43,Medium,23108.0,0.62,0.15,0.2
PRJ-1455,Data Center,Punjab,7128,13,6,8,310,Expert,Average,Plywood,147.0,173.41,17.97,High,2509.0,0.74,0.7,0.8
PRJ-1456,Residential Apartment,Jharkhand,9672,23,4,8,484,Unskilled,Excellent,TMT Steel,58.9,63.45,7.72,Medium,282100.0,0.42,0.05,0.3
PRJ-1457,Bridge Construction,Telangana,43382,55,12,6,216,Semi-skilled,Excellent,Coarse Aggregate,113.6,121.46,6.92,Medium,9432.0,0.7,0.0,0.5
PRJ-1458,Data Center,Punjab,13119,23,2,21,445,Semi-skilled,Poor,Electrical Cable,388.0,414.87,6.93,Medium,59114.0,0.74,0.0,0.1
PRJ-1459,Road & Highway,Telangana,33021,27,5,9,279,Semi-skilled,Good,Coarse Aggregate,185.3,204.63,10.43,Medium,23196.0,0.7,0.15,0.5
PRJ-1460,School/College,Jharkhand,14857,24,6,13,459,Unskilled,Good,Vitrified Tiles,1044.0,1172.55,12.31,Medium,83557.0,0.42,0.7,0.2
PRJ-1461,Industrial Warehouse,Jharkhand,11794,20,8,18,252,Semi-skilled,Average,OPC Cement,12.4,14.47,16.66,High,787.0,0.42,0.85,0.7
PRJ-1462,Road & Highway,Rajasthan,18156,25,10,29,411,Semi-skilled,Average,Electrical Cable,314.0,328.66,4.67,Low,32252.0,0.65,0.2,0.1
PRJ-1463,Residential Apartment,Bihar,13969,23,1,18,348,Unskilled,Good,AAC Blocks,839.0,888.98,5.96,Medium,2749.0,0.45,0.0,0.2
PRJ-1464,Hospital,Telangana,2940,11,3,13,89,Unskilled,Average,Vitrified Tiles,188.0,215.84,14.81,Medium,18096.0,0.7,0.0,0.2
PRJ-1465,School/College,Telangana,7078,16,4,13,174,Unskilled,Good,HDPE Pipes,575.0,604.08,5.06,Medium,13086.0,0.7,0.05,0.1
PRJ-1466,Hospital,Maharashtra,5849,18,2,12,268,Unskilled,Good,Vitrified Tiles,2221.0,2486.41,11.95,Medium,172516.0,0.78,0.0,0.2
PRJ-1467,Road & Highway,Rajasthan,13671,48,11,23,450,Expert,Good,Structural Steel,2.2,2.29,4.12,Low,6750.0,0.65,0.05,0.2
PRJ-1468,Data Center,Punjab,3472,19,10,11,84,Semi-skilled,Good,TMT Steel,53.5,56.17,5.0,Low,165540.0,0.74,0.2,0.3
PRJ-1469,Metro Rail,Maharashtra,16379,42,10,2,23,Unskilled,Poor,OPC Cement,134.9,162.45,20.42,High,10469.0,0.78,0.2,0.7
PRJ-1470,Residential Apartment,Tamil Nadu,15897,14,6,14,56,Skilled,Average,HDPE Pipes,2082.0,2157.41,3.62,Low,33934.0,0.75,0.7,0.1
PRJ-1471,Bridge Construction,Odisha,45860,58,5,17,61,Unskilled,Poor,Coarse Aggregate,137.2,155.78,13.55,Medium,22296.0,0.5,0.15,0.5
PRJ-1472,Residential Apartment,Maharashtra,20220,28,11,5,355,Skilled,Average,Fly Ash Bricks,1688.0,1885.53,11.7,Medium,1580.0,0.78,0.05,0.6
PRJ-1473,Data Center,Jharkhand,11231,9,10,25,368,Semi-skilled,Good,Paint,684.0,709.22,3.69,Low,7062.0,0.42,0.2,0.1
PRJ-1474,School/College,Jharkhand,8832,12,7,7,365,Expert,Poor,Fly Ash Bricks,1599.0,1858.0,16.2,High,2072.0,0.42,0.9,0.6
PRJ-1475,Bridge Construction,Madhya Pradesh,37361,47,2,21,145,Semi-skilled,Average,AAC Blocks,169.0,179.0,5.92,Medium,550.0,0.55,0.0,0.2
PRJ-1476,Metro Rail,Punjab,9601,56,7,5,84,Expert,Good,HDPE Pipes,302.0,321.6,6.49,Medium,8820.0,0.74,0.9,0.1
PRJ-1477,School/College,Karnataka,1343,21,3,7,404,Unskilled,Good,Structural Steel,401.2,425.96,6.17,Medium,1857000.0,0.72,0.0,0.2
PRJ-1478,Bridge Construction,Tamil Nadu,30192,22,8,21,342,Semi-skilled,Good,TMT Steel,19.0,19.78,4.09,Low,48360.0,0.75,0.85,0.3
PRJ-1479,Industrial Warehouse,Gujarat,5289,11,7,23,341,Unskilled,Poor,HDPE Pipes,942.0,998.9,6.04,Medium,25605.0,0.82,0.9,0.1
PRJ-1480,Road & Highway,Uttar Pradesh,44943,55,11,3,231,Skilled,Average,TMT Steel,102.4,110.03,7.45,Medium,473060.0,0.58,0.05,0.3
PRJ-1481,Road & Highway,Karnataka,42840,60,4,3,385,Semi-skilled,Poor,River Sand,42.5,53.82,26.64,High,20376.0,0.72,0.05,0.9
PRJ-1482,Metro Rail,Karnataka,14776,58,9,26,225,Skilled,Excellent,River Sand,387.4,433.99,12.03,Medium,83862.0,0.72,0.6,0.9
PRJ-1483,Data Center,Haryana,4938,22,10,19,153,Semi-skilled,Average,AAC Blocks,1318.0,1423.04,7.97,Medium,5777.0,0.71,0.2,0.2
PRJ-1484,Industrial Warehouse,Haryana,6128,13,3,30,334,Unskilled,Average,Fly Ash Bricks,920.0,1056.05,14.79,Medium,1088.0,0.71,0.0,0.6
PRJ-1485,School/College,Rajasthan,14130,21,4,25,380,Semi-skilled,Average,OPC Cement,26.7,29.35,9.92,Medium,1007.0,0.65,0.05,0.7
PRJ-1486,Commercial Complex,Tamil Nadu,9292,19,5,2,238,Unskilled,Average,HDPE Pipes,165.0,178.45,8.15,Medium,6052.0,0.75,0.15,0.1
PRJ-1487,Residential Apartment,Uttar Pradesh,18373,27,9,3,450,Unskilled,Good,Vitrified Tiles,281.0,317.73,13.07,Medium,23875.0,0.58,0.6,0.2
PRJ-1488,Residential Apartment,Odisha,14735,34,11,29,105,Skilled,Average,Vitrified Tiles,684.0,736.04,7.61,Medium,33826.0,0.5,0.05,0.2
PRJ-1489,Residential Apartment,Karnataka,20911,15,6,23,97,Unskilled,Good,Structural Steel,96.5,100.35,3.99,Low,288750.0,0.72,0.7,0.2
PRJ-1490,Road & Highway,West Bengal,12617,44,3,6,473,Semi-skilled,Average,Paint,302.0,324.36,7.4,Medium,6261.0,0.62,0.0,0.1
PRJ-1491,Residential Apartment,Gujarat,8234,22,3,17,172,Unskilled,Good,River Sand,29.6,35.03,18.35,High,9774.0,0.82,0.0,0.9
PRJ-1492,Metro Rail,Uttar Pradesh,45581,55,11,19,270,Semi-skilled,Poor,Electrical Cable,264.0,284.18,7.65,Medium,44396.0,0.58,0.05,0.1
PRJ-1493,Road & Highway,Telangana,37038,55,6,11,410,Unskilled,Average,Plywood,1588.0,2053.83,29.33,High,44254.0,0.7,0.7,0.8
PRJ-1494,Industrial Warehouse,Rajasthan,8396,16,12,22,63,Unskilled,Average,Coarse Aggregate,17.7,19.7,11.32,Medium,2400.0,0.65,0.0,0.5
PRJ-1495,Data Center,Haryana,1194,14,8,23,290,Unskilled,Excellent,Structural Steel,31.2,32.45,3.99,Low,93750.0,0.71,0.85,0.2
PRJ-1496,Hospital,Jharkhand,2705,11,7,6,206,Expert,Average,River Sand,77.2,93.81,21.51,High,29898.0,0.42,0.9,0.9
PRJ-1497,Road & Highway,Gujarat,5944,52,1,2,205,Unskilled,Poor,Paint,474.0,518.73,9.44,Medium,12524.0,0.82,0.0,0.1
PRJ-1498,School/College,Punjab,10470,13,3,21,149,Expert,Average,HDPE Pipes,884.0,944.86,6.88,Medium,27387.0,0.74,0.0,0.1
PRJ-1499,Hospital,Gujarat,14096,11,3,2,474,Semi-skilled,Good,HDPE Pipes,222.0,235.36,6.02,Medium,6012.0,0.82,0.0,0.1
PRJ-1500,Road & Highway,Tamil Nadu,46725,46,3,8,386,Unskilled,Average,Fly Ash Bricks,843.0,982.94,16.6,High,1120.0,0.75,0.0,0.6
PRJ-1501,School/College,Uttar Pradesh,4012,8,3,16,88,Unskilled,Average,TMT Steel,49.9,53.22,6.66,Medium,205840.0,0.58,0.0,0.3
PRJ-1502,School/College,Rajasthan,9925,23,3,9,444,Semi-skilled,Average,Paint,2636.0,2801.17,6.27,Medium,46248.0,0.65,0.0,0.1
PRJ-1503,Industrial Warehouse,West Bengal,12439,21,10,25,474,Unskilled,Average,OPC Cement,220.1,248.47,12.89,Medium,10781.0,0.62,0.2,0.7
PRJ-1504,Industrial Warehouse,Telangana,12971,18,12,12,189,Unskilled,Good,TMT Steel,63.9,70.0,9.54,Medium,378200.0,0.7,0.0,0.3
PRJ-1505,Metro Rail,Haryana,7120,50,2,4,336,Unskilled,Average,Fly Ash Bricks,7435.0,8998.21,21.03,High,12506.0,0.71,0.0,0.6
PRJ-1506,Industrial Warehouse,Karnataka,3833,14,7,23,44,Unskilled,Average,Electrical Cable,519.0,564.24,8.72,Medium,99528.0,0.72,0.9,0.1
PRJ-1507,Industrial Warehouse,Karnataka,6279,9,4,5,401,Semi-skilled,Poor,Paint,95.0,105.19,10.73,Medium,2853.0,0.72,0.05,0.1
PRJ-1508,Road & Highway,Kerala,49748,27,5,29,439,Semi-skilled,Poor,Electrical Cable,1110.0,1193.62,7.53,Medium,183964.0,0.68,0.15,0.1
PRJ-1509,Metro Rail,Odisha,42638,25,4,14,412,Semi-skilled,Good,HDPE Pipes,560.0,592.5,5.8,Medium,14625.0,0.5,0.05,0.1
PRJ-1510,Residential Apartment,Jharkhand,5665,25,10,23,222,Unskilled,Average,Structural Steel,29.6,31.42,6.15,Medium,136500.0,0.42,0.2,0.2
PRJ-1511,Data Center,Jharkhand,8720,17,9,1,147,Unskilled,Poor,AAC Blocks,232.0,262.92,13.33,Medium,1701.0,0.42,0.6,0.2
PRJ-1512,Bridge Construction,Haryana,9212,19,5,13,70,Unskilled,Average,Electrical Cable,402.0,430.56,7.11,Medium,62832.0,0.71,0.15,0.1
PRJ-1513,Residential Apartment,Maharashtra,19910,21,11,10,423,Semi-skilled,Average,OPC Cement,114.3,127.35,11.41,Medium,4959.0,0.78,0.05,0.7
PRJ-1514,Metro Rail,Punjab,11224,49,11,14,173,Unskilled,Excellent,Paint,206.0,223.92,8.7,Medium,5018.0,0.74,0.05,0.1
PRJ-1515,Industrial Warehouse,Madhya Pradesh,10606,12,1,10,69,Unskilled,Poor,TMT Steel,27.7,30.29,9.36,Medium,160580.0,0.55,0.0,0.3
PRJ-1516,Data Center,Telangana,12552,21,10,4,394,Semi-skilled,Poor,AAC Blocks,315.0,351.26,11.51,Medium,1994.0,0.7,0.2,0.2
PRJ-1517,Industrial Warehouse,Punjab,7102,13,6,23,145,Semi-skilled,Poor,HDPE Pipes,846.0,896.91,6.02,Medium,22909.0,0.74,0.7,0.1
PRJ-1518,Residential Apartment,Uttar Pradesh,19964,18,9,15,351,Unskilled,Average,AAC Blocks,3484.0,3874.56,11.21,Medium,21481.0,0.58,0.6,0.2
PRJ-1519,Bridge Construction,Punjab,25058,49,1,13,109,Expert,Good,Plywood,188.0,211.97,12.75,Medium,2277.0,0.74,0.0,0.8
PRJ-1520,Road & Highway,Telangana,8062,24,6,3,79,Skilled,Good,AAC Blocks,903.0,956.72,5.95,Medium,2955.0,0.7,0.7,0.2
PRJ-1521,Metro Rail,Madhya Pradesh,33534,29,11,15,248,Semi-skilled,Average,River Sand,69.3,79.16,14.23,Medium,17748.0,0.55,0.05,0.9
PRJ-1522,Data Center,Maharashtra,2350,22,4,9,292,Semi-skilled,Excellent,TMT Steel,67.9,72.16,6.27,Medium,264120.0,0.78,0.05,0.3
PRJ-1523,Bridge Construction,Haryana,39973,50,6,1,381,Skilled,Average,HDPE Pipes,514.0,547.53,6.52,Medium,15088.0,0.71,0.7,0.1
PRJ-1524,Data Center,Tamil Nadu,14546,12,5,6,331,Expert,Poor,Paint,325.0,348.7,7.29,Medium,6636.0,0.75,0.15,0.1
PRJ-1525,Metro Rail,Punjab,48302,41,5,20,470,Unskilled,Average,AAC Blocks,4722.0,5261.32,11.42,Medium,29663.0,0.74,0.15,0.2
PRJ-1526,Data Center,West Bengal,8289,23,6,20,330,Expert,Poor,Plywood,2242.0,2575.4,14.87,Medium,31673.0,0.62,0.7,0.8
PRJ-1527,Road & Highway,Odisha,43824,53,8,8,29,Semi-skilled,Good,Electrical Cable,943.0,1009.84,7.09,Medium,147048.0,0.5,0.85,0.1
PRJ-1528,Data Center,Karnataka,5097,18,8,25,464,Semi-skilled,Poor,Structural Steel,26.0,27.79,6.89,Medium,134250.0,0.72,0.85,0.2
PRJ-1529,Residential Apartment,Madhya Pradesh,13686,28,10,19,257,Skilled,Poor,OPC Cement,130.8,151.36,15.72,High,7813.0,0.55,0.2,0.7
PRJ-1530,Metro Rail,Kerala,16897,25,3,25,125,Unskilled,Good,Vitrified Tiles,1199.0,1328.96,10.84,Medium,84474.0,0.68,0.0,0.2
PRJ-1531,Data Center,Maharashtra,9421,14,1,9,254,Unskilled,Good,River Sand,200.5,244.56,21.98,High,79308.0,0.78,0.0,0.9
PRJ-1532,School/College,Kerala,9457,15,10,1,371,Expert,Average,Structural Steel,18.2,19.31,6.12,Medium,83250.0,0.68,0.2,0.2
PRJ-1533,Commercial Complex,Punjab,10074,35,2,27,312,Semi-skilled,Average,Vitrified Tiles,1039.0,1086.77,4.6,Low,31050.0,0.74,0.0,0.2
PRJ-1534,Industrial Warehouse,West Bengal,11377,18,2,23,221,Expert,Excellent,Coarse Aggregate,35.7,38.4,7.57,Medium,3240.0,0.62,0.0,0.5
PRJ-1535,Road & Highway,Madhya Pradesh,36834,52,11,29,285,Semi-skilled,Good,River Sand,69.7,76.48,9.72,Medium,12204.0,0.55,0.05,0.9
PRJ-1536,School/College,Uttar Pradesh,11530,24,12,13,282,Semi-skilled,Average,Fly Ash Bricks,500.0,575.44,15.09,High,604.0,0.58,0.0,0.6
PRJ-1537,Road & Highway,Telangana,30947,33,8,2,384,Skilled,Average,Plywood,1257.0,1562.28,24.29,High,29002.0,0.7,0.85,0.8
PRJ-1538,Residential Apartment,West Bengal,18267,30,4,10,335,Semi-skilled,Average,Paint,1536.0,1633.83,6.37,Medium,27392.0,0.62,0.05,0.1
PRJ-1539,Bridge Construction,Odisha,25488,47,5,22,481,Semi-skilled,Average,Fly Ash Bricks,658.0,742.83,12.89,Medium,679.0,0.5,0.15,0.6
PRJ-1540,Bridge Construction,Tamil Nadu,34615,43,1,19,483,Skilled,Good,River Sand,97.2,112.46,15.7,High,27468.0,0.75,0.0,0.9
PRJ-1541,Data Center,Kerala,5666,15,6,10,413,Semi-skilled,Average,Vitrified Tiles,2245.0,2494.56,11.12,Medium,162214.0,0.68,0.7,0.2
PRJ-1542,Commercial Complex,Punjab,3015,35,7,9,147,Unskilled,Good,HDPE Pipes,107.0,114.46,6.97,Medium,3357.0,0.74,0.9,0.1
PRJ-1543,Road & Highway,Haryana,38798,39,10,21,346,Semi-skilled,Average,TMT Steel,438.6,459.75,4.82,Low,1311300.0,0.71,0.2,0.3
PRJ-1544,Hospital,Odisha,12535,21,10,12,279,Skilled,Average,Coarse Aggregate,162.3,176.07,8.48,Medium,16524.0,0.5,0.2,0.5
PRJ-1545,Hospital,Uttar Pradesh,11911,10,7,13,264,Semi-skilled,Excellent,Coarse Aggregate,32.3,33.76,4.51,Low,1752.0,0.58,0.9,0.5
PRJ-1546,Bridge Construction,Kerala,37034,31,1,2,246,Semi-skilled,Poor,Plywood,3033.0,4032.28,32.95,High,94932.0,0.68,0.0,0.8
PRJ-1547,Hospital,West Bengal,2538,14,7,11,356,Unskilled,Average,Electrical Cable,2860.0,3073.14,7.45,Medium,468908.0,0.62,0.9,0.1
PRJ-1548,School/College,Madhya Pradesh,7355,13,4,5,117,Unskilled,Good,AAC Blocks,2213.0,2422.64,9.47,Medium,11530.0,0.55,0.05,0.2
PRJ-1549,Bridge Construction,Maharashtra,17392,44,4,19,320,Semi-skilled,Poor,HDPE Pipes,560.0,597.64,6.72,Medium,16938.0,0.78,0.05,0.1
PRJ-1550,Metro Rail,Kerala,17274,32,1,3,411,Expert,Poor,Plywood,257.0,334.76,30.26,High,7387.0,0.68,0.0,0.8
PRJ-1551,Data Center,Uttar Pradesh,3598,22,4,8,180,Semi-skilled,Good,OPC Cement,55.1,59.56,8.09,Medium,1695.0,0.58,0.05,0.7
PRJ-1552,Bridge Construction,Telangana,15215,34,8,20,373,Unskilled,Poor,River Sand,28.0,36.97,32.03,High,16146.0,0.7,0.85,0.9
PRJ-1553,Road & Highway,Rajasthan,36935,22,8,10,237,Skilled,Average,TMT Steel,42.8,45.82,7.05,Medium,187240.0,0.65,0.85,0.3
PRJ-1554,Road & Highway,Punjab,25575,41,6,12,375,Semi-skilled,Excellent,River Sand,80.4,94.7,17.79,High,25740.0,0.74,0.7,0.9
PRJ-1555,Residential Apartment,Maharashtra,5720,27,7,9,57,Unskilled,Excellent,Fly Ash Bricks,2208.0,2628.12,19.03,High,3361.0,0.78,0.9,0.6
PRJ-1556,Metro Rail,Telangana,35808,43,5,4,412,Unskilled,Average,Coarse Aggregate,59.0,67.1,13.73,Medium,9720.0,0.7,0.15,0.5
PRJ-1557,Commercial Complex,Kerala,17650,33,3,24,406,Skilled,Good,AAC Blocks,587.0,618.68,5.4,Medium,1742.0,0.68,0.0,0.2
PRJ-1558,Residential Apartment,West Bengal,15278,15,12,29,98,Unskilled,Poor,HDPE Pipes,325.0,348.48,7.22,Medium,10566.0,0.62,0.0,0.1
PRJ-1559,Road & Highway,Kerala,46439,19,12,12,217,Unskilled,Average,Paint,7198.0,7835.11,8.85,Medium,178391.0,0.68,0.0,0.1
PRJ-1560,Metro Rail,Gujarat,5286,34,11,12,209,Unskilled,Excellent,Vitrified Tiles,406.0,427.05,5.18,Medium,13683.0,0.82,0.05,0.2
PRJ-1561,Metro Rail,Maharashtra,31731,31,3,23,190,Unskilled,Average,Electrical Cable,3588.0,3801.32,5.95,Medium,469304.0,0.78,0.0,0.1
PRJ-1562,School/College,Telangana,6105,14,11,8,350,Unskilled,Average,Coarse Aggregate,139.0,155.9,12.16,Medium,20280.0,0.7,0.05,0.5
PRJ-1563,Residential Apartment,Rajasthan,15469,13,11,1,286,Unskilled,Good,Coarse Aggregate,34.9,38.85,11.32,Medium,4740.0,0.65,0.05,0.5
PRJ-1564,Data Center,Telangana,12810,12,7,14,475,Skilled,Poor,Plywood,102.0,137.33,34.64,High,3356.0,0.7,0.9,0.8
PRJ-1565,Industrial Warehouse,Karnataka,10244,22,1,12,192,Semi-skilled,Average,Electrical Cable,485.0,515.18,6.22,Medium,66396.0,0.72,0.0,0.1
PRJ-1566,Residential Apartment,Bihar,17146,12,11,30,389,Unskilled,Average,OPC Cement,18.9,20.89,10.52,Medium,756.0,0.45,0.05,0.7
PRJ-1567,Industrial Warehouse,Maharashtra,4394,14,1,9,178,Semi-skilled,Average,Vitrified Tiles,624.0,679.01,8.81,Medium,35756.0,0.78,0.0,0.2
PRJ-1568,Hospital,Haryana,2876,20,3,6,392,Unskilled,Average,Plywood,1266.0,1595.08,25.99,High,31263.0,0.71,0.0,0.8
PRJ-1569,Road & Highway,Odisha,20152,55,11,24,345,Skilled,Poor,Vitrified Tiles,299.0,310.52,3.85,Low,7488.0,0.5,0.05,0.2
PRJ-1570,Industrial Warehouse,Telangana,13831,12,7,4,21,Skilled,Poor,Electrical Cable,457.0,493.01,7.88,Medium,79222.0,0.7,0.9,0.1
PRJ-1571,Commercial Complex,Karnataka,15693,13,3,28,48,Skilled,Poor,River Sand,225.3,259.61,15.23,High,61758.0,0.72,0.0,0.9
PRJ-1572,School/College,Gujarat,8590,22,11,24,163,Unskilled,Good,AAC Blocks,838.0,905.0,8.0,Medium,3685.0,0.82,0.05,0.2
PRJ-1573,Bridge Construction,Telangana,26243,49,9,24,297,Semi-skilled,Average,River Sand,107.6,130.13,20.94,High,40554.0,0.7,0.6,0.9
PRJ-1574,School/College,Haryana,2018,20,3,7,97,Unskilled,Good,Paint,6161.0,6600.28,7.13,Medium,122998.0,0.71,0.0,0.1
PRJ-1575,Residential Apartment,Tamil Nadu,15808,30,3,18,47,Skilled,Average,Paint,779.0,841.9,8.07,Medium,17612.0,0.75,0.0,0.1
PRJ-1576,Data Center,Uttar Pradesh,10496,18,9,5,399,Skilled,Average,TMT Steel,114.8,122.28,6.51,Medium,463760.0,0.58,0.6,0.3
PRJ-1577,Data Center,Jharkhand,14466,8,12,21,238,Skilled,Excellent,Electrical Cable,2024.0,2111.71,4.33,Low,192962.0,0.42,0.0,0.1
PRJ-1578,Industrial Warehouse,Punjab,5211,18,11,6,205,Semi-skilled,Average,Electrical Cable,1103.0,1209.75,9.68,Medium,234850.0,0.74,0.05,0.1
PRJ-1579,Bridge Construction,West Bengal,40878,52,8,9,27,Unskilled,Good,Paint,856.0,923.42,7.88,Medium,18878.0,0.62,0.85,0.1
PRJ-1580,Bridge Construction,Bihar,36362,47,6,15,417,Skilled,Excellent,OPC Cement,682.6,738.87,8.24,Medium,21383.0,0.45,0.7,0.7
PRJ-1581,Industrial Warehouse,Haryana,9420,24,10,20,252,Expert,Poor,Fly Ash Bricks,356.0,420.83,18.21,High,519.0,0.71,0.2,0.6
PRJ-1582,Industrial Warehouse,Bihar,2004,12,9,17,427,Expert,Good,Plywood,386.0,449.77,16.52,High,6058.0,0.45,0.6,0.8
PRJ-1583,Commercial Complex,Punjab,14375,20,11,4,244,Unskilled,Average,Electrical Cable,3567.0,4039.69,13.25,Medium,1039918.0,0.74,0.05,0.1
PRJ-1584,Commercial Complex,Kerala,15901,13,9,11,218,Semi-skilled,Average,HDPE Pipes,2286.0,2412.77,5.55,Medium,57046.0,0.68,0.6,0.1
PRJ-1585,Residential Apartment,Odisha,4433,34,4,27,348,Unskilled,Average,Electrical Cable,3088.0,3310.08,7.19,Medium,488576.0,0.5,0.05,0.1
PRJ-1586,Metro Rail,Kerala,14459,47,2,19,288,Unskilled,Poor,River Sand,47.7,57.55,20.64,High,17730.0,0.68,0.0,0.9
PRJ-1587,Bridge Construction,Karnataka,49873,41,9,8,211,Semi-skilled,Average,Structural Steel,130.4,137.81,5.68,Medium,555750.0,0.72,0.6,0.2
PRJ-1588,Residential Apartment,Tamil Nadu,21789,14,10,20,304,Semi-skilled,Average,HDPE Pipes,473.0,494.47,4.54,Low,9662.0,0.75,0.2,0.1
PRJ-1589,Hospital,Maharashtra,2941,23,12,1,374,Semi-skilled,Good,Structural Steel,84.4,89.18,5.67,Medium,358500.0,0.78,0.0,0.2
PRJ-1590,Hospital,Jharkhand,7013,13,2,2,265,Semi-skilled,Poor,TMT Steel,127.4,140.56,10.33,Medium,815920.0,0.42,0.0,0.3
PRJ-1591,Hospital,Jharkhand,1953,17,5,8,135,Unskilled,Average,AAC Blocks,583.0,649.48,11.4,Medium,3656.0,0.42,0.15,0.2
PRJ-1592,Hospital,Telangana,8422,12,7,21,486,Unskilled,Poor,TMT Steel,41.1,44.35,7.92,Medium,201500.0,0.7,0.9,0.3
PRJ-1593,Metro Rail,Tamil Nadu,7292,54,2,30,20,Unskilled,Average,OPC Cement,27.3,31.62,15.83,High,1642.0,0.75,0.0,0.7
PRJ-1594,Hospital,Madhya Pradesh,6932,8,12,24,110,Unskilled,Poor,AAC Blocks,387.0,431.58,11.52,Medium,2452.0,0.55,0.0,0.2
PRJ-1595,Bridge Construction,Telangana,15713,58,8,8,380,Semi-skilled,Poor,OPC Cement,56.6,67.89,19.94,High,4290.0,0.7,0.85,0.7
PRJ-1596,Residential Apartment,Kerala,22319,27,3,12,483,Semi-skilled,Average,Fly Ash Bricks,540.0,635.1,17.61,High,761.0,0.68,0.0,0.6
PRJ-1597,Hospital,Kerala,11714,18,12,21,137,Skilled,Average,Vitrified Tiles,1459.0,1593.56,9.22,Medium,87464.0,0.68,0.0,0.2
PRJ-1598,Hospital,Punjab,5168,13,5,12,97,Unskilled,Good,Vitrified Tiles,356.0,403.0,13.2,Medium,30550.0,0.74,0.15,0.2
PRJ-1599,Bridge Construction,Kerala,15863,21,11,10,62,Unskilled,Poor,Paint,563.0,622.81,10.62,Medium,16747.0,0.68,0.05,0.1
PRJ-1600,Road & Highway,West Bengal,7578,41,5,3,481,Skilled,Poor,Electrical Cable,937.0,990.75,5.74,Medium,118250.0,0.62,0.15,0.1
PRJ-1601,Road & Highway,Jharkhand,32770,43,8,24,313,Skilled,Good,Electrical Cable,397.0,410.07,3.29,Low,28754.0,0.42,0.85,0.1
PRJ-1602,Data Center,Madhya Pradesh,13182,20,2,25,489,Unskilled,Average,AAC Blocks,204.0,230.19,12.84,Medium,1440.0,0.55,0.0,0.2
PRJ-1603,Hospital,Odisha,14243,22,2,10,326,Semi-skilled,Good,HDPE Pipes,563.0,595.45,5.76,Medium,14603.0,0.5,0.0,0.1
PRJ-1604,Bridge Construction,Telangana,30623,51,12,17,60,Unskilled,Average,TMT Steel,50.6,54.11,6.93,Medium,217620.0,0.7,0.0,0.3
PRJ-1605,School/College,Maharashtra,14426,18,4,17,225,Unskilled,Good,Plywood,1099.0,1325.31,20.59,High,21499.0,0.78,0.05,0.8
PRJ-1606,Metro Rail,West Bengal,22401,39,5,1,309,Semi-skilled,Average,Coarse Aggregate,101.3,112.76,11.31,Medium,13752.0,0.62,0.15,0.5
PRJ-1607,Industrial Warehouse,Rajasthan,13531,15,6,11,94,Expert,Good,OPC Cement,69.5,77.41,11.37,Medium,3006.0,0.65,0.7,0.7
PRJ-1608,Commercial Complex,Haryana,4966,34,2,2,486,Semi-skilled,Average,Paint,3123.0,3375.04,8.07,Medium,70571.0,0.71,0.0,0.1
PRJ-1609,Commercial Complex,Madhya Pradesh,15446,33,5,14,479,Semi-skilled,Average,Paint,999.0,1079.01,8.01,Medium,22403.0,0.55,0.15,0.1
PRJ-1610,Metro Rail,Telangana,15875,22,4,8,202,Skilled,Average,HDPE Pipes,4372.0,4593.75,5.07,Medium,99788.0,0.7,0.05,0.1
PRJ-1611,Road & Highway,Maharashtra,34750,30,11,21,160,Semi-skilled,Good,TMT Steel,46.9,50.49,7.66,Medium,222580.0,0.78,0.05,0.3
PRJ-1612,Residential Apartment,Haryana,6843,33,3,28,234,Unskilled,Average,Electrical Cable,163.0,172.33,5.72,Medium,20526.0,0.71,0.0,0.1
PRJ-1613,Industrial Warehouse,Maharashtra,14951,18,6,10,299,Skilled,Good,HDPE Pipes,1101.0,1154.23,4.84,Low,23954.0,0.78,0.7,0.1
PRJ-1614,Hospital,Haryana,2670,12,9,3,457,Skilled,Average,Plywood,813.0,1028.38,26.49,High,20461.0,0.71,0.6,0.8
PRJ-1615,Bridge Construction,Telangana,40378,35,12,15,176,Unskilled,Average,Vitrified Tiles,674.0,751.31,11.47,Medium,50251.0,0.7,0.0,0.2
PRJ-1616,Road & Highway,Haryana,11795,48,8,24,300,Skilled,Good,River Sand,188.5,216.15,14.67,Medium,49770.0,0.71,0.85,0.9
PRJ-1617,Commercial Complex,Rajasthan,4573,26,7,6,275,Unskilled,Poor,Fly Ash Bricks,1071.0,1366.17,27.56,High,2361.0,0.65,0.9,0.6
PRJ-1618,Metro Rail,Odisha,45730,29,3,14,248,Skilled,Good,Vitrified Tiles,1391.0,1550.55,11.47,Medium,103707.0,0.5,0.0,0.2
PRJ-1619,School/College,Madhya Pradesh,11136,22,11,19,297,Semi-skilled,Excellent,AAC Blocks,855.0,911.96,6.66,Medium,3133.0,0.55,0.05,0.2
PRJ-1620,Bridge Construction,Rajasthan,38601,34,6,29,251,Skilled,Excellent,Coarse Aggregate,63.5,67.07,5.62,Medium,4284.0,0.65,0.7,0.5
PRJ-1621,Bridge Construction,Maharashtra,45001,26,2,24,499,Semi-skilled,Good,Coarse Aggregate,49.0,53.37,8.93,Medium,5244.0,0.78,0.0,0.5
PRJ-1622,Data Center,Haryana,12325,18,1,20,242,Unskilled,Average,Plywood,585.0,748.39,27.93,High,15522.0,0.71,0.0,0.8
PRJ-1623,Commercial Complex,Punjab,8841,20,10,13,478,Unskilled,Average,OPC Cement,26.6,30.95,16.36,High,1653.0,0.74,0.2,0.7
PRJ-1624,Industrial Warehouse,Jharkhand,14786,24,5,10,423,Unskilled,Average,Structural Steel,26.5,28.08,5.95,Medium,118500.0,0.42,0.15,0.2
PRJ-1625,Metro Rail,Bihar,9581,41,2,14,303,Skilled,Poor,River Sand,11.7,13.47,15.09,High,3186.0,0.45,0.0,0.9
PRJ-1626,Road & Highway,Jharkhand,35496,19,1,22,234,Unskilled,Average,TMT Steel,177.8,193.38,8.76,Medium,965960.0,0.42,0.0,0.3
PRJ-1627,Metro Rail,Gujarat,29822,20,2,5,381,Unskilled,Average,Fly Ash Bricks,1324.0,1608.89,21.52,High,2279.0,0.82,0.0,0.6
PRJ-1628,Road & Highway,Gujarat,18970,46,1,22,110,Skilled,Excellent,Paint,2148.0,2241.53,4.35,Low,26188.0,0.82,0.0,0.1
PRJ-1629,Hospital,Tamil Nadu,7780,13,9,10,172,Semi-skilled,Good,Structural Steel,19.2,20.35,5.97,Medium,86250.0,0.75,0.6,0.2
PRJ-1630,Road & Highway,Jharkhand,11890,26,2,21,59,Unskilled,Good,Electrical Cable,896.0,968.13,8.05,Medium,158686.0,0.42,0.0,0.1
PRJ-1631,School/College,Jharkhand,10135,23,3,18,408,Skilled,Excellent,Structural Steel,28.9,30.24,4.65,Low,100500.0,0.42,0.0,0.2
PRJ-1632,Commercial Complex,Uttar Pradesh,11791,23,12,20,461,Semi-skilled,Average,Structural Steel,139.0,144.38,3.87,Low,403500.0,0.58,0.0,0.2
PRJ-1633,Road & Highway,Uttar Pradesh,26371,36,7,3,287,Expert,Poor,HDPE Pipes,1146.0,1223.38,6.75,Medium,34821.0,0.58,0.9,0.1
PRJ-1634,School/College,Karnataka,3285,10,6,6,488,Semi-skilled,Good,Structural Steel,32.8,34.8,6.11,Medium,150000.0,0.72,0.7,0.2
PRJ-1635,Data Center,Telangana,6178,16,1,13,321,Skilled,Average,Fly Ash Bricks,397.0,460.92,16.1,High,511.0,0.7,0.0,0.6
PRJ-1636,Industrial Warehouse,Madhya Pradesh,3561,17,9,15,472,Unskilled,Poor,Coarse Aggregate,656.6,741.29,12.9,Medium,101628.0,0.55,0.6,0.5
PRJ-1637,Commercial Complex,Kerala,24102,17,4,27,335,Semi-skilled,Good,Electrical Cable,2639.0,2756.84,4.47,Low,259248.0,0.68,0.05,0.1
PRJ-1638,Commercial Complex,Odisha,7491,18,12,24,101,Skilled,Poor,Structural Steel,106.8,110.87,3.81,Low,305250.0,0.5,0.0,0.2
PRJ-1639,Data Center,Madhya Pradesh,5800,12,7,26,246,Skilled,Good,HDPE Pipes,1732.0,1762.52,1.76,Low,13734.0,0.55,0.9,0.1
PRJ-1640,Data Center,Karnataka,9873,18,7,6,261,Unskilled,Average,Structural Steel,69.5,74.95,7.85,Medium,408750.0,0.72,0.9,0.2
PRJ-1641,Residential Apartment,Punjab,6900,12,4,17,487,Semi-skilled,Average,Fly Ash Bricks,187.0,210.12,12.36,Medium,185.0,0.74,0.05,0.6
PRJ-1642,Hospital,Tamil Nadu,1118,21,12,6,360,Semi-skilled,Good,Fly Ash Bricks,852.0,984.87,15.6,High,1063.0,0.75,0.0,0.6
PRJ-1643,Metro Rail,Jharkhand,29135,48,11,8,195,Skilled,Poor,Plywood,23.0,29.49,28.2,High,617.0,0.42,0.05,0.8
PRJ-1644,Industrial Warehouse,Jharkhand,9187,9,8,2,150,Unskilled,Average,AAC Blocks,786.0,903.41,14.94,Medium,6458.0,0.42,0.85,0.2
PRJ-1645,Hospital,Gujarat,3061,22,1,8,401,Semi-skilled,Good,River Sand,18.3,21.04,14.97,Medium,4932.0,0.82,0.0,0.9
PRJ-1646,School/College,Uttar Pradesh,1371,17,8,23,103,Skilled,Poor,Paint,658.0,699.02,6.23,Medium,11486.0,0.58,0.85,0.1
PRJ-1647,Industrial Warehouse,Uttar Pradesh,6533,17,6,30,230,Semi-skilled,Good,Paint,401.0,409.84,2.21,Low,2475.0,0.58,0.7,0.1
PRJ-1648,Road & Highway,Telangana,35025,59,8,2,170,Unskilled,Average,HDPE Pipes,277.0,300.23,8.39,Medium,10454.0,0.7,0.85,0.1
PRJ-1649,School/College,Jharkhand,6893,21,2,21,421,Skilled,Average,Plywood,808.0,976.97,20.91,High,16052.0,0.42,0.0,0.8
PRJ-1650,Hospital,Gujarat,7405,18,9,13,331,Unskilled,Excellent,Fly Ash Bricks,678.0,764.9,12.82,Medium,695.0,0.82,0.6,0.6
PRJ-1651,School/College,Kerala,13224,21,5,16,402,Unskilled,Poor,River Sand,48.4,60.94,25.91,High,22572.0,0.68,0.15,0.9
PRJ-1652,Commercial Complex,Punjab,11287,29,3,20,189,Unskilled,Average,Paint,1310.0,1424.23,8.72,Medium,31984.0,0.74,0.0,0.1
PRJ-1653,Hospital,Maharashtra,11800,21,1,29,102,Unskilled,Average,AAC Blocks,533.0,581.15,9.03,Medium,2648.0,0.78,0.0,0.2
PRJ-1654,Bridge Construction,Karnataka,22995,20,7,16,231,Unskilled,Average,AAC Blocks,678.0,766.37,13.03,Medium,4860.0,0.72,0.9,0.2
PRJ-1655,Road & Highway,Maharashtra,13439,21,2,8,460,Expert,Average,TMT Steel,41.6,43.48,4.51,Low,116560.0,0.78,0.0,0.3
PRJ-1656,Commercial Complex,Gujarat,18533,27,12,3,463,Skilled,Poor,Coarse Aggregate,158.1,176.32,11.53,Medium,21864.0,0.82,0.0,0.5
PRJ-1657,Road & Highway,Uttar Pradesh,41026,57,7,2,184,Skilled,Average,OPC Cement,20.1,22.07,9.81,Medium,749.0,0.58,0.9,0.7
PRJ-1658,Residential Apartment,Madhya Pradesh,2554,15,11,12,439,Unskilled,Average,Coarse Aggregate,73.6,79.81,8.44,Medium,7452.0,0.55,0.05,0.5
PRJ-1659,Metro Rail,Bihar,6387,26,8,21,355,Unskilled,Poor,Electrical Cable,646.0,711.85,10.19,Medium,144870.0,0.45,0.85,0.1
PRJ-1660,Commercial Complex,Uttar Pradesh,13987,31,7,14,357,Semi-skilled,Average,Vitrified Tiles,250.0,279.69,11.88,Medium,19298.0,0.58,0.9,0.2
PRJ-1661,Bridge Construction,Uttar Pradesh,27323,54,8,11,333,Semi-skilled,Excellent,TMT Steel,16.4,16.8,2.47,Low,24800.0,0.58,0.85,0.3
PRJ-1662,Metro Rail,Uttar Pradesh,20728,58,11,13,88,Semi-skilled,Average,Electrical Cable,2733.0,2964.21,8.46,Medium,508662.0,0.58,0.05,0.1
PRJ-1663,Commercial Complex,Rajasthan,13945,21,9,29,58,Semi-skilled,Average,River Sand,125.8,146.04,16.09,High,36432.0,0.65,0.6,0.9
PRJ-1664,Metro Rail,Karnataka,48437,41,12,5,434,Expert,Excellent,Plywood,68.0,82.49,21.3,High,1377.0,0.72,0.0,0.8
PRJ-1665,School/College,Kerala,3687,10,9,13,352,Unskilled,Good,Vitrified Tiles,2606.0,2835.09,8.79,Medium,148909.0,0.68,0.6,0.2
PRJ-1666,Industrial Warehouse,Tamil Nadu,14635,19,5,16,171,Semi-skilled,Average,TMT Steel,181.4,192.32,6.02,Medium,677040.0,0.75,0.15,0.3
PRJ-1667,Road & Highway,Maharashtra,13880,48,11,21,217,Skilled,Good,Electrical Cable,1669.0,1781.37,6.73,Medium,247214.0,0.78,0.05,0.1
PRJ-1668,Road & Highway,Maharashtra,40843,27,9,10,49,Unskilled,Good,Plywood,273.0,362.02,32.61,High,8457.0,0.78,0.6,0.8
PRJ-1669,Road & Highway,Karnataka,11000,28,12,24,165,Skilled,Average,Paint,558.0,589.68,5.68,Medium,8870.0,0.72,0.0,0.1
PRJ-1670,Industrial Warehouse,Telangana,13663,21,4,8,168,Semi-skilled,Good,TMT Steel,92.8,96.84,4.35,Low,250480.0,0.7,0.05,0.3
PRJ-1671,Bridge Construction,Tamil Nadu,10803,53,3,29,39,Unskilled,Good,River Sand,29.6,33.77,14.08,Medium,7506.0,0.75,0.0,0.9
PRJ-1672,Metro Rail,West Bengal,25773,55,10,19,51,Semi-skilled,Average,Electrical Cable,301.0,313.83,4.26,Low,28226.0,0.62,0.2,0.1
PRJ-1673,Bridge Construction,Tamil Nadu,47952,33,3,29,98,Unskilled,Average,OPC Cement,79.7,90.56,13.63,Medium,4127.0,0.75,0.0,0.7
PRJ-1674,School/College,Haryana,2424,11,10,7,429,Unskilled,Excellent,Coarse Aggregate,12.8,14.25,11.35,Medium,1740.0,0.71,0.2,0.5
PRJ-1675,Bridge Construction,Odisha,29044,48,9,3,123,Unskilled,Good,Vitrified Tiles,223.0,246.07,10.34,Medium,14995.0,0.5,0.6,0.2
PRJ-1676,Data Center,Punjab,8564,21,3,18,232,Unskilled,Average,Fly Ash Bricks,1185.0,1414.94,19.4,High,1840.0,0.74,0.0,0.6
PRJ-1677,Industrial Warehouse,Tamil Nadu,3469,8,2,25,104,Semi-skilled,Good,Paint,1285.0,1349.84,5.05,Medium,18155.0,0.75,0.0,0.1
PRJ-1678,Road & Highway,Madhya Pradesh,19666,20,2,3,168,Semi-skilled,Average,TMT Steel,171.8,178.63,3.98,Low,423460.0,0.55,0.0,0.3
PRJ-1679,Industrial Warehouse,Telangana,10868,9,9,18,299,Semi-skilled,Good,Vitrified Tiles,330.0,348.79,5.69,Medium,12214.0,0.7,0.6,0.2
PRJ-1680,Data Center,Kerala,5948,19,7,6,116,Unskilled,Average,Plywood,199.0,287.4,44.42,High,8398.0,0.68,0.9,0.8
PRJ-1681,Residential Apartment,Madhya Pradesh,4297,33,3,7,118,Unskilled,Excellent,Paint,989.0,1077.65,8.96,Medium,24822.0,0.55,0.0,0.1
PRJ-1682,Road & Highway,Tamil Nadu,14935,32,8,25,240,Skilled,Average,Electrical Cable,438.0,450.1,2.76,Low,26620.0,0.75,0.85,0.1
PRJ-1683,Residential Apartment,Rajasthan,24799,14,12,30,267,Unskilled,Good,Coarse Aggregate,64.1,69.05,7.72,Medium,5940.0,0.65,0.0,0.5
PRJ-1684,School/College,Haryana,2511,11,10,29,279,Skilled,Average,TMT Steel,193.8,203.8,5.16,Medium,620000.0,0.71,0.2,0.3
PRJ-1685,Metro Rail,Jharkhand,12340,33,1,24,125,Skilled,Poor,Coarse Aggregate,5.1,5.54,8.56,Medium,528.0,0.42,0.0,0.5
PRJ-1686,Bridge Construction,Odisha,43825,41,5,14,34,Expert,Poor,HDPE Pipes,1116.0,1181.84,5.9,Medium,29628.0,0.5,0.15,0.1
PRJ-1687,Hospital,Odisha,6651,9,7,27,386,Semi-skilled,Average,Paint,514.0,556.22,8.21,Medium,11822.0,0.5,0.9,0.1
PRJ-1688,Industrial Warehouse,Uttar Pradesh,11699,22,12,5,135,Unskilled,Average,Paint,538.0,589.15,9.51,Medium,14322.0,0.58,0.0,0.1
PRJ-1689,Road & Highway,Tamil Nadu,6710,30,7,22,274,Expert,Average,OPC Cement,15.5,16.44,6.07,Medium,357.0,0.75,0.9,0.7
PRJ-1690,Commercial Complex,Kerala,3797,22,11,25,475,Semi-skilled,Average,TMT Steel,69.7,73.31,5.17,Medium,223820.0,0.68,0.05,0.3
PRJ-1691,Road & Highway,Odisha,45111,42,10,28,415,Unskilled,Average,Electrical Cable,3700.0,4009.01,8.35,Medium,679822.0,0.5,0.2,0.1
PRJ-1692,Residential Apartment,Maharashtra,21457,31,6,9,226,Skilled,Good,Structural Steel,81.1,82.91,2.24,Low,135750.0,0.78,0.7,0.2
PRJ-1693,Data Center,Kerala,5023,12,10,25,146,Unskilled,Average,TMT Steel,72.2,75.7,4.84,Low,217000.0,0.68,0.2,0.3
PRJ-1694,Hospital,Tamil Nadu,12160,18,12,17,439,Unskilled,Poor,Electrical Cable,223.0,245.34,10.02,Medium,49148.0,0.75,0.0,0.1
PRJ-1695,Commercial Complex,Rajasthan,3591,29,11,14,121,Unskilled,Poor,Coarse Aggregate,66.9,75.31,12.57,Medium,10092.0,0.65,0.05,0.5
PRJ-1696,Residential Apartment,Odisha,13063,29,7,25,271,Unskilled,Good,HDPE Pipes,960.0,998.36,4.0,Low,17262.0,0.5,0.9,0.1
PRJ-1697,School/College,Madhya Pradesh,11208,13,4,8,259,Unskilled,Good,Vitrified Tiles,532.0,585.63,10.08,Medium,34860.0,0.55,0.05,0.2
PRJ-1698,Hospital,Karnataka,9595,18,3,30,297,Skilled,Poor,AAC Blocks,943.0,1050.99,11.45,Medium,5939.0,0.72,0.0,0.2
PRJ-1699,School/College,Uttar Pradesh,5494,19,12,11,465,Unskilled,Average,OPC Cement,56.3,63.89,13.48,Medium,2884.0,0.58,0.0,0.7
PRJ-1700,Data Center,Odisha,4518,17,1,17,461,Unskilled,Good,Structural Steel,91.3,96.5,5.7,Medium,390000.0,0.5,0.0,0.2
PRJ-1701,Hospital,Madhya Pradesh,4378,23,9,7,222,Skilled,Good,Coarse Aggregate,25.7,28.33,10.24,Medium,3156.0,0.55,0.6,0.5
PRJ-1702,Industrial Warehouse,Gujarat,1278,9,9,9,375,Unskilled,Average,AAC Blocks,1482.0,1650.2,11.35,Medium,9251.0,0.82,0.6,0.2
PRJ-1703,School/College,Rajasthan,7899,16,7,17,240,Semi-skilled,Excellent,Fly Ash Bricks,542.0,610.94,12.72,Medium,552.0,0.65,0.9,0.6
PRJ-1704,Commercial Complex,Bihar,18092,36,4,3,86,Unskilled,Poor,Electrical Cable,2201.0,2421.35,10.01,Medium,484770.0,0.45,0.05,0.1
PRJ-1705,Metro Rail,Uttar Pradesh,42688,46,3,16,224,Unskilled,Average,HDPE Pipes,494.0,523.46,5.96,Medium,13257.0,0.58,0.0,0.1
PRJ-1706,Bridge Construction,Maharashtra,11778,25,9,24,417,Unskilled,Good,AAC Blocks,617.0,669.52,8.51,Medium,2889.0,0.78,0.6,0.2
PRJ-1707,Hospital,Karnataka,2847,17,9,23,129,Semi-skilled,Good,OPC Cement,47.9,53.58,11.85,Medium,2158.0,0.72,0.6,0.7
PRJ-1708,Data Center,Madhya Pradesh,2937,11,7,10,217,Skilled,Good,Structural Steel,468.1,488.76,4.41,Low,1549500.0,0.55,0.9,0.2
PRJ-1709,Commercial Complex,Tamil Nadu,21908,17,9,13,403,Semi-skilled,Good,AAC Blocks,2840.0,3009.89,5.98,Medium,9344.0,0.75,0.6,0.2
PRJ-1710,Metro Rail,Punjab,22669,42,11,12,485,Unskilled,Good,HDPE Pipes,157.0,171.76,9.4,Medium,6642.0,0.74,0.05,0.1
PRJ-1711,Road & Highway,Bihar,21743,32,9,16,251,Unskilled,Average,TMT Steel,96.4,105.51,9.45,Medium,564820.0,0.45,0.6,0.3
PRJ-1712,Road & Highway,Rajasthan,22871,58,11,22,181,Unskilled,Average,Vitrified Tiles,687.0,763.43,11.12,Medium,49679.0,0.65,0.05,0.2
PRJ-1713,Metro Rail,Kerala,32786,19,7,1,138,Expert,Good,OPC Cement,67.2,76.01,13.11,Medium,3348.0,0.68,0.9,0.7
PRJ-1714,Data Center,Kerala,3493,23,3,25,96,Expert,Excellent,Structural Steel,34.2,34.97,2.25,Low,57750.0,0.68,0.0,0.2
PRJ-1715,Hospital,Haryana,12255,12,5,23,70,Semi-skilled,Good,Electrical Cable,4678.0,4888.37,4.5,Low,462814.0,0.71,0.15,0.1
PRJ-1716,Road & Highway,Bihar,20188,52,9,12,356,Skilled,Poor,Vitrified Tiles,506.0,561.7,11.01,Medium,36205.0,0.45,0.6,0.2
PRJ-1717,Metro Rail,Jharkhand,46351,46,11,1,424,Semi-skilled,Average,Paint,332.0,357.76,7.76,Medium,7213.0,0.42,0.05,0.1
PRJ-1718,Commercial Complex,Bihar,13819,13,11,18,78,Unskilled,Average,Paint,5675.0,6077.71,7.1,Medium,112759.0,0.45,0.05,0.1
PRJ-1719,Bridge Construction,Jharkhand,20764,35,1,27,290,Semi-skilled,Average,Coarse Aggregate,67.3,73.91,9.83,Medium,7932.0,0.42,0.0,0.5
PRJ-1720,Hospital,Jharkhand,1555,8,8,23,235,Unskilled,Average,Vitrified Tiles,190.0,213.16,12.19,Medium,15054.0,0.42,0.85,0.2
PRJ-1721,Metro Rail,Punjab,42775,39,11,29,383,Unskilled,Good,Vitrified Tiles,330.0,365.6,10.79,Medium,23140.0,0.74,0.05,0.2
PRJ-1722,Metro Rail,Rajasthan,45177,42,5,14,314,Unskilled,Poor,OPC Cement,19.1,22.67,18.68,High,1357.0,0.65,0.15,0.7
PRJ-1723,Hospital,Jharkhand,12438,19,12,28,242,Unskilled,Average,HDPE Pipes,359.0,378.39,5.4,Medium,8725.0,0.42,0.0,0.1
PRJ-1724,Residential Apartment,Maharashtra,15595,35,2,29,474,Expert,Good,Plywood,267.0,320.82,20.16,High,5113.0,0.78,0.0,0.8
PRJ-1725,Hospital,Gujarat,6014,22,5,19,359,Skilled,Good,AAC Blocks,922.0,986.41,6.99,Medium,3543.0,0.82,0.15,0.2
PRJ-1726,Industrial Warehouse,Gujarat,12045,11,6,27,229,Semi-skilled,Average,River Sand,79.6,93.0,16.84,High,24120.0,0.82,0.7,0.9
PRJ-1727,Data Center,Rajasthan,9427,23,12,23,66,Semi-skilled,Good,TMT Steel,131.6,134.66,2.32,Low,189720.0,0.65,0.0,0.3
PRJ-1728,Residential Apartment,Tamil Nadu,2418,26,8,18,72,Unskilled,Good,Fly Ash Bricks,3922.0,4681.92,19.38,High,6079.0,0.75,0.85,0.6
PRJ-1729,Metro Rail,West Bengal,9908,33,7,2,458,Unskilled,Excellent,Vitrified Tiles,1147.0,1269.97,10.72,Medium,79931.0,0.62,0.9,0.2
PRJ-1730,Bridge Construction,Madhya Pradesh,10889,36,5,6,340,Semi-skilled,Average,Coarse Aggregate,29.3,32.76,11.8,Medium,4152.0,0.55,0.15,0.5
PRJ-1731,Metro Rail,Punjab,14814,52,6,7,347,Unskilled,Poor,HDPE Pipes,655.0,708.79,8.21,Medium,24205.0,0.74,0.7,0.1
PRJ-1732,Hospital,Punjab,7641,23,6,19,304,Unskilled,Poor,River Sand,57.4,73.91,28.77,High,29718.0,0.74,0.7,0.9
PRJ-1733,Data Center,Haryana,7199,16,6,21,253,Expert,Average,OPC Cement,9.6,10.8,12.46,Medium,456.0,0.71,0.7,0.7
PRJ-1734,Metro Rail,Madhya Pradesh,13512,22,9,27,288,Skilled,Excellent,TMT Steel,35.6,37.09,4.18,Low,92380.0,0.55,0.6,0.3
PRJ-1735,School/College,Odisha,5548,10,10,30,389,Expert,Average,Vitrified Tiles,161.0,167.34,3.94,Low,4121.0,0.5,0.2,0.2
PRJ-1736,Commercial Complex,Tamil Nadu,5907,14,7,10,497,Unskilled,Average,Paint,339.0,364.93,7.65,Medium,7260.0,0.75,0.9,0.1
PRJ-1737,Commercial Complex,Tamil Nadu,18542,19,10,2,408,Semi-skilled,Average,Fly Ash Bricks,225.0,270.43,20.19,High,363.0,0.75,0.2,0.6
PRJ-1738,Industrial Warehouse,Punjab,9019,14,5,24,436,Skilled,Average,HDPE Pipes,1439.0,1497.01,4.03,Low,26104.0,0.74,0.15,0.1
PRJ-1739,Metro Rail,Punjab,20805,49,3,24,362,Semi-skilled,Average,Plywood,328.0,406.18,23.84,High,7427.0,0.74,0.0,0.8
PRJ-1740,Hospital,West Bengal,1925,23,1,18,306,Skilled,Average,AAC Blocks,138.0,147.89,7.17,Medium,544.0,0.62,0.0,0.2
PRJ-1741,Road & Highway,Karnataka,11213,28,6,3,404,Semi-skilled,Good,TMT Steel,112.9,117.92,4.45,Low,311240.0,0.72,0.7,0.3
PRJ-1742,School/College,Karnataka,7654,23,3,19,319,Unskilled,Average,Structural Steel,42.7,44.97,5.3,Medium,170250.0,0.72,0.0,0.2
PRJ-1743,Data Center,Punjab,3431,21,1,12,486,Semi-skilled,Poor,Coarse Aggregate,15.6,17.16,10.01,Medium,1872.0,0.74,0.0,0.5
PRJ-1744,Metro Rail,West Bengal,31861,37,2,13,408,Skilled,Average,OPC Cement,80.9,90.94,12.41,Medium,3815.0,0.62,0.0,0.7
PRJ-1745,Residential Apartment,Jharkhand,8190,33,1,24,261,Unskilled,Good,Vitrified Tiles,1020.0,1121.22,9.92,Medium,65793.0,0.42,0.0,0.2
PRJ-1746,Residential Apartment,West Bengal,10059,27,1,17,417,Unskilled,Average,Paint,978.0,1050.94,7.46,Medium,20423.0,0.62,0.0,0.1
PRJ-1747,Data Center,Haryana,12551,21,12,25,433,Expert,Poor,TMT Steel,55.3,59.0,6.69,Medium,229400.0,0.71,0.0,0.3
PRJ-1748,Hospital,Odisha,1575,24,12,8,159,Semi-skilled,Average,Plywood,499.0,616.78,23.6,High,11189.0,0.5,0.0,0.8
PRJ-1749,Data Center,West Bengal,5988,22,12,28,229,Expert,Poor,Structural Steel,140.2,148.59,5.98,Medium,629250.0,0.62,0.0,0.2
PRJ-1750,Metro Rail,Maharashtra,23769,35,8,26,194,Unskilled,Average,Structural Steel,18.3,19.16,4.7,Low,64500.0,0.78,0.85,0.2
PRJ-1751,Hospital,Bihar,12091,16,6,3,415,Semi-skilled,Poor,OPC Cement,78.5,94.1,19.87,High,5928.0,0.45,0.7,0.7
PRJ-1752,Hospital,Telangana,9165,23,5,19,199,Unskilled,Excellent,TMT Steel,34.6,36.45,5.35,Medium,114700.0,0.7,0.15,0.3
PRJ-1753,Road & Highway,Rajasthan,13675,27,6,2,115,Unskilled,Poor,Vitrified Tiles,551.0,639.19,16.01,High,57324.0,0.65,0.7,0.2
PRJ-1754,Road & Highway,Maharashtra,13192,42,4,22,482,Unskilled,Poor,AAC Blocks,202.0,222.64,10.22,Medium,1135.0,0.78,0.05,0.2
PRJ-1755,Hospital,Gujarat,1165,9,4,15,405,Skilled,Average,TMT Steel,26.5,28.2,6.43,Medium,105400.0,0.82,0.05,0.3
PRJ-1756,Data Center,Gujarat,2417,21,6,17,195,Unskilled,Poor,Electrical Cable,265.0,291.48,9.99,Medium,58256.0,0.82,0.7,0.1
PRJ-1757,Data Center,Punjab,7030,11,8,5,195,Semi-skilled,Poor,Plywood,107.0,145.97,36.42,High,3702.0,0.74,0.85,0.8
PRJ-1758,Residential Apartment,Maharashtra,13736,18,12,13,390,Skilled,Average,Coarse Aggregate,12.0,13.28,10.66,Medium,1536.0,0.78,0.0,0.5
PRJ-1759,Road & Highway,Karnataka,33473,32,8,7,152,Unskilled,Average,AAC Blocks,11959.0,13133.51,9.82,Medium,64598.0,0.72,0.85,0.2
PRJ-1760,Data Center,Karnataka,4782,22,9,5,478,Skilled,Good,Coarse Aggregate,57.4,63.13,9.98,Medium,6876.0,0.72,0.6,0.5
PRJ-1761,Hospital,Kerala,4051,18,3,25,316,Unskilled,Poor,Coarse Aggregate,299.5,339.38,13.32,Medium,47856.0,0.68,0.0,0.5
PRJ-1762,Hospital,Jharkhand,12451,9,12,1,298,Semi-skilled,Average,Plywood,338.0,456.6,35.09,High,11267.0,0.42,0.0,0.8
PRJ-1763,Road & Highway,Rajasthan,18396,46,1,1,156,Unskilled,Poor,Coarse Aggregate,25.2,29.23,15.98,High,4836.0,0.65,0.0,0.5
PRJ-1764,Commercial Complex,Kerala,19609,28,11,7,293,Unskilled,Average,OPC Cement,49.7,55.93,12.53,Medium,2367.0,0.68,0.05,0.7
PRJ-1765,Industrial Warehouse,Uttar Pradesh,8976,8,11,9,257,Unskilled,Poor,HDPE Pipes,749.0,822.49,9.81,Medium,33071.0,0.58,0.05,0.1
PRJ-1766,Metro Rail,Odisha,49402,25,11,16,235,Semi-skilled,Average,TMT Steel,33.4,35.31,5.73,Medium,118420.0,0.5,0.05,0.3
PRJ-1767,Data Center,Rajasthan,14830,19,6,10,174,Semi-skilled,Good,OPC Cement,11.3,12.04,6.57,Medium,281.0,0.65,0.7,0.7
PRJ-1768,Metro Rail,West Bengal,40348,32,11,15,337,Semi-skilled,Average,TMT Steel,30.6,33.17,8.4,Medium,159340.0,0.62,0.05,0.3
PRJ-1769,Metro Rail,Gujarat,14533,58,12,27,250,Unskilled,Excellent,Vitrified Tiles,308.0,328.43,6.63,Medium,13280.0,0.82,0.0,0.2
PRJ-1770,Data Center,Madhya Pradesh,6941,14,9,9,391,Expert,Average,HDPE Pipes,1251.0,1327.39,6.11,Medium,34376.0,0.55,0.6,0.1
PRJ-1771,Road & Highway,Kerala,7491,32,10,20,253,Semi-skilled,Average,Plywood,3631.0,4573.06,25.94,High,89496.0,0.68,0.2,0.8
PRJ-1772,School/College,Jharkhand,12103,14,4,3,375,Unskilled,Poor,OPC Cement,84.6,102.07,20.65,High,6639.0,0.42,0.05,0.7
PRJ-1773,School/College,Uttar Pradesh,14504,21,10,12,428,Unskilled,Poor,Plywood,1788.0,2472.81,38.3,High,65057.0,0.58,0.2,0.8
PRJ-1774,Residential Apartment,Karnataka,2382,24,6,14,242,Skilled,Good,HDPE Pipes,6262.0,6540.51,4.45,Low,125330.0,0.72,0.7,0.1
PRJ-1775,Data Center,Kerala,13573,9,11,13,350,Semi-skilled,Excellent,Electrical Cable,674.0,713.02,5.79,Medium,85844.0,0.68,0.05,0.1
PRJ-1776,Data Center,West Bengal,5879,21,2,8,92,Semi-skilled,Average,Vitrified Tiles,153.0,167.13,9.24,Medium,9184.0,0.62,0.0,0.2
PRJ-1777,Commercial Complex,Haryana,2031,19,12,17,191,Unskilled,Poor,Electrical Cable,190.0,201.99,6.31,Medium,26378.0,0.71,0.0,0.1
PRJ-1778,Data Center,Karnataka,2690,18,3,12,309,Skilled,Poor,Plywood,529.0,636.22,20.27,High,10186.0,0.72,0.0,0.8
PRJ-1779,Hospital,Rajasthan,10384,21,4,8,325,Semi-skilled,Average,Vitrified Tiles,190.0,213.25,12.24,Medium,15112.0,0.65,0.05,0.2
PRJ-1780,Bridge Construction,Maharashtra,41459,54,4,12,184,Skilled,Average,AAC Blocks,1065.0,1123.74,5.52,Medium,3231.0,0.78,0.05,0.2
PRJ-1781,Data Center,Odisha,11697,19,11,7,58,Semi-skilled,Average,Coarse Aggregate,9.7,11.02,13.57,Medium,1584.0,0.5,0.05,0.5
PRJ-1782,Residential Apartment,Maharashtra,4983,12,3,22,94,Semi-skilled,Excellent,Coarse Aggregate,100.0,105.14,5.14,Medium,6168.0,0.78,0.0,0.5
PRJ-1783,Data Center,Kerala,4628,13,7,12,396,Unskilled,Good,Coarse Aggregate,107.0,122.6,14.58,Medium,18720.0,0.68,0.9,0.5
PRJ-1784,Industrial Warehouse,Karnataka,4350,17,12,30,278,Semi-skilled,Average,Vitrified Tiles,428.0,474.65,10.9,Medium,30322.0,0.72,0.0,0.2
PRJ-1785,Commercial Complex,Bihar,14826,12,11,26,69,Semi-skilled,Poor,TMT Steel,119.5,123.57,3.41,Low,252340.0,0.45,0.05,0.3
PRJ-1786,Bridge Construction,Madhya Pradesh,33232,43,9,24,392,Unskilled,Average,Paint,419.0,458.05,9.32,Medium,10934.0,0.55,0.6,0.1
PRJ-1787,Industrial Warehouse,Bihar,5984,22,5,25,413,Semi-skilled,Average,Paint,150.0,158.23,5.49,Medium,2304.0,0.45,0.15,0.1
PRJ-1788,Road & Highway,Kerala,38691,40,8,20,205,Semi-skilled,Average,Electrical Cable,3475.0,3714.92,6.9,Medium,527824.0,0.68,0.85,0.1
PRJ-1789,Data Center,Odisha,13892,8,1,20,121,Semi-skilled,Excellent,Fly Ash Bricks,11780.0,13303.03,12.93,Medium,12184.0,0.5,0.0,0.6
PRJ-1790,Metro Rail,Kerala,12041,18,9,10,199,Skilled,Good,Paint,195.0,205.0,5.13,Medium,2800.0,0.68,0.6,0.1
PRJ-1791,Bridge Construction,Bihar,42660,37,7,9,488,Semi-skilled,Poor,Coarse Aggregate,118.5,137.12,15.71,High,22344.0,0.45,0.9,0.5
PRJ-1792,School/College,West Bengal,1933,18,9,5,276,Expert,Poor,AAC Blocks,3319.0,3612.74,8.85,Medium,16156.0,0.62,0.6,0.2
PRJ-1793,Data Center,Bihar,2439,14,6,15,297,Skilled,Average,Electrical Cable,708.0,734.18,3.7,Low,57596.0,0.45,0.7,0.1
PRJ-1794,Hospital,Tamil Nadu,9661,24,10,8,247,Unskilled,Good,AAC Blocks,480.0,510.73,6.4,Medium,1690.0,0.75,0.2,0.2
PRJ-1795,Residential Apartment,Telangana,18649,22,7,20,129,Semi-skilled,Average,Paint,1014.0,1057.24,4.26,Low,12107.0,0.7,0.9,0.1
PRJ-1796,Metro Rail,Maharashtra,20711,20,3,17,460,Semi-skilled,Average,Plywood,173.0,202.7,17.17,High,2821.0,0.78,0.0,0.8
PRJ-1797,Data Center,Rajasthan,14143,13,7,9,496,Unskilled,Good,Coarse Aggregate,72.2,80.56,11.58,Medium,10032.0,0.65,0.9,0.5
PRJ-1798,Metro Rail,Rajasthan,31587,56,9,11,110,Expert,Poor,OPC Cement,79.3,88.69,11.84,Medium,3568.0,0.65,0.6,0.7
PRJ-1799,Metro Rail,Bihar,20409,50,1,15,52,Unskilled,Average,Coarse Aggregate,97.0,110.31,13.72,Medium,15972.0,0.45,0.0,0.5
PRJ-1800,Metro Rail,Jharkhand,32499,57,5,10,215,Unskilled,Excellent,Vitrified Tiles,763.0,852.72,11.76,Medium,58318.0,0.42,0.15,0.2
PRJ-1801,Residential Apartment,Gujarat,15184,20,8,15,161,Semi-skilled,Good,Vitrified Tiles,263.0,284.76,8.28,Medium,14144.0,0.82,0.85,0.2
PRJ-1802,Commercial Complex,Kerala,4684,25,12,3,115,Unskilled,Good,TMT Steel,31.2,33.01,5.81,Medium,112220.0,0.68,0.0,0.3
PRJ-1803,Road & Highway,Punjab,49602,43,10,23,180,Expert,Average,Structural Steel,71.9,73.1,1.67,Low,90000.0,0.74,0.2,0.2
PRJ-1804,School/College,Punjab,2149,9,12,2,423,Skilled,Poor,HDPE Pipes,2827.0,3009.0,6.44,Medium,81900.0,0.74,0.0,0.1
PRJ-1805,Road & Highway,Gujarat,29432,26,4,28,298,Unskilled,Good,Structural Steel,62.9,66.38,5.53,Medium,261000.0,0.82,0.05,0.2
PRJ-1806,Residential Apartment,Tamil Nadu,18895,22,4,11,403,Unskilled,Good,River Sand,94.2,111.81,18.7,High,31698.0,0.75,0.05,0.9
PRJ-1807,Metro Rail,Odisha,17649,51,8,1,74,Expert,Good,OPC Cement,46.7,51.96,11.26,Medium,1999.0,0.5,0.85,0.7
PRJ-1808,Industrial Warehouse,Jharkhand,14281,19,5,28,258,Unskilled,Average,AAC Blocks,545.0,581.04,6.61,Medium,1982.0,0.42,0.15,0.2
PRJ-1809,School/College,Maharashtra,13249,10,7,20,171,Semi-skilled,Good,OPC Cement,49.5,56.35,13.83,Medium,2603.0,0.78,0.9,0.7
PRJ-1810,Road & Highway,Haryana,45990,41,7,2,469,Unskilled,Poor,OPC Cement,56.9,71.42,25.51,High,5518.0,0.71,0.9,0.7
PRJ-1811,Road & Highway,Jharkhand,31986,52,10,15,61,Semi-skilled,Good,Electrical Cable,2801.0,2989.67,6.74,Medium,415074.0,0.42,0.2,0.1
PRJ-1812,Commercial Complex,West Bengal,19572,12,1,21,179,Semi-skilled,Poor,Coarse Aggregate,72.4,81.01,11.89,Medium,10332.0,0.62,0.0,0.5
PRJ-1813,Industrial Warehouse,Odisha,12720,19,9,1,271,Skilled,Good,Vitrified Tiles,269.0,296.89,10.37,Medium,18128.0,0.5,0.6,0.2
PRJ-1814,Data Center,Tamil Nadu,10682,15,3,7,436,Unskilled,Good,Fly Ash Bricks,691.0,796.7,15.3,High,846.0,0.75,0.0,0.6
PRJ-1815,Metro Rail,Karnataka,7758,54,3,28,460,Skilled,Average,Plywood,807.0,901.13,11.66,Medium,8942.0,0.72,0.0,0.8
PRJ-1816,Residential Apartment,Jharkhand,17663,33,4,3,499,Skilled,Average,HDPE Pipes,530.0,554.29,4.58,Low,10930.0,0.42,0.05,0.1
PRJ-1817,School/College,Uttar Pradesh,3531,22,7,9,296,Unskilled,Average,OPC Cement,80.9,96.64,19.45,High,5981.0,0.58,0.9,0.7
PRJ-1818,Industrial Warehouse,Haryana,13926,12,7,24,36,Semi-skilled,Excellent,Structural Steel,35.8,37.79,5.56,Medium,149250.0,0.71,0.9,0.2
PRJ-1819,Metro Rail,Tamil Nadu,25840,49,7,22,67,Unskilled,Poor,Structural Steel,547.9,581.11,6.06,Medium,2490750.0,0.75,0.9,0.2
PRJ-1820,Residential Apartment,Jharkhand,4079,29,11,3,480,Unskilled,Good,Plywood,4931.0,6908.62,40.11,High,187874.0,0.42,0.05,0.8
PRJ-1821,Road & Highway,Jharkhand,45277,56,11,30,133,Unskilled,Poor,AAC Blocks,2139.0,2301.2,7.58,Medium,8921.0,0.42,0.05,0.2
PRJ-1822,School/College,Odisha,10515,12,8,2,239,Skilled,Poor,Fly Ash Bricks,452.0,528.14,16.85,High,609.0,0.5,0.85,0.6
PRJ-1823,Metro Rail,Telangana,41370,60,7,23,278,Semi-skilled,Excellent,OPC Cement,15.6,17.09,9.54,Medium,566.0,0.7,0.9,0.7
PRJ-1824,Residential Apartment,Haryana,14678,32,10,4,312,Skilled,Good,TMT Steel,41.4,44.35,7.13,Medium,182900.0,0.71,0.2,0.3
PRJ-1825,Bridge Construction,Uttar Pradesh,27529,28,1,3,53,Unskilled,Poor,Coarse Aggregate,61.2,70.43,15.09,High,11076.0,0.58,0.0,0.5
PRJ-1826,Data Center,Maharashtra,3006,20,9,26,160,Skilled,Excellent,HDPE Pipes,327.0,332.92,1.81,Low,2664.0,0.78,0.6,0.1
PRJ-1827,Residential Apartment,Rajasthan,15338,13,5,29,297,Semi-skilled,Good,Electrical Cable,245.0,262.09,6.98,Medium,37598.0,0.65,0.15,0.1
PRJ-1828,Commercial Complex,Rajasthan,20081,19,1,9,237,Semi-skilled,Average,Vitrified Tiles,254.0,278.15,9.51,Medium,15697.0,0.65,0.0,0.2
PRJ-1829,Metro Rail,Maharashtra,5757,55,7,22,435,Skilled,Average,HDPE Pipes,1111.0,1160.22,4.43,Low,22149.0,0.78,0.9,0.1
PRJ-1830,Residential Apartment,Bihar,24685,26,3,9,194,Unskilled,Average,Coarse Aggregate,84.7,95.04,12.21,Medium,12408.0,0.45,0.0,0.5
PRJ-1831,School/College,Haryana,10363,9,6,16,152,Unskilled,Excellent,OPC Cement,61.3,67.62,10.31,Medium,2402.0,0.71,0.7,0.7
PRJ-1832,Bridge Construction,Karnataka,45544,60,11,1,168,Semi-skilled,Average,Plywood,2074.0,2545.69,22.74,High,44811.0,0.72,0.05,0.8
PRJ-1833,Hospital,Haryana,3935,18,7,28,117,Semi-skilled,Average,Fly Ash Bricks,1045.0,1175.86,12.52,Medium,1047.0,0.71,0.9,0.6
PRJ-1834,Hospital,Bihar,10909,10,7,29,327,Skilled,Poor,OPC Cement,58.4,68.45,17.21,High,3819.0,0.45,0.9,0.7
PRJ-1835,Data Center,Jharkhand,9116,12,5,17,342,Unskilled,Average,Fly Ash Bricks,1693.0,2050.26,21.1,High,2858.0,0.42,0.15,0.6
PRJ-1836,Data Center,Haryana,6245,8,9,5,420,Expert,Average,Vitrified Tiles,158.0,176.16,11.49,Medium,11804.0,0.71,0.6,0.2
PRJ-1837,Hospital,Bihar,2981,20,2,13,90,Skilled,Average,Structural Steel,371.0,378.26,1.96,Low,544500.0,0.45,0.0,0.2
PRJ-1838,Residential Apartment,Odisha,12107,31,4,17,85,Unskilled,Excellent,HDPE Pipes,469.0,493.37,5.2,Medium,10967.0,0.5,0.05,0.1
PRJ-1839,Data Center,West Bengal,1753,11,11,13,209,Unskilled,Good,Paint,11008.0,11800.81,7.2,Medium,221987.0,0.62,0.05,0.1
PRJ-1840,Hospital,Jharkhand,5839,9,11,6,52,Skilled,Good,Electrical Cable,392.0,413.03,5.36,Medium,46266.0,0.42,0.05,0.1
PRJ-1841,Industrial Warehouse,Gujarat,12744,12,2,11,95,Unskilled,Excellent,AAC Blocks,169.0,183.99,8.87,Medium,824.0,0.82,0.0,0.2
PRJ-1842,Industrial Warehouse,Uttar Pradesh,7394,9,12,1,286,Unskilled,Good,Vitrified Tiles,195.0,223.2,14.46,Medium,18330.0,0.58,0.0,0.2
PRJ-1843,Bridge Construction,Telangana,9097,46,7,6,75,Unskilled,Good,AAC Blocks,104.0,115.52,11.07,Medium,634.0,0.7,0.9,0.2
PRJ-1844,Industrial Warehouse,Maharashtra,6897,15,11,11,121,Skilled,Poor,OPC Cement,42.7,48.64,13.92,Medium,2257.0,0.78,0.05,0.7
PRJ-1845,School/College,Rajasthan,7778,8,6,11,333,Expert,Average,Fly Ash Bricks,137.0,153.58,12.1,Medium,133.0,0.65,0.7,0.6
PRJ-1846,Industrial Warehouse,Gujarat,3078,11,3,1,329,Unskilled,Poor,Vitrified Tiles,1205.0,1426.66,18.39,High,144079.0,0.82,0.0,0.2
PRJ-1847,Bridge Construction,Haryana,19825,24,5,26,436,Unskilled,Good,OPC Cement,60.0,67.18,11.96,Medium,2728.0,0.71,0.15,0.7
PRJ-1848,Bridge Construction,Jharkhand,40274,49,1,17,133,Unskilled,Excellent,Coarse Aggregate,55.6,58.22,4.72,Low,3144.0,0.42,0.0,0.5
PRJ-1849,Hospital,Haryana,10695,12,8,23,467,Unskilled,Good,OPC Cement,41.9,47.19,12.63,Medium,2010.0,0.71,0.85,0.7
PRJ-1850,Commercial Complex,Bihar,6825,19,9,3,131,Semi-skilled,Excellent,Plywood,1218.0,1432.83,17.64,High,20409.0,0.45,0.6,0.8
PRJ-1851,School/College,Tamil Nadu,2786,8,9,2,431,Semi-skilled,Average,Fly Ash Bricks,5804.0,6759.62,16.46,High,7645.0,0.75,0.6,0.6
PRJ-1852,Industrial Warehouse,Bihar,8588,24,6,25,335,Skilled,Average,Coarse Aggregate,65.9,71.91,9.13,Medium,7212.0,0.45,0.7,0.5
PRJ-1853,Metro Rail,Uttar Pradesh,36029,46,9,10,417,Expert,Average,River Sand,13.5,15.45,14.47,Medium,3510.0,0.58,0.6,0.9
PRJ-1854,Data Center,Gujarat,5923,24,12,17,292,Unskilled,Good,Electrical Cable,938.0,1016.39,8.36,Medium,172458.0,0.82,0.0,0.1
PRJ-1855,Industrial Warehouse,Uttar Pradesh,5840,13,5,5,347,Unskilled,Average,OPC Cement,18.1,21.94,21.21,High,1459.0,0.58,0.15,0.7
PRJ-1856,Hospital,Madhya Pradesh,10127,13,11,18,32,Unskilled,Excellent,Fly Ash Bricks,123.0,138.04,12.23,Medium,120.0,0.55,0.05,0.6
PRJ-1857,Metro Rail,Uttar Pradesh,41308,51,4,6,281,Expert,Poor,Fly Ash Bricks,659.0,775.29,17.65,High,930.0,0.58,0.05,0.6
PRJ-1858,Hospital,Bihar,8129,20,8,30,213,Semi-skilled,Average,HDPE Pipes,532.0,553.51,4.04,Low,9679.0,0.45,0.85,0.1
PRJ-1859,School/College,West Bengal,6258,24,5,15,60,Semi-skilled,Poor,Plywood,71.0,91.0,28.17,High,1900.0,0.62,0.15,0.8
PRJ-1860,Hospital,Uttar Pradesh,2183,14,4,23,486,Unskilled,Average,Coarse Aggregate,56.8,62.34,9.76,Medium,6648.0,0.58,0.05,0.5
PRJ-1861,Commercial Complex,Uttar Pradesh,6465,24,12,5,68,Semi-skilled,Poor,Fly Ash Bricks,157.0,181.18,15.4,High,193.0,0.58,0.0,0.6
PRJ-1862,Commercial Complex,Rajasthan,9204,12,5,21,439,Unskilled,Good,OPC Cement,176.5,194.94,10.45,Medium,7007.0,0.65,0.15,0.7
PRJ-1863,Bridge Construction,Haryana,28296,27,5,19,423,Skilled,Average,Fly Ash Bricks,1332.0,1523.98,14.41,Medium,1536.0,0.71,0.15,0.6
PRJ-1864,Metro Rail,Punjab,25439,35,8,30,124,Unskilled,Average,Vitrified Tiles,223.0,241.82,8.44,Medium,12233.0,0.74,0.85,0.2
PRJ-1865,Hospital,Tamil Nadu,12198,19,2,8,136,Skilled,Good,Vitrified Tiles,232.0,247.4,6.64,Medium,10010.0,0.75,0.0,0.2
PRJ-1866,Hospital,Karnataka,8080,22,10,1,67,Unskilled,Poor,Coarse Aggregate,68.5,79.73,16.4,High,13476.0,0.72,0.2,0.5
PRJ-1867,Bridge Construction,Gujarat,24760,56,5,20,274,Unskilled,Good,Paint,2057.0,2181.19,6.04,Medium,34773.0,0.82,0.15,0.1
PRJ-1868,Metro Rail,Jharkhand,32089,58,9,3,395,Semi-skilled,Average,Electrical Cable,1826.0,1996.03,9.31,Medium,374066.0,0.42,0.6,0.1
PRJ-1869,School/College,Bihar,12641,12,1,4,207,Semi-skilled,Poor,Vitrified Tiles,553.0,620.49,12.2,Medium,43869.0,0.45,0.0,0.2
PRJ-1870,Bridge Construction,Gujarat,33646,32,8,17,85,Semi-skilled,Average,TMT Steel,50.4,53.38,5.92,Medium,184760.0,0.82,0.85,0.3
PRJ-1871,Road & Highway,Gujarat,15497,28,2,6,137,Skilled,Average,HDPE Pipes,429.0,455.63,6.21,Medium,11983.0,0.82,0.0,0.1
PRJ-1872,Residential Apartment,Haryana,2451,21,8,15,125,Semi-skilled,Excellent,Paint,3510.0,3704.0,5.53,Medium,54320.0,0.71,0.85,0.1
PRJ-1873,School/College,Gujarat,10102,22,7,10,255,Semi-skilled,Good,Fly Ash Bricks,161.0,187.17,16.26,High,209.0,0.82,0.9,0.6
PRJ-1874,Residential Apartment,West Bengal,9247,24,1,13,230,Skilled,Excellent,AAC Blocks,1877.0,1937.27,3.21,Low,3315.0,0.62,0.0,0.2
PRJ-1875,Data Center,Maharashtra,12013,22,1,13,387,Unskilled,Good,HDPE Pipes,1032.0,1098.26,6.42,Medium,29817.0,0.78,0.0,0.1
PRJ-1876,Industrial Warehouse,Tamil Nadu,13901,12,3,4,317,Skilled,Poor,HDPE Pipes,603.0,650.67,7.9,Medium,21451.0,0.75,0.0,0.1
PRJ-1877,Data Center,Jharkhand,3703,23,9,18,424,Unskilled,Average,Structural Steel,37.8,40.26,6.52,Medium,184500.0,0.42,0.6,0.2
PRJ-1878,Bridge Construction,Punjab,44236,31,4,7,455,Unskilled,Average,AAC Blocks,752.0,835.25,11.07,Medium,4579.0,0.74,0.05,0.2
PRJ-1879,Data Center,Telangana,11850,9,3,29,225,Unskilled,Excellent,TMT Steel,25.9,27.15,4.82,Low,77500.0,0.7,0.0,0.3
PRJ-1880,Bridge Construction,Madhya Pradesh,20178,24,6,6,123,Unskilled,Excellent,Coarse Aggregate,152.1,168.1,10.52,Medium,19200.0,0.55,0.7,0.5
PRJ-1881,Metro Rail,Madhya Pradesh,23161,55,12,29,307,Unskilled,Excellent,Plywood,270.0,335.61,24.3,High,6233.0,0.55,0.0,0.8
PRJ-1882,Bridge Construction,Jharkhand,28034,24,7,5,153,Unskilled,Poor,Structural Steel,20.0,21.4,6.98,Medium,105000.0,0.42,0.9,0.2
PRJ-1883,Road & Highway,West Bengal,49709,23,9,16,407,Semi-skilled,Average,Paint,582.0,628.88,8.06,Medium,13126.0,0.62,0.6,0.1
PRJ-1884,Road & Highway,Odisha,21542,58,7,17,68,Unskilled,Average,AAC Blocks,881.0,969.34,10.03,Medium,4859.0,0.5,0.9,0.2
PRJ-1885,Metro Rail,Haryana,41207,58,6,23,210,Semi-skilled,Average,OPC Cement,89.6,101.07,12.8,Medium,4359.0,0.71,0.7,0.7
PRJ-1886,Road & Highway,West Bengal,17932,24,10,7,410,Skilled,Poor,Paint,1553.0,1713.61,10.34,Medium,44971.0,0.62,0.2,0.1
PRJ-1887,Data Center,Uttar Pradesh,9135,13,10,16,224,Semi-skilled,Average,Electrical Cable,312.0,333.46,6.88,Medium,47212.0,0.58,0.2,0.1
PRJ-1888,Hospital,Uttar Pradesh,4434,19,10,26,306,Unskilled,Poor,Fly Ash Bricks,798.0,972.89,21.92,High,1399.0,0.58,0.2,0.6
PRJ-1889,Commercial Complex,West Bengal,21517,14,5,19,197,Unskilled,Good,HDPE Pipes,938.0,986.95,5.22,Medium,22028.0,0.62,0.15,0.1
PRJ-1890,Residential Apartment,Madhya Pradesh,19839,21,11,6,241,Skilled,Good,Coarse Aggregate,59.9,66.51,11.04,Medium,7932.0,0.55,0.05,0.5
PRJ-1891,Road & Highway,Telangana,5851,49,10,28,227,Unskilled,Good,TMT Steel,50.0,52.36,4.71,Low,146320.0,0.7,0.2,0.3
PRJ-1892,Commercial Complex,Tamil Nadu,9338,31,2,4,191,Unskilled,Excellent,Fly Ash Bricks,85.0,99.38,16.92,High,115.0,0.75,0.0,0.6
PRJ-1893,Bridge Construction,Karnataka,18029,44,12,9,275,Semi-skilled,Good,Fly Ash Bricks,877.0,967.06,10.27,Medium,720.0,0.72,0.0,0.6
PRJ-1894,Residential Apartment,Tamil Nadu,19189,24,1,4,429,Expert,Good,Fly Ash Bricks,128.0,135.89,6.17,Medium,63.0,0.75,0.0,0.6
PRJ-1895,Hospital,Punjab,1303,17,10,27,341,Expert,Good,Vitrified Tiles,3620.0,3819.17,5.5,Medium,129461.0,0.74,0.2,0.2
PRJ-1896,Commercial Complex,Uttar Pradesh,9345,28,8,22,492,Unskilled,Average,Vitrified Tiles,445.0,501.1,12.61,Medium,36465.0,0.58,0.85,0.2
PRJ-1897,Data Center,West Bengal,4787,20,11,15,112,Expert,Average,Structural Steel,53.5,55.91,4.51,Low,180750.0,0.62,0.05,0.2
PRJ-1898,Commercial Complex,Maharashtra,8346,26,3,6,241,Unskilled,Good,TMT Steel,327.6,352.65,7.65,Medium,1553100.0,0.78,0.0,0.3
PRJ-1899,Metro Rail,Madhya Pradesh,42199,54,7,15,101,Skilled,Excellent,Vitrified Tiles,293.0,307.11,4.82,Low,9172.0,0.55,0.9,0.2
PRJ-1900,Hospital,Tamil Nadu,14832,19,11,12,488,Semi-skilled,Average,River Sand,65.8,80.91,22.96,High,27198.0,0.75,0.05,0.9
PRJ-1901,Hospital,West Bengal,2942,11,1,22,191,Unskilled,Average,Electrical Cable,427.0,460.87,7.93,Medium,74514.0,0.62,0.0,0.1
PRJ-1902,Hospital,Gujarat,14244,13,11,24,448,Skilled,Poor,Vitrified Tiles,428.0,463.36,8.26,Medium,22984.0,0.82,0.05,0.2
PRJ-1903,Data Center,Madhya Pradesh,7656,24,6,18,372,Semi-skilled,Average,HDPE Pipes,326.0,346.16,6.18,Medium,9072.0,0.55,0.7,0.1
PRJ-1904,Data Center,Odisha,1572,24,2,11,364,Semi-skilled,Poor,AAC Blocks,918.0,1039.48,13.23,Medium,6681.0,0.5,0.0,0.2
PRJ-1905,School/College,Bihar,14597,17,8,27,128,Expert,Excellent,Structural Steel,34.5,35.19,1.99,Low,51750.0,0.45,0.85,0.2
PRJ-1906,Bridge Construction,Rajasthan,8346,28,8,13,122,Unskilled,Average,Electrical Cable,1002.0,1088.64,8.65,Medium,190608.0,0.65,0.85,0.1
PRJ-1907,Data Center,Haryana,10740,20,6,26,466,Skilled,Good,HDPE Pipes,1583.0,1673.76,5.73,Medium,40842.0,0.71,0.7,0.1
PRJ-1908,Hospital,Kerala,7344,20,12,20,152,Skilled,Average,Electrical Cable,859.0,910.6,6.01,Medium,113520.0,0.68,0.0,0.1
PRJ-1909,Commercial Complex,Uttar Pradesh,22590,35,6,8,160,Skilled,Excellent,AAC Blocks,396.0,426.27,7.64,Medium,1665.0,0.58,0.7,0.2
PRJ-1910,Residential Apartment,Punjab,6250,20,11,1,416,Unskilled,Average,River Sand,45.9,54.61,18.98,High,15678.0,0.74,0.05,0.9
PRJ-1911,Residential Apartment,Madhya Pradesh,10942,33,12,27,402,Semi-skilled,Average,Coarse Aggregate,243.0,258.2,6.26,Medium,18240.0,0.55,0.0,0.5
PRJ-1912,Bridge Construction,Uttar Pradesh,20533,46,1,26,437,Unskilled,Average,TMT Steel,166.9,179.8,7.73,Medium,799800.0,0.58,0.0,0.3
PRJ-1913,Hospital,Madhya Pradesh,7137,15,1,18,130,Unskilled,Average,Structural Steel,135.5,141.51,4.44,Low,450750.0,0.55,0.0,0.2
PRJ-1914,Road & Highway,Karnataka,44791,25,12,8,228,Semi-skilled,Average,Paint,2669.0,2886.65,8.15,Medium,60942.0,0.72,0.0,0.1
PRJ-1915,School/College,Maharashtra,5533,8,12,16,133,Semi-skilled,Poor,Fly Ash Bricks,994.0,1155.09,16.21,High,1289.0,0.78,0.0,0.6
PRJ-1916,Commercial Complex,Uttar Pradesh,14659,18,1,6,435,Expert,Average,TMT Steel,12.4,13.27,7.05,Medium,53940.0,0.58,0.0,0.3
PRJ-1917,Metro Rail,Tamil Nadu,14250,44,1,12,284,Unskilled,Average,Plywood,521.0,690.1,32.46,High,16065.0,0.75,0.0,0.8
PRJ-1918,Data Center,Gujarat,5773,20,4,15,163,Semi-skilled,Average,Structural Steel,25.8,26.56,2.95,Low,57000.0,0.82,0.05,0.2
PRJ-1919,Data Center,Punjab,5057,14,1,28,458,Expert,Excellent,Coarse Aggregate,48.2,49.05,1.76,Low,1020.0,0.74,0.0,0.5
PRJ-1920,Hospital,Rajasthan,6499,12,2,26,47,Semi-skilled,Good,Fly Ash Bricks,1048.0,1172.93,11.92,Medium,999.0,0.65,0.0,0.6
PRJ-1921,Commercial Complex,Maharashtra,2692,17,2,21,270,Unskilled,Average,HDPE Pipes,256.0,273.55,6.86,Medium,7898.0,0.78,0.0,0.1
PRJ-1922,Commercial Complex,Kerala,12744,15,10,13,173,Expert,Average,Electrical Cable,238.0,252.62,6.14,Medium,32164.0,0.68,0.2,0.1
PRJ-1923,Hospital,Telangana,8689,14,11,17,120,Expert,Good,TMT Steel,2.6,2.68,3.09,Low,4960.0,0.7,0.05,0.3
PRJ-1924,Data Center,Tamil Nadu,5122,14,5,29,184,Unskilled,Good,Fly Ash Bricks,157.0,172.88,10.12,Medium,127.0,0.75,0.15,0.6
PRJ-1925,Hospital,Madhya Pradesh,4446,18,10,1,433,Skilled,Good,Plywood,259.0,325.86,25.82,High,6352.0,0.55,0.2,0.8
PRJ-1926,Industrial Warehouse,Bihar,4042,22,1,1,391,Unskilled,Average,AAC Blocks,110.0,123.18,11.98,Medium,725.0,0.45,0.0,0.2
PRJ-1927,Data Center,Odisha,1990,23,8,3,345,Skilled,Good,Plywood,3632.0,4350.06,19.77,High,68216.0,0.5,0.85,0.8
PRJ-1928,Commercial Complex,Karnataka,7974,19,10,29,388,Unskilled,Poor,Coarse Aggregate,70.1,77.81,11.0,Medium,9252.0,0.72,0.2,0.5
PRJ-1929,Commercial Complex,Karnataka,18121,26,4,9,206,Semi-skilled,Average,Fly Ash Bricks,1715.0,1977.72,15.32,High,2102.0,0.72,0.05,0.6
PRJ-1930,Commercial Complex,Punjab,8786,19,12,16,230,Expert,Average,AAC Blocks,646.0,688.44,6.57,Medium,2334.0,0.74,0.0,0.2
PRJ-1931,School/College,Odisha,9016,10,1,25,42,Semi-skilled,Good,Plywood,2136.0,2542.12,19.01,High,38581.0,0.5,0.0,0.8
PRJ-1932,Metro Rail,Tamil Nadu,33004,35,1,2,273,Unskilled,Average,Coarse Aggregate,108.4,123.16,13.62,Medium,17712.0,0.75,0.0,0.5
PRJ-1933,School/College,Kerala,5937,22,11,17,394,Unskilled,Excellent,TMT Steel,15.8,16.8,6.34,Medium,62000.0,0.68,0.05,0.3
PRJ-1934,Road & Highway,Rajasthan,28020,47,9,7,241,Skilled,Average,Fly Ash Bricks,129.0,145.92,13.11,Medium,135.0,0.65,0.6,0.6
PRJ-1935,Residential Apartment,Jharkhand,10595,31,5,5,265,Unskilled,Poor,TMT Steel,34.0,37.25,9.57,Medium,201500.0,0.42,0.15,0.3
PRJ-1936,Road & Highway,Tamil Nadu,41312,50,8,8,425,Semi-skilled,Average,Fly Ash Bricks,168.0,195.01,16.08,High,216.0,0.75,0.85,0.6
PRJ-1937,Road & Highway,Punjab,33050,49,2,24,285,Unskilled,Average,Fly Ash Bricks,2155.0,2606.51,20.95,High,3612.0,0.74,0.0,0.6
PRJ-1938,Bridge Construction,Rajasthan,41098,53,1,22,313,Skilled,Excellent,Vitrified Tiles,188.0,197.35,4.97,Low,6077.0,0.65,0.0,0.2
PRJ-1939,Road & Highway,Maharashtra,17202,58,4,2,256,Semi-skilled,Average,TMT Steel,133.8,144.37,7.9,Medium,655340.0,0.78,0.05,0.3
PRJ-1940,Metro Rail,Karnataka,45587,57,7,25,47,Unskilled,Average,Coarse Aggregate,145.5,170.34,17.07,High,29808.0,0.72,0.9,0.5
PRJ-1941,Residential Apartment,Haryana,21891,31,3,22,338,Unskilled,Poor,TMT Steel,39.9,42.58,6.71,Medium,166160.0,0.71,0.0,0.3
PRJ-1942,Industrial Warehouse,Haryana,6869,20,4,12,155,Expert,Excellent,TMT Steel,601.0,610.64,1.6,Low,597680.0,0.71,0.05,0.3
PRJ-1943,Hospital,Telangana,10718,11,11,26,200,Unskilled,Good,TMT Steel,202.2,213.44,5.56,Medium,696880.0,0.7,0.05,0.3
PRJ-1944,Industrial Warehouse,Kerala,4415,13,8,1,80,Unskilled,Excellent,Vitrified Tiles,1643.0,1735.47,5.63,Medium,60106.0,0.68,0.85,0.2
PRJ-1945,Metro Rail,Gujarat,41597,38,2,1,31,Unskilled,Poor,Plywood,232.0,328.17,41.45,High,9136.0,0.82,0.0,0.8
PRJ-1946,School/College,Karnataka,1638,20,12,30,284,Unskilled,Excellent,Fly Ash Bricks,618.0,666.1,7.78,Medium,385.0,0.72,0.0,0.6
PRJ-1947,School/College,Jharkhand,13808,9,2,19,141,Skilled,Poor,AAC Blocks,2618.0,2895.01,10.58,Medium,15236.0,0.42,0.0,0.2
PRJ-1948,Bridge Construction,Madhya Pradesh,34378,31,5,30,284,Unskilled,Good,Electrical Cable,424.0,440.54,3.9,Low,36388.0,0.55,0.15,0.1
PRJ-1949,Hospital,Haryana,10615,24,4,24,96,Unskilled,Good,Plywood,613.0,732.3,19.46,High,11333.0,0.71,0.05,0.8
PRJ-1950,Metro Rail,Gujarat,11879,41,9,28,63,Semi-skilled,Average,Plywood,431.0,546.26,26.74,High,10950.0,0.82,0.6,0.8
PRJ-1951,Road & Highway,Odisha,14049,45,9,30,160,Skilled,Average,OPC Cement,21.6,23.35,8.09,Medium,665.0,0.5,0.6,0.7
PRJ-1952,School/College,Uttar Pradesh,6936,19,3,21,259,Semi-skilled,Good,HDPE Pipes,689.0,723.87,5.06,Medium,15692.0,0.58,0.0,0.1
PRJ-1953,Commercial Complex,Uttar Pradesh,21390,13,6,8,47,Expert,Poor,Structural Steel,44.5,46.69,4.93,Low,164250.0,0.58,0.7,0.2
PRJ-1954,Metro Rail,Jharkhand,22157,50,5,15,218,Unskilled,Good,TMT Steel,80.4,86.2,7.21,Medium,359600.0,0.42,0.15,0.3
PRJ-1955,Bridge Construction,Madhya Pradesh,23463,55,9,24,78,Skilled,Good,Paint,853.0,914.87,7.25,Medium,17324.0,0.55,0.6,0.1
PRJ-1956,Residential Apartment,Madhya Pradesh,6463,32,10,9,167,Unskilled,Average,Coarse Aggregate,26.7,30.79,15.32,High,4908.0,0.55,0.2,0.5
PRJ-1957,Metro Rail,Maharashtra,32064,56,8,30,204,Unskilled,Average,Paint,1271.0,1329.66,4.62,Low,16425.0,0.78,0.85,0.1
PRJ-1958,Road & Highway,Uttar Pradesh,38312,50,6,3,459,Unskilled,Good,River Sand,16.6,21.36,28.67,High,8568.0,0.58,0.7,0.9
PRJ-1959,Industrial Warehouse,West Bengal,13713,18,8,10,248,Skilled,Average,Electrical Cable,151.0,158.3,4.83,Low,16060.0,0.62,0.85,0.1
PRJ-1960,Hospital,Rajasthan,10411,13,6,12,165,Skilled,Poor,Coarse Aggregate,62.9,71.1,13.04,Medium,9840.0,0.65,0.7,0.5
PRJ-1961,School/College,West Bengal,14951,17,3,24,320,Skilled,Poor,Vitrified Tiles,296.0,312.17,5.46,Medium,10511.0,0.62,0.0,0.2
PRJ-1962,Hospital,Telangana,1278,23,1,2,383,Unskilled,Average,AAC Blocks,236.0,262.84,11.37,Medium,1476.0,0.7,0.0,0.2
PRJ-1963,Bridge Construction,Madhya Pradesh,42302,44,5,15,478,Unskilled,Good,OPC Cement,47.1,52.84,12.19,Medium,2181.0,0.55,0.15,0.7
PRJ-1964,Data Center,Bihar,4235,18,3,26,235,Semi-skilled,Average,River Sand,60.5,68.32,12.92,Medium,14076.0,0.45,0.0,0.9
PRJ-1965,Metro Rail,Uttar Pradesh,19483,39,10,29,35,Expert,Good,Structural Steel,46.9,48.87,4.19,Low,147750.0,0.58,0.2,0.2
PRJ-1966,Hospital,Rajasthan,13029,8,10,13,174,Unskilled,Poor,River Sand,37.3,47.08,26.21,High,17604.0,0.65,0.2,0.9
PRJ-1967,Hospital,Karnataka,8908,20,11,12,121,Skilled,Excellent,AAC Blocks,815.0,849.78,4.27,Low,1913.0,0.72,0.05,0.2
PRJ-1968,Commercial Complex,Punjab,8617,20,11,4,274,Skilled,Average,TMT Steel,123.7,131.93,6.66,Medium,510260.0,0.74,0.05,0.3
PRJ-1969,Residential Apartment,Uttar Pradesh,13945,22,5,18,143,Skilled,Average,Vitrified Tiles,636.0,681.45,7.15,Medium,29543.0,0.58,0.15,0.2
PRJ-1970,Metro Rail,Haryana,33517,29,6,4,237,Expert,Excellent,Plywood,237.0,263.25,11.08,Medium,2494.0,0.71,0.7,0.8
PRJ-1971,Road & Highway,Gujarat,48124,48,6,23,460,Skilled,Average,TMT Steel,72.0,75.2,4.45,Low,198400.0,0.82,0.7,0.3
PRJ-1972,School/College,Jharkhand,6834,8,10,10,431,Semi-skilled,Poor,HDPE Pipes,727.0,770.17,5.94,Medium,19426.0,0.42,0.2,0.1
PRJ-1973,Data Center,Odisha,1832,17,12,7,60,Semi-skilled,Average,AAC Blocks,827.0,910.3,10.07,Medium,4581.0,0.5,0.0,0.2
PRJ-1974,Hospital,Madhya Pradesh,13549,13,6,3,340,Semi-skilled,Average,Coarse Aggregate,28.2,31.14,10.41,Medium,3528.0,0.55,0.7,0.5
PRJ-1975,Road & Highway,Bihar,30147,20,9,25,500,Semi-skilled,Excellent,OPC Cement,29.3,32.61,11.29,Medium,1258.0,0.45,0.6,0.7
PRJ-1976,Data Center,Maharashtra,10433,24,9,17,299,Unskilled,Good,OPC Cement,26.6,30.72,15.48,High,1566.0,0.78,0.6,0.7
PRJ-1977,Residential Apartment,Uttar Pradesh,20083,18,6,20,60,Unskilled,Average,Coarse Aggregate,100.5,112.6,12.04,Medium,14520.0,0.58,0.7,0.5
PRJ-1978,Industrial Warehouse,Maharashtra,7650,17,3,2,36,Semi-skilled,Poor,Plywood,621.0,841.38,35.49,High,20936.0,0.78,0.0,0.8
PRJ-1979,Road & Highway,Punjab,42399,45,4,8,275,Semi-skilled,Poor,TMT Steel,69.6,74.49,7.02,Medium,303180.0,0.74,0.05,0.3
PRJ-1980,Road & Highway,Madhya Pradesh,46699,46,9,17,106,Expert,Excellent,OPC Cement,11.9,12.2,2.53,Low,114.0,0.55,0.6,0.7
PRJ-1981,School/College,Madhya Pradesh,4461,24,10,10,165,Expert,Average,OPC Cement,20.6,22.51,9.26,Medium,726.0,0.55,0.2,0.7
PRJ-1982,Data Center,Odisha,8082,20,8,8,402,Skilled,Good,River Sand,169.2,207.8,22.81,High,69480.0,0.5,0.85,0.9
PRJ-1983,Residential Apartment,Madhya Pradesh,11796,28,4,23,67,Unskilled,Poor,Structural Steel,123.7,129.72,4.87,Low,451500.0,0.55,0.05,0.2
PRJ-1984,Data Center,Rajasthan,5556,12,8,24,437,Unskilled,Average,TMT Steel,39.6,42.53,7.41,Medium,181660.0,0.65,0.85,0.3
PRJ-1985,Bridge Construction,West Bengal,41621,30,11,25,370,Skilled,Good,Vitrified Tiles,1591.0,1650.92,3.77,Low,38948.0,0.62,0.05,0.2
PRJ-1986,Data Center,Bihar,8247,18,4,17,67,Semi-skilled,Average,Electrical Cable,137.0,145.66,6.32,Medium,19052.0,0.45,0.05,0.1
PRJ-1987,Bridge Construction,Rajasthan,42124,28,10,10,218,Semi-skilled,Good,Fly Ash Bricks,817.0,914.58,11.94,Medium,781.0,0.65,0.2,0.6
PRJ-1988,Bridge Construction,Bihar,19236,54,10,20,380,Unskilled,Poor,AAC Blocks,967.0,1078.47,11.53,Medium,6131.0,0.45,0.2,0.2
PRJ-1989,Metro Rail,Odisha,31435,37,7,21,93,Unskilled,Average,River Sand,23.1,28.74,24.42,High,10152.0,0.5,0.9,0.9
PRJ-1990,Data Center,Odisha,13435,8,10,28,304,Expert,Good,Fly Ash Bricks,1160.0,1257.34,8.39,Medium,779.0,0.5,0.2,0.6
PRJ-1991,Data Center,Bihar,11939,24,7,3,479,Unskilled,Excellent,River Sand,7.5,9.08,21.06,High,2844.0,0.45,0.9,0.9
PRJ-1992,Industrial Warehouse,Telangana,4981,12,3,9,216,Semi-skilled,Poor,TMT Steel,54.8,58.53,6.8,Medium,231260.0,0.7,0.0,0.3
PRJ-1993,Road & Highway,West Bengal,20099,49,4,23,305,Skilled,Poor,Structural Steel,19.4,20.46,5.48,Medium,79500.0,0.62,0.05,0.2
PRJ-1994,Commercial Complex,Gujarat,15555,27,9,30,174,Semi-skilled,Excellent,AAC Blocks,238.0,251.93,5.85,Medium,766.0,0.82,0.6,0.2
PRJ-1995,Hospital,Madhya Pradesh,1843,16,4,26,188,Unskilled,Average,AAC Blocks,926.0,979.9,5.82,Medium,2964.0,0.55,0.05,0.2
PRJ-1996,Hospital,Kerala,11677,19,7,27,430,Semi-skilled,Average,Plywood,547.0,685.17,25.26,High,13126.0,0.68,0.9,0.8
PRJ-1997,Residential Apartment,Maharashtra,13053,14,6,28,396,Unskilled,Average,Paint,927.0,987.06,6.48,Medium,16817.0,0.78,0.7,0.1
PRJ-1998,Hospital,Kerala,5278,16,7,20,155,Unskilled,Average,Coarse Aggregate,38.6,42.07,9.0,Medium,4164.0,0.68,0.9,0.5
PRJ-1999,Industrial Warehouse,West Bengal,7023,21,1,4,150,Expert,Average,Fly Ash Bricks,150.0,173.98,15.99,High,192.0,0.62,0.0,0.6
PRJ-2000,Bridge Construction,Karnataka,9027,36,1,5,64,Expert,Average,Electrical Cable,250.0,271.18,8.47,Medium,46596.0,0.72,0.0,0.1
PRJ-2001,Bridge Construction,West Bengal,11537,41,12,5,45,Unskilled,Poor,Vitrified Tiles,162.0,182.95,12.93,Medium,13617.0,0.62,0.0,0.2
PRJ-2002,Commercial Complex,Telangana,13390,33,9,22,31,Skilled,Average,Plywood,889.0,1069.57,20.31,High,17154.0,0.7,0.6,0.8
PRJ-2003,Commercial Complex,Gujarat,12374,29,4,11,45,Semi-skilled,Average,Coarse Aggregate,114.2,120.96,5.92,Medium,8112.0,0.82,0.05,0.5
PRJ-2004,Industrial Warehouse,Jharkhand,12625,24,3,28,495,Semi-skilled,Average,Paint,5487.0,5795.49,5.62,Medium,86377.0,0.42,0.0,0.1
PRJ-2005,Road & Highway,Karnataka,49015,55,8,23,386,Unskilled,Average,Coarse Aggregate,89.4,100.77,12.72,Medium,13644.0,0.72,0.85,0.5
PRJ-2006,Road & Highway,Madhya Pradesh,5102,43,2,2,491,Expert,Good,Vitrified Tiles,222.0,234.57,5.66,Medium,8170.0,0.55,0.0,0.2
PRJ-2007,Commercial Complex,Punjab,3416,13,8,12,97,Unskilled,Poor,Fly Ash Bricks,212.0,265.41,25.19,High,427.0,0.74,0.85,0.6
PRJ-2008,Metro Rail,West Bengal,24364,55,11,27,412,Unskilled,Average,TMT Steel,16.7,17.51,4.84,Low,50220.0,0.62,0.05,0.3
PRJ-2009,Metro Rail,Jharkhand,36003,19,3,23,112,Unskilled,Average,OPC Cement,25.3,28.74,13.61,Medium,1307.0,0.42,0.0,0.7
PRJ-2010,Commercial Complex,Odisha,9063,22,5,29,277,Skilled,Poor,TMT Steel,63.0,65.34,3.71,Low,145080.0,0.5,0.15,0.3
PRJ-2011,Hospital,West Bengal,13157,19,12,4,133,Unskilled,Poor,Vitrified Tiles,401.0,455.64,13.63,Medium,35516.0,0.62,0.0,0.2
PRJ-2012,Industrial Warehouse,Haryana,2781,20,3,18,320,Semi-skilled,Average,Coarse Aggregate,32.7,36.51,11.64,Medium,4572.0,0.71,0.0,0.5
PRJ-2013,Hospital,Tamil Nadu,8323,15,5,27,99,Unskilled,Poor,Vitrified Tiles,169.0,184.64,9.25,Medium,10166.0,0.75,0.15,0.2
PRJ-2014,Industrial Warehouse,West Bengal,5078,10,5,6,231,Unskilled,Average,TMT Steel,17.2,18.52,7.65,Medium,81840.0,0.62,0.15,0.3
PRJ-2015,Industrial Warehouse,Gujarat,7581,10,4,29,231,Expert,Average,TMT Steel,842.3,868.73,3.14,Low,1638660.0,0.82,0.05,0.3
PRJ-2016,Data Center,Odisha,5104,22,3,11,189,Unskilled,Average,River Sand,37.2,43.64,17.3,High,11592.0,0.5,0.0,0.9
PRJ-2017,Residential Apartment,Kerala,15277,32,4,29,262,Semi-skilled,Poor,Paint,4691.0,5026.68,7.16,Medium,93990.0,0.68,0.05,0.1
PRJ-2018,Metro Rail,Tamil Nadu,5504,40,1,29,403,Skilled,Excellent,Structural Steel,28.7,29.44,2.57,Low,55500.0,0.75,0.0,0.2
PRJ-2019,School/College,West Bengal,7983,8,1,11,256,Expert,Good,River Sand,60.6,70.35,16.08,High,17550.0,0.62,0.0,0.9
PRJ-2020,Commercial Complex,Punjab,4992,24,9,15,465,Semi-skilled,Poor,River Sand,455.7,587.95,29.02,High,238050.0,0.74,0.6,0.9
PRJ-2021,Road & Highway,Uttar Pradesh,42640,32,4,25,376,Skilled,Poor,AAC Blocks,631.0,674.77,6.94,Medium,2407.0,0.58,0.05,0.2
PRJ-2022,Bridge Construction,Madhya Pradesh,43191,38,5,3,465,Skilled,Average,TMT Steel,144.4,150.08,3.93,Low,352160.0,0.55,0.15,0.3
PRJ-2023,Hospital,Telangana,4085,12,5,28,75,Semi-skilled,Poor,River Sand,43.6,51.07,17.14,High,13446.0,0.7,0.15,0.9
PRJ-2024,Bridge Construction,Karnataka,49787,34,7,14,403,Semi-skilled,Average,Plywood,1528.0,2013.68,31.79,High,46140.0,0.72,0.9,0.8
PRJ-2025,Metro Rail,Punjab,42587,19,2,5,389,Unskilled,Poor,Plywood,426.0,552.64,29.73,High,12031.0,0.74,0.0,0.8
PRJ-2026,Commercial Complex,Uttar Pradesh,11987,29,12,17,36,Skilled,Poor,Vitrified Tiles,276.0,303.73,10.05,Medium,18025.0,0.58,0.0,0.2
PRJ-2027,Road & Highway,Gujarat,30647,41,5,24,146,Unskilled,Average,Coarse Aggregate,199.4,218.76,9.71,Medium,23232.0,0.82,0.15,0.5
PRJ-2028,Residential Apartment,Uttar Pradesh,14068,34,8,10,119,Semi-skilled,Good,TMT Steel,22.3,23.75,6.5,Medium,89900.0,0.58,0.85,0.3
PRJ-2029,School/College,Haryana,2958,20,5,25,154,Unskilled,Excellent,TMT Steel,49.5,51.43,3.91,Low,119660.0,0.71,0.15,0.3
PRJ-2030,Industrial Warehouse,Tamil Nadu,1175,16,8,15,51,Unskilled,Poor,Paint,883.0,981.16,11.12,Medium,27485.0,0.75,0.85,0.1
PRJ-2031,Industrial Warehouse,Madhya Pradesh,14675,15,11,28,128,Skilled,Average,Vitrified Tiles,206.0,217.74,5.7,Medium,7631.0,0.55,0.05,0.2
PRJ-2032,Hospital,Tamil Nadu,11517,19,8,13,290,Unskilled,Average,Electrical Cable,1107.0,1237.53,11.79,Medium,287166.0,0.75,0.85,0.1
PRJ-2033,Metro Rail,Maharashtra,44603,24,6,16,398,Unskilled,Good,Vitrified Tiles,274.0,282.22,3.0,Low,5343.0,0.78,0.7,0.2
PRJ-2034,Road & Highway,Maharashtra,9534,21,12,22,197,Semi-skilled,Good,Vitrified Tiles,650.0,724.18,11.41,Medium,48217.0,0.78,0.0,0.2
PRJ-2035,Commercial Complex,Odisha,21876,36,7,18,116,Unskilled,Good,Electrical Cable,1307.0,1417.42,8.45,Medium,242924.0,0.5,0.9,0.1
PRJ-2036,Road & Highway,Haryana,23843,59,7,16,34,Semi-skilled,Good,Fly Ash Bricks,7343.0,8616.43,17.34,High,10187.0,0.71,0.9,0.6
PRJ-2037,Bridge Construction,Maharashtra,27962,58,7,10,495,Expert,Average,River Sand,43.2,49.73,15.1,High,11754.0,0.78,0.9,0.9
PRJ-2038,Metro Rail,Telangana,29157,47,4,1,359,Semi-skilled,Excellent,Structural Steel,235.1,247.97,5.48,Medium,965250.0,0.7,0.05,0.2
PRJ-2039,Metro Rail,Maharashtra,22102,43,10,6,465,Unskilled,Average,Plywood,139.0,179.4,29.06,High,3838.0,0.78,0.2,0.8
PRJ-2040,Metro Rail,Bihar,47765,29,3,15,76,Semi-skilled,Good,Structural Steel,9.2,9.65,4.9,Low,33750.0,0.45,0.0,0.2
PRJ-2041,Residential Apartment,Odisha,22695,33,3,13,423,Semi-skilled,Excellent,OPC Cement,25.3,26.87,6.2,Medium,597.0,0.5,0.0,0.7
PRJ-2042,School/College,Bihar,1327,11,9,1,330,Skilled,Good,Structural Steel,36.6,37.9,3.55,Low,97500.0,0.45,0.6,0.2
PRJ-2043,Residential Apartment,Telangana,4228,30,11,9,452,Semi-skilled,Good,OPC Cement,21.1,24.64,16.75,High,1345.0,0.7,0.05,0.7
PRJ-2044,Hospital,Maharashtra,4216,12,1,16,373,Unskilled,Poor,TMT Steel,97.4,104.91,7.71,Medium,465620.0,0.78,0.0,0.3
PRJ-2045,Metro Rail,Haryana,48711,51,11,15,258,Skilled,Good,TMT Steel,69.6,73.38,5.43,Medium,234360.0,0.71,0.05,0.3
PRJ-2046,Commercial Complex,Rajasthan,21289,26,11,5,377,Unskilled,Poor,OPC Cement,87.5,106.06,21.21,High,7053.0,0.65,0.05,0.7
PRJ-2047,Commercial Complex,Telangana,15985,32,6,21,415,Semi-skilled,Excellent,Fly Ash Bricks,3043.0,3606.82,18.53,High,4511.0,0.7,0.7,0.6
PRJ-2048,Data Center,Maharashtra,8366,14,8,21,182,Expert,Average,Paint,1148.0,1217.55,6.06,Medium,19474.0,0.78,0.85,0.1
PRJ-2049,Commercial Complex,Telangana,6892,13,3,12,463,Skilled,Good,Coarse Aggregate,143.6,152.53,6.22,Medium,10716.0,0.7,0.0,0.5
PRJ-2050,Metro Rail,Bihar,42285,60,4,15,428,Unskilled,Average,Plywood,278.0,338.86,21.89,High,5782.0,0.45,0.05,0.8
PRJ-2051,Industrial Warehouse,Uttar Pradesh,1798,23,1,12,74,Unskilled,Good,Paint,220.0,236.27,7.39,Medium,4556.0,0.58,0.0,0.1
PRJ-2052,School/College,Bihar,8747,14,11,12,297,Unskilled,Poor,OPC Cement,277.3,317.83,14.62,Medium,15401.0,0.45,0.05,0.7
PRJ-2053,Hospital,Punjab,5294,24,8,15,164,Semi-skilled,Average,AAC Blocks,2280.0,2492.61,9.32,Medium,11694.0,0.74,0.85,0.2
PRJ-2054,Metro Rail,Kerala,25112,31,9,18,140,Unskilled,Average,Vitrified Tiles,1068.0,1156.79,8.31,Medium,57713.0,0.68,0.6,0.2
PRJ-2055,Hospital,Odisha,3907,19,2,5,415,Unskilled,Poor,Coarse Aggregate,32.2,36.17,12.32,Medium,4764.0,0.5,0.0,0.5
PRJ-2056,Residential Apartment,Punjab,10328,25,7,21,315,Unskilled,Average,Electrical Cable,448.0,482.18,7.63,Medium,75196.0,0.74,0.9,0.1
PRJ-2057,Commercial Complex,Telangana,20631,25,2,19,314,Unskilled,Average,Plywood,56.0,69.92,24.86,High,1322.0,0.7,0.0,0.8
PRJ-2058,Residential Apartment,Gujarat,4500,19,11,25,304,Semi-skilled,Poor,AAC Blocks,1234.0,1333.39,8.05,Medium,5466.0,0.82,0.05,0.2
PRJ-2059,Data Center,Madhya Pradesh,9447,23,3,12,138,Unskilled,Good,River Sand,23.0,28.75,24.99,High,10350.0,0.55,0.0,0.9
PRJ-2060,Data Center,Punjab,1872,12,3,20,365,Unskilled,Average,Electrical Cable,597.0,639.04,7.04,Medium,92488.0,0.74,0.0,0.1
PRJ-2061,Bridge Construction,West Bengal,13119,25,9,6,305,Unskilled,Average,Plywood,254.0,345.36,35.97,High,8679.0,0.62,0.6,0.8
PRJ-2062,Road & Highway,Rajasthan,29142,25,12,15,138,Semi-skilled,Poor,River Sand,101.9,121.59,19.32,High,35442.0,0.65,0.0,0.9
PRJ-2063,Industrial Warehouse,Telangana,2355,22,4,21,255,Semi-skilled,Average,TMT Steel,260.7,268.43,2.96,Low,479260.0,0.7,0.05,0.3
PRJ-2064,Road & Highway,Telangana,23147,46,11,12,448,Skilled,Average,AAC Blocks,1058.0,1162.34,9.86,Medium,5739.0,0.7,0.05,0.2
PRJ-2065,Metro Rail,West Bengal,48264,49,12,24,267,Skilled,Average,Electrical Cable,536.0,573.6,7.01,Medium,82720.0,0.62,0.0,0.1
PRJ-2066,Bridge Construction,Gujarat,13227,60,2,10,128,Unskilled,Average,AAC Blocks,1084.0,1227.55,13.24,Medium,7895.0,0.82,0.0,0.2
PRJ-2067,Road & Highway,Madhya Pradesh,10012,22,12,23,189,Semi-skilled,Poor,Vitrified Tiles,442.0,475.22,7.52,Medium,21593.0,0.55,0.0,0.2
PRJ-2068,Industrial Warehouse,Haryana,3587,9,8,20,159,Semi-skilled,Good,Coarse Aggregate,17.1,18.22,6.57,Medium,1344.0,0.71,0.85,0.5
PRJ-2069,Data Center,Telangana,7113,22,12,21,200,Expert,Poor,Vitrified Tiles,386.0,409.29,6.03,Medium,15139.0,0.7,0.0,0.2
PRJ-2070,Bridge Construction,Gujarat,42789,24,4,14,294,Unskilled,Good,Electrical Cable,7825.0,8455.56,8.06,Medium,1387232.0,0.82,0.05,0.1
PRJ-2071,Residential Apartment,Odisha,19599,22,9,11,28,Unskilled,Good,Coarse Aggregate,22.2,24.73,11.39,Medium,3036.0,0.5,0.6,0.5
PRJ-2072,Bridge Construction,Rajasthan,8961,22,2,1,173,Unskilled,Average,Paint,1900.0,2077.81,9.36,Medium,49787.0,0.65,0.0,0.1
PRJ-2073,Hospital,Rajasthan,4161,19,10,9,450,Semi-skilled,Poor,TMT Steel,59.9,65.05,8.6,Medium,319300.0,0.65,0.2,0.3
PRJ-2074,Commercial Complex,Jharkhand,4326,28,9,18,469,Semi-skilled,Average,Vitrified Tiles,44.0,48.16,9.45,Medium,2704.0,0.42,0.6,0.2
PRJ-2075,Commercial Complex,Gujarat,22567,30,3,8,209,Unskilled,Excellent,Coarse Aggregate,74.2,81.62,10.0,Medium,8904.0,0.82,0.0,0.5
PRJ-2076,School/College,Rajasthan,11390,10,9,4,65,Unskilled,Average,Coarse Aggregate,95.7,105.83,10.58,Medium,12156.0,0.65,0.6,0.5
PRJ-2077,Bridge Construction,West Bengal,30927,21,6,21,67,Skilled,Good,Fly Ash Bricks,465.0,508.97,9.46,Medium,352.0,0.62,0.7,0.6
PRJ-2078,Industrial Warehouse,Bihar,5946,18,3,30,185,Unskilled,Excellent,TMT Steel,13.7,14.07,2.69,Low,22940.0,0.45,0.0,0.3
PRJ-2079,Industrial Warehouse,Tamil Nadu,6598,16,4,26,219,Semi-skilled,Good,River Sand,222.1,249.9,12.52,Medium,50040.0,0.75,0.05,0.9
PRJ-2080,Road & Highway,Telangana,5259,49,5,27,460,Unskilled,Average,Plywood,155.0,192.76,24.36,High,3587.0,0.7,0.15,0.8
PRJ-2081,Bridge Construction,Gujarat,30226,42,5,30,51,Skilled,Good,AAC Blocks,407.0,423.33,4.01,Low,898.0,0.82,0.15,0.2
PRJ-2082,Bridge Construction,West Bengal,8249,60,11,2,233,Unskilled,Good,Vitrified Tiles,1570.0,1677.12,6.82,Medium,69628.0,0.62,0.05,0.2
PRJ-2083,School/College,Jharkhand,1843,22,2,19,416,Unskilled,Average,AAC Blocks,1671.0,1830.07,9.52,Medium,8749.0,0.42,0.0,0.2
PRJ-2084,Industrial Warehouse,Tamil Nadu,11361,10,5,24,110,Unskilled,Poor,Fly Ash Bricks,2315.0,2827.22,22.13,High,4098.0,0.75,0.15,0.6
PRJ-2085,Commercial Complex,West Bengal,15086,14,6,13,283,Unskilled,Average,Structural Steel,40.5,43.36,7.07,Medium,214500.0,0.62,0.7,0.2
PRJ-2086,Bridge Construction,Kerala,39654,39,2,9,82,Unskilled,Good,Structural Steel,54.5,57.11,4.8,Low,195750.0,0.68,0.0,0.2
PRJ-2087,Data Center,Uttar Pradesh,14166,8,12,5,285,Unskilled,Excellent,OPC Cement,55.7,61.05,9.6,Medium,2033.0,0.58,0.0,0.7
PRJ-2088,Metro Rail,Haryana,25938,53,7,4,244,Semi-skilled,Poor,AAC Blocks,1788.0,1979.31,10.7,Medium,10522.0,0.71,0.9,0.2
PRJ-2089,Hospital,Madhya Pradesh,10270,9,3,23,188,Unskilled,Good,Vitrified Tiles,585.0,642.11,9.76,Medium,37122.0,0.55,0.0,0.2
PRJ-2090,Industrial Warehouse,Karnataka,14343,11,2,21,371,Unskilled,Average,Vitrified Tiles,1177.0,1277.48,8.54,Medium,65312.0,0.72,0.0,0.2
PRJ-2091,Bridge Construction,Madhya Pradesh,24018,25,2,10,23,Skilled,Poor,HDPE Pipes,681.0,729.79,7.17,Medium,21955.0,0.55,0.0,0.1
PRJ-2092,Metro Rail,Punjab,31002,54,12,19,117,Semi-skilled,Average,River Sand,53.4,61.76,15.65,High,15048.0,0.74,0.0,0.9
PRJ-2093,Data Center,Uttar Pradesh,1093,11,3,27,103,Skilled,Poor,Electrical Cable,1200.0,1288.41,7.37,Medium,194502.0,0.58,0.0,0.1
PRJ-2094,Bridge Construction,Haryana,14971,21,1,20,481,Semi-skilled,Average,Fly Ash Bricks,227.0,262.19,15.5,High,282.0,0.71,0.0,0.6
PRJ-2095,Data Center,Telangana,9413,24,9,13,226,Unskilled,Average,OPC Cement,125.0,142.98,14.38,Medium,6832.0,0.7,0.6,0.7
PRJ-2096,School/College,Karnataka,4057,11,8,8,358,Unskilled,Good,AAC Blocks,840.0,946.0,12.62,Medium,5830.0,0.72,0.85,0.2
PRJ-2097,Commercial Complex,Haryana,12229,20,7,23,347,Semi-skilled,Excellent,AAC Blocks,1924.0,2039.16,5.99,Medium,6334.0,0.71,0.9,0.2
PRJ-2098,Road & Highway,Odisha,12450,53,3,21,33,Skilled,Poor,TMT Steel,90.4,94.03,4.01,Low,225060.0,0.5,0.0,0.3
PRJ-2099,School/College,Uttar Pradesh,4567,11,3,12,226,Skilled,Average,River Sand,94.6,111.44,17.8,High,30312.0,0.58,0.0,0.9
PRJ-2100,Road & Highway,Rajasthan,40595,34,3,30,386,Expert,Good,River Sand,188.3,202.16,7.36,Medium,24948.0,0.65,0.0,0.9
PRJ-2101,Bridge Construction,Bihar,30759,48,3,27,61,Semi-skilled,Excellent,River Sand,53.1,60.9,14.69,Medium,14040.0,0.45,0.0,0.9
PRJ-2102,Residential Apartment,Karnataka,10090,36,6,29,149,Unskilled,Average,Electrical Cable,767.0,830.42,8.27,Medium,139524.0,0.72,0.7,0.1
PRJ-2103,Residential Apartment,Jharkhand,17534,24,8,1,179,Skilled,Average,Paint,2189.0,2413.56,10.26,Medium,62877.0,0.42,0.85,0.1
PRJ-2104,Road & Highway,Kerala,48326,60,11,19,404,Semi-skilled,Average,Structural Steel,28.6,30.24,5.74,Medium,123000.0,0.68,0.05,0.2
PRJ-2105,Data Center,Haryana,5954,9,8,18,378,Skilled,Good,Electrical Cable,123.0,129.93,5.63,Medium,15246.0,0.71,0.85,0.1
PRJ-2106,Industrial Warehouse,Tamil Nadu,8353,18,1,6,426,Unskilled,Good,TMT Steel,58.8,61.63,4.81,Low,175460.0,0.75,0.0,0.3
PRJ-2107,Road & Highway,Jharkhand,7345,41,4,28,57,Unskilled,Good,Vitrified Tiles,91.0,98.45,8.18,Medium,4843.0,0.42,0.05,0.2
PRJ-2108,Hospital,Haryana,5647,22,3,26,90,Unskilled,Poor,AAC Blocks,439.0,487.21,10.98,Medium,2652.0,0.71,0.0,0.2
PRJ-2109,Bridge Construction,Haryana,33630,60,2,18,323,Semi-skilled,Average,Electrical Cable,442.0,471.61,6.7,Medium,65142.0,0.71,0.0,0.1
PRJ-2110,Data Center,Odisha,13344,15,12,19,302,Unskilled,Poor,HDPE Pipes,866.0,939.25,8.46,Medium,32962.0,0.5,0.0,0.1
PRJ-2111,Commercial Complex,Odisha,7546,28,9,19,117,Skilled,Average,Plywood,1001.0,1178.74,17.76,High,16885.0,0.5,0.6,0.8
PRJ-2112,Industrial Warehouse,Odisha,9999,21,8,17,30,Semi-skilled,Excellent,TMT Steel,27.8,29.02,4.37,Low,75640.0,0.5,0.85,0.3
PRJ-2113,Bridge Construction,Karnataka,20220,40,11,29,488,Semi-skilled,Good,OPC Cement,13.7,14.16,3.34,Low,175.0,0.72,0.05,0.7
PRJ-2114,School/College,Telangana,7016,15,10,3,440,Unskilled,Average,Vitrified Tiles,414.0,465.15,12.36,Medium,33247.0,0.7,0.2,0.2
PRJ-2115,Industrial Warehouse,Kerala,11662,14,2,11,147,Unskilled,Average,TMT Steel,67.0,73.38,9.52,Medium,395560.0,0.68,0.0,0.3
PRJ-2116,Metro Rail,Maharashtra,47955,18,8,16,265,Unskilled,Good,HDPE Pipes,399.0,430.25,7.83,Medium,14062.0,0.78,0.85,0.1
PRJ-2117,Bridge Construction,Telangana,48163,54,5,20,333,Skilled,Average,AAC Blocks,926.0,1018.65,10.01,Medium,5096.0,0.7,0.15,0.2
PRJ-2118,Hospital,Bihar,7818,21,9,5,413,Unskilled,Average,TMT Steel,284.6,307.47,8.03,Medium,1417940.0,0.45,0.6,0.3
PRJ-2119,Metro Rail,Haryana,28488,22,10,20,419,Skilled,Average,Paint,154.0,166.38,8.04,Medium,3466.0,0.71,0.2,0.1
PRJ-2120,Metro Rail,Rajasthan,16227,28,12,29,209,Semi-skilled,Average,Coarse Aggregate,164.1,172.82,5.31,Medium,10464.0,0.65,0.0,0.5
PRJ-2121,Road & Highway,Punjab,26456,57,1,3,199,Unskilled,Average,Coarse Aggregate,42.6,47.02,10.39,Medium,5304.0,0.74,0.0,0.5
PRJ-2122,Metro Rail,Tamil Nadu,11520,19,12,20,230,Semi-skilled,Average,Plywood,400.0,506.38,26.6,High,10106.0,0.75,0.0,0.8
PRJ-2123,Road & Highway,Jharkhand,20032,43,7,25,202,Semi-skilled,Poor,AAC Blocks,1079.0,1205.78,11.75,Medium,6973.0,0.42,0.9,0.2
PRJ-2124,Residential Apartment,Rajasthan,18096,19,2,16,472,Skilled,Poor,Coarse Aggregate,31.7,34.93,10.2,Medium,3876.0,0.65,0.0,0.5
PRJ-2125,Bridge Construction,Karnataka,36907,50,7,26,434,Semi-skilled,Excellent,TMT Steel,83.4,85.94,3.04,Low,157480.0,0.72,0.9,0.3
PRJ-2126,Road & Highway,Haryana,16304,31,11,21,442,Semi-skilled,Poor,OPC Cement,161.8,190.05,17.46,High,10735.0,0.71,0.05,0.7
PRJ-2127,Hospital,Tamil Nadu,14369,15,9,12,460,Unskilled,Average,Plywood,357.0,477.75,33.82,High,11471.0,0.75,0.6,0.8
PRJ-2128,Metro Rail,Haryana,12864,22,3,29,102,Unskilled,Average,Vitrified Tiles,201.0,218.97,8.94,Medium,11680.0,0.71,0.0,0.2
PRJ-2129,Data Center,Gujarat,14381,14,8,3,64,Unskilled,Good,Coarse Aggregate,28.2,32.07,13.71,Medium,4644.0,0.82,0.85,0.5
PRJ-2130,Road & Highway,Tamil Nadu,40064,50,1,13,102,Expert,Poor,Structural Steel,133.7,142.3,6.43,Medium,645000.0,0.75,0.0,0.2
PRJ-2131,Metro Rail,Odisha,22001,19,10,1,140,Skilled,Average,HDPE Pipes,1690.0,1766.09,4.5,Low,34240.0,0.5,0.2,0.1
PRJ-2132,Residential Apartment,Gujarat,15680,21,12,18,210,Semi-skilled,Good,TMT Steel,164.0,173.01,5.49,Medium,558620.0,0.82,0.0,0.3
PRJ-2133,Industrial Warehouse,Tamil Nadu,3507,17,9,3,381,Unskilled,Average,Electrical Cable,6460.0,7077.84,9.56,Medium,1359248.0,0.75,0.6,0.1
PRJ-2134,Residential Apartment,Karnataka,10578,25,9,3,237,Semi-skilled,Average,Electrical Cable,92.0,100.97,9.75,Medium,19734.0,0.72,0.6,0.1
PRJ-2135,Road & Highway,Karnataka,23451,54,2,20,313,Semi-skilled,Excellent,TMT Steel,193.7,202.13,4.35,Low,522660.0,0.72,0.0,0.3
PRJ-2136,Road & Highway,Kerala,6350,35,3,7,349,Unskilled,Average,Coarse Aggregate,86.0,98.15,14.13,Medium,14580.0,0.68,0.0,0.5
PRJ-2137,Road & Highway,Rajasthan,13500,24,5,2,230,Unskilled,Good,TMT Steel,56.6,61.93,9.42,Medium,330460.0,0.65,0.15,0.3
PRJ-2138,Bridge Construction,Jharkhand,5127,22,7,1,342,Unskilled,Poor,Coarse Aggregate,12.0,14.65,22.05,High,3180.0,0.42,0.9,0.5
PRJ-2139,Metro Rail,Uttar Pradesh,34832,54,6,10,88,Unskilled,Average,River Sand,28.7,35.49,23.65,High,12222.0,0.58,0.7,0.9
PRJ-2140,Industrial Warehouse,Kerala,10777,19,4,14,406,Skilled,Good,River Sand,61.2,65.01,6.23,Medium,6858.0,0.68,0.05,0.9
PRJ-2141,Commercial Complex,West Bengal,4515,34,7,17,429,Skilled,Good,HDPE Pipes,385.0,396.99,3.11,Low,5396.0,0.62,0.9,0.1
PRJ-2142,School/College,West Bengal,10072,22,12,16,236,Semi-skilled,Average,AAC Blocks,527.0,569.04,7.98,Medium,2312.0,0.62,0.0,0.2
PRJ-2143,Commercial Complex,Gujarat,17741,26,9,22,59,Unskilled,Poor,HDPE Pipes,1941.0,2089.41,7.65,Medium,66784.0,0.82,0.6,0.1
PRJ-2144,Commercial Complex,Madhya Pradesh,9314,31,10,15,349,Semi-skilled,Poor,Fly Ash Bricks,568.0,672.42,18.38,High,835.0,0.55,0.2,0.6
PRJ-2145,School/College,West Bengal,1636,16,4,12,79,Semi-skilled,Average,Paint,1671.0,1784.78,6.81,Medium,31858.0,0.62,0.05,0.1
PRJ-2146,School/College,Bihar,14246,10,9,21,397,Skilled,Good,Coarse Aggregate,17.4,18.44,5.96,Medium,1248.0,0.45,0.6,0.5
PRJ-2147,Bridge Construction,Tamil Nadu,41406,19,9,16,316,Semi-skilled,Good,Paint,569.0,616.62,8.37,Medium,13334.0,0.75,0.6,0.1
PRJ-2148,Residential Apartment,Gujarat,22764,15,11,12,468,Semi-skilled,Average,AAC Blocks,3449.0,3672.65,6.48,Medium,12301.0,0.82,0.05,0.2
PRJ-2149,Road & Highway,Haryana,11949,52,10,21,186,Unskilled,Average,River Sand,25.0,28.6,14.39,Medium,6480.0,0.71,0.2,0.9
PRJ-2150,Residential Apartment,Uttar Pradesh,12016,31,5,7,412,Unskilled,Poor,OPC Cement,381.4,435.53,14.19,Medium,20569.0,0.58,0.15,0.7
PRJ-2151,Metro Rail,Rajasthan,31907,32,1,17,180,Skilled,Good,TMT Steel,26.0,27.6,6.14,Medium,99200.0,0.65,0.0,0.3
PRJ-2152,Industrial Warehouse,Maharashtra,8671,10,12,25,201,Unskilled,Average,Fly Ash Bricks,116.0,130.71,12.68,Medium,118.0,0.78,0.0,0.6
PRJ-2153,Industrial Warehouse,Maharashtra,6674,19,11,22,352,Unskilled,Average,Coarse Aggregate,16.9,18.02,6.63,Medium,1344.0,0.78,0.05,0.5
PRJ-2154,Metro Rail,Rajasthan,7360,46,5,25,500,Skilled,Good,Plywood,1520.0,1816.58,19.51,High,28175.0,0.65,0.15,0.8
PRJ-2155,Data Center,West Bengal,12444,24,8,28,289,Semi-skilled,Good,River Sand,39.9,45.73,14.61,Medium,10494.0,0.62,0.85,0.9
PRJ-2156,Industrial Warehouse,Odisha,13489,9,2,24,39,Semi-skilled,Poor,Plywood,127.0,165.59,30.39,High,3666.0,0.5,0.0,0.8
PRJ-2157,Residential Apartment,Haryana,2709,36,5,25,336,Unskilled,Good,OPC Cement,156.8,171.36,9.29,Medium,5533.0,0.71,0.15,0.7
PRJ-2158,Commercial Complex,Odisha,11668,24,3,4,372,Unskilled,Good,HDPE Pipes,5434.0,5874.17,8.1,Medium,198077.0,0.5,0.0,0.1
PRJ-2159,Residential Apartment,Haryana,5105,12,5,23,179,Semi-skilled,Average,OPC Cement,47.4,53.01,11.83,Medium,2132.0,0.71,0.15,0.7
PRJ-2160,School/College,Bihar,5479,12,5,14,84,Skilled,Average,Electrical Cable,427.0,450.01,5.39,Medium,50622.0,0.45,0.15,0.1
PRJ-2161,Residential Apartment,Punjab,20446,29,5,14,260,Unskilled,Good,OPC Cement,60.6,66.93,10.44,Medium,2405.0,0.74,0.15,0.7
PRJ-2162,School/College,West Bengal,13756,8,8,8,144,Unskilled,Average,TMT Steel,32.1,33.39,4.02,Low,79980.0,0.62,0.85,0.3
PRJ-2163,Bridge Construction,Kerala,19688,19,5,15,145,Unskilled,Good,Plywood,3237.0,4032.38,24.57,High,75561.0,0.68,0.15,0.8
PRJ-2164,Data Center,Odisha,10278,23,9,22,476,Unskilled,Good,Plywood,2087.0,2611.51,25.13,High,49828.0,0.5,0.6,0.8
PRJ-2165,Residential Apartment,Odisha,22941,36,4,2,153,Skilled,Poor,OPC Cement,46.3,52.25,12.86,Medium,2261.0,0.5,0.05,0.7
PRJ-2166,Hospital,West Bengal,10745,24,10,30,322,Semi-skilled,Average,Vitrified Tiles,1850.0,1986.82,7.4,Medium,88933.0,0.62,0.2,0.2
PRJ-2167,Industrial Warehouse,Rajasthan,1365,17,8,28,290,Unskilled,Excellent,Plywood,3926.0,4758.19,21.2,High,79058.0,0.65,0.85,0.8
PRJ-2168,Road & Highway,Maharashtra,38531,45,2,25,167,Unskilled,Poor,Fly Ash Bricks,707.0,827.52,17.05,High,964.0,0.78,0.0,0.6
PRJ-2169,Metro Rail,Punjab,29352,24,7,17,423,Unskilled,Average,Vitrified Tiles,1599.0,1792.11,12.08,Medium,125521.0,0.74,0.9,0.2
PRJ-2170,Commercial Complex,Haryana,3863,12,8,8,158,Unskilled,Good,Fly Ash Bricks,1029.0,1234.15,19.94,High,1641.0,0.71,0.85,0.6
PRJ-2171,Road & Highway,Punjab,28206,42,3,26,369,Semi-skilled,Poor,Paint,1354.0,1432.27,5.78,Medium,21916.0,0.74,0.0,0.1
PRJ-2172,Metro Rail,Gujarat,14048,38,7,3,468,Semi-skilled,Poor,OPC Cement,132.3,155.52,17.55,High,8824.0,0.82,0.9,0.7
PRJ-2173,Commercial Complex,Jharkhand,10448,15,6,21,54,Unskilled,Good,TMT Steel,66.1,69.72,5.48,Medium,224440.0,0.42,0.7,0.3
PRJ-2174,Industrial Warehouse,Maharashtra,1189,23,7,4,146,Semi-skilled,Average,Coarse Aggregate,16.3,17.86,9.58,Medium,1872.0,0.78,0.9,0.5
PRJ-2175,Residential Apartment,Odisha,13812,16,1,6,58,Expert,Average,River Sand,330.1,374.39,13.42,Medium,79722.0,0.5,0.0,0.9
PRJ-2176,Data Center,Odisha,11714,15,8,24,406,Unskilled,Poor,Fly Ash Bricks,1170.0,1449.31,23.87,High,2234.0,0.5,0.85,0.6
PRJ-2177,Industrial Warehouse,Uttar Pradesh,2964,11,7,27,229,Unskilled,Good,Plywood,1602.0,2091.04,30.53,High,46459.0,0.58,0.9,0.8
PRJ-2178,Bridge Construction,Rajasthan,14284,44,12,26,379,Unskilled,Average,AAC Blocks,563.0,621.73,10.43,Medium,3230.0,0.65,0.0,0.2
PRJ-2179,Metro Rail,Gujarat,25757,52,8,5,225,Semi-skilled,Good,Vitrified Tiles,120.0,136.74,13.95,Medium,10881.0,0.82,0.85,0.2
PRJ-2180,Metro Rail,Maharashtra,11977,35,9,28,333,Semi-skilled,Good,Fly Ash Bricks,1072.0,1246.14,16.24,High,1393.0,0.78,0.6,0.6
PRJ-2181,Residential Apartment,Karnataka,6376,18,4,12,304,Unskilled,Poor,AAC Blocks,704.0,792.2,12.53,Medium,4851.0,0.72,0.05,0.2
PRJ-2182,School/College,Maharashtra,4379,18,12,29,350,Unskilled,Average,AAC Blocks,1801.0,1941.76,7.82,Medium,7742.0,0.78,0.0,0.2
PRJ-2183,Residential Apartment,Haryana,12359,13,8,28,274,Semi-skilled,Average,Vitrified Tiles,1713.0,1858.74,8.51,Medium,94731.0,0.71,0.85,0.2
PRJ-2184,Hospital,Odisha,6909,16,4,26,424,Skilled,Excellent,AAC Blocks,431.0,441.64,2.47,Low,585.0,0.5,0.05,0.2
PRJ-2185,Industrial Warehouse,Rajasthan,12488,23,12,16,270,Semi-skilled,Average,Fly Ash Bricks,238.0,269.15,13.09,Medium,249.0,0.65,0.0,0.6
PRJ-2186,Data Center,Rajasthan,5018,9,10,10,238,Unskilled,Poor,Structural Steel,107.2,113.32,5.71,Medium,459000.0,0.65,0.2,0.2
PRJ-2187,Residential Apartment,Bihar,19434,28,10,30,89,Unskilled,Average,River Sand,266.2,323.34,21.47,High,102852.0,0.45,0.2,0.9
PRJ-2188,Hospital,Uttar Pradesh,14145,14,6,16,256,Semi-skilled,Good,HDPE Pipes,2202.0,2286.9,3.86,Low,38205.0,0.58,0.7,0.1
PRJ-2189,Metro Rail,Haryana,24022,59,11,26,214,Unskilled,Poor,OPC Cement,239.1,277.1,15.89,High,14440.0,0.71,0.05,0.7
PRJ-2190,Residential Apartment,Haryana,2798,26,5,6,460,Unskilled,Good,AAC Blocks,1084.0,1193.08,10.06,Medium,5999.0,0.71,0.15,0.2
PRJ-2191,Road & Highway,Telangana,7852,23,7,25,242,Unskilled,Good,Vitrified Tiles,316.0,347.74,10.04,Medium,20631.0,0.7,0.9,0.2
PRJ-2192,Road & Highway,Karnataka,21572,47,11,1,245,Semi-skilled,Average,River Sand,19.1,22.48,17.71,High,6084.0,0.72,0.05,0.9
PRJ-2193,Metro Rail,Kerala,36255,36,2,7,83,Semi-skilled,Good,Coarse Aggregate,31.7,35.96,13.43,Medium,5112.0,0.68,0.0,0.5
PRJ-2194,Industrial Warehouse,Uttar Pradesh,11634,15,1,24,368,Expert,Good,Fly Ash Bricks,1269.0,1292.16,1.83,Low,185.0,0.58,0.0,0.6
PRJ-2195,Road & Highway,Kerala,44156,50,11,30,291,Unskilled,Average,River Sand,53.7,64.15,19.47,High,18810.0,0.68,0.05,0.9
PRJ-2196,Hospital,Madhya Pradesh,6857,12,10,22,493,Unskilled,Poor,Electrical Cable,295.0,323.33,9.6,Medium,62326.0,0.55,0.2,0.1
PRJ-2197,Bridge Construction,Telangana,22207,39,7,30,428,Unskilled,Good,AAC Blocks,458.0,488.21,6.6,Medium,1662.0,0.7,0.9,0.2
PRJ-2198,Metro Rail,Jharkhand,38231,25,8,6,249,Semi-skilled,Good,Electrical Cable,1453.0,1554.28,6.97,Medium,222816.0,0.42,0.85,0.1
PRJ-2199,Bridge Construction,Kerala,48171,27,12,15,393,Unskilled,Poor,River Sand,11.4,14.49,27.07,High,5562.0,0.68,0.0,0.9
PRJ-2200,Bridge Construction,Haryana,15577,31,1,20,126,Unskilled,Good,River Sand,96.5,114.63,18.79,High,32634.0,0.71,0.0,0.9
PRJ-2201,Hospital,Bihar,8563,21,2,30,437,Unskilled,Poor,Plywood,918.0,1161.23,26.5,High,23107.0,0.45,0.0,0.8
PRJ-2202,Bridge Construction,Maharashtra,30522,39,5,22,207,Unskilled,Poor,Structural Steel,26.9,28.48,5.86,Medium,118500.0,0.78,0.15,0.2
PRJ-2203,Road & Highway,Madhya Pradesh,13045,19,2,12,23,Expert,Good,River Sand,48.8,55.19,13.09,Medium,11502.0,0.55,0.0,0.9
PRJ-2204,School/College,Punjab,3653,9,10,16,416,Semi-skilled,Good,AAC Blocks,515.0,569.27,10.54,Medium,2985.0,0.74,0.2,0.2
PRJ-2205,Metro Rail,Karnataka,13836,46,9,25,496,Skilled,Average,Fly Ash Bricks,480.0,536.0,11.67,Medium,448.0,0.72,0.6,0.6
PRJ-2206,Industrial Warehouse,Gujarat,4443,18,10,23,155,Unskilled,Good,Plywood,810.0,1042.4,28.69,High,22078.0,0.82,0.2,0.8
PRJ-2207,Hospital,Gujarat,13903,12,12,23,245,Semi-skilled,Poor,Structural Steel,10.0,10.7,7.05,Medium,52500.0,0.82,0.0,0.2
PRJ-2208,Industrial Warehouse,Tamil Nadu,2961,9,6,1,90,Unskilled,Average,River Sand,93.5,119.35,27.65,High,46530.0,0.75,0.7,0.9
PRJ-2209,Commercial Complex,Rajasthan,22579,32,4,9,376,Semi-skilled,Excellent,Vitrified Tiles,1032.0,1104.7,7.04,Medium,47255.0,0.65,0.05,0.2
PRJ-2210,Data Center,Odisha,4548,23,6,3,204,Skilled,Average,OPC Cement,16.2,18.61,14.85,Medium,916.0,0.5,0.7,0.7
PRJ-2211,Residential Apartment,Uttar Pradesh,2140,29,3,19,306,Unskilled,Average,Coarse Aggregate,94.7,103.41,9.2,Medium,10452.0,0.58,0.0,0.5
PRJ-2212,Residential Apartment,Kerala,13840,13,10,16,338,Unskilled,Poor,Electrical Cable,2157.0,2322.71,7.68,Medium,364562.0,0.68,0.2,0.1
PRJ-2213,Road & Highway,Tamil Nadu,45127,48,3,7,475,Expert,Excellent,Paint,273.0,286.49,4.94,Low,3777.0,0.75,0.0,0.1
PRJ-2214,Bridge Construction,Madhya Pradesh,8386,28,6,22,373,Semi-skilled,Excellent,AAC Blocks,828.0,878.7,6.12,Medium,2789.0,0.55,0.7,0.2
PRJ-2215,Residential Apartment,Madhya Pradesh,15499,29,3,23,29,Unskilled,Poor,River Sand,846.4,1001.39,18.31,High,278982.0,0.55,0.0,0.9
PRJ-2216,Industrial Warehouse,Maharashtra,11734,23,9,3,466,Unskilled,Good,HDPE Pipes,209.0,221.16,5.82,Medium,5472.0,0.78,0.6,0.1
PRJ-2217,Bridge Construction,Uttar Pradesh,21076,56,3,21,378,Unskilled,Average,TMT Steel,12.0,12.74,6.13,Medium,45880.0,0.58,0.0,0.3
PRJ-2218,Industrial Warehouse,Gujarat,2235,18,4,26,337,Skilled,Good,HDPE Pipes,1256.0,1314.07,4.62,Low,26131.0,0.82,0.05,0.1
PRJ-2219,Hospital,Uttar Pradesh,8540,19,2,15,424,Semi-skilled,Poor,Coarse Aggregate,8.3,9.12,9.84,Medium,984.0,0.58,0.0,0.5
PRJ-2220,Residential Apartment,Jharkhand,19228,29,9,2,426,Unskilled,Poor,Vitrified Tiles,3883.0,4502.24,15.95,High,402506.0,0.42,0.6,0.2
PRJ-2221,Bridge Construction,Tamil Nadu,27034,18,8,6,427,Semi-skilled,Poor,Coarse Aggregate,154.0,171.38,11.29,Medium,20856.0,0.75,0.85,0.5
PRJ-2222,Residential Apartment,Maharashtra,18817,32,8,18,236,Semi-skilled,Average,Paint,95.0,101.1,6.42,Medium,1708.0,0.78,0.85,0.1
PRJ-2223,Hospital,Uttar Pradesh,12186,18,6,1,320,Unskilled,Good,Fly Ash Bricks,218.0,252.6,15.87,High,277.0,0.58,0.7,0.6
PRJ-2224,Metro Rail,Maharashtra,45541,46,5,6,481,Unskilled,Average,Fly Ash Bricks,2385.0,2840.57,19.1,High,3645.0,0.78,0.15,0.6
PRJ-2225,Data Center,Karnataka,3916,24,8,14,193,Unskilled,Excellent,Fly Ash Bricks,485.0,553.77,14.18,Medium,550.0,0.72,0.85,0.6
PRJ-2226,Industrial Warehouse,Maharashtra,13996,15,5,21,303,Unskilled,Good,TMT Steel,93.0,98.99,6.44,Medium,371380.0,0.78,0.15,0.3
PRJ-2227,Bridge Construction,Haryana,14583,24,7,16,468,Unskilled,Good,Fly Ash Bricks,1419.0,1705.68,20.2,High,2293.0,0.71,0.9,0.6
PRJ-2228,Road & Highway,Jharkhand,23778,24,10,14,421,Skilled,Excellent,Structural Steel,11.6,11.88,2.37,Low,21000.0,0.42,0.2,0.2
PRJ-2229,Hospital,Rajasthan,8235,21,1,19,281,Semi-skilled,Good,Paint,72.0,75.8,5.27,Medium,1064.0,0.65,0.0,0.1
PRJ-2230,Metro Rail,Madhya Pradesh,34263,35,6,20,58,Expert,Poor,Structural Steel,16.5,16.99,2.95,Low,36750.0,0.55,0.7,0.2
PRJ-2231,Data Center,West Bengal,3477,21,11,10,66,Semi-skilled,Average,Plywood,991.0,1205.29,21.62,High,20358.0,0.62,0.05,0.8
PRJ-2232,Hospital,Madhya Pradesh,6194,14,10,15,262,Unskilled,Excellent,Fly Ash Bricks,2775.0,3081.31,11.04,Medium,2450.0,0.55,0.2,0.6
PRJ-2233,Road & Highway,Haryana,33256,35,2,12,366,Semi-skilled,Average,River Sand,128.7,153.16,19.01,High,44028.0,0.71,0.0,0.9
PRJ-2234,Bridge Construction,Gujarat,40820,18,8,9,245,Unskilled,Poor,Plywood,640.0,947.26,48.01,High,29190.0,0.82,0.85,0.8
PRJ-2235,Road & Highway,Bihar,9474,50,6,27,248,Unskilled,Good,River Sand,61.3,72.33,18.0,High,19854.0,0.45,0.7,0.9
PRJ-2236,Data Center,Haryana,10658,12,12,25,45,Skilled,Good,Coarse Aggregate,65.9,68.98,4.67,Low,3696.0,0.71,0.0,0.5
PRJ-2237,Industrial Warehouse,West Bengal,6608,23,4,4,92,Unskilled,Good,River Sand,42.4,51.08,20.48,High,15624.0,0.62,0.05,0.9
PRJ-2238,Commercial Complex,Karnataka,2159,12,4,18,419,Unskilled,Good,Vitrified Tiles,411.0,452.81,10.17,Medium,27176.0,0.72,0.05,0.2
PRJ-2239,Metro Rail,Odisha,12545,41,10,8,92,Semi-skilled,Poor,Structural Steel,79.3,86.05,8.52,Medium,506250.0,0.5,0.2,0.2
PRJ-2240,Data Center,Maharashtra,10508,8,1,29,466,Unskilled,Average,HDPE Pipes,387.0,408.23,5.49,Medium,9554.0,0.78,0.0,0.1
PRJ-2241,Road & Highway,Bihar,44698,20,11,23,125,Unskilled,Excellent,Fly Ash Bricks,2599.0,3024.26,16.36,High,3402.0,0.45,0.05,0.6
PRJ-2242,Commercial Complex,Jharkhand,22869,24,4,11,354,Unskilled,Average,AAC Blocks,260.0,295.92,13.82,Medium,1976.0,0.42,0.05,0.2
PRJ-2243,Data Center,Punjab,5373,22,9,28,388,Skilled,Good,TMT Steel,33.3,34.17,2.63,Low,53940.0,0.74,0.6,0.3
PRJ-2244,Hospital,Odisha,7982,9,1,1,275,Unskilled,Average,Fly Ash Bricks,2626.0,3042.95,15.88,High,3336.0,0.5,0.0,0.6
PRJ-2245,Road & Highway,Gujarat,7056,21,8,26,162,Semi-skilled,Poor,Plywood,1110.0,1427.29,28.59,High,30143.0,0.82,0.85,0.8
PRJ-2246,Hospital,Rajasthan,4227,20,5,18,244,Unskilled,Good,Structural Steel,79.9,84.39,5.62,Medium,336750.0,0.65,0.15,0.2
PRJ-2247,Road & Highway,Madhya Pradesh,35043,45,12,6,467,Unskilled,Average,Electrical Cable,1180.0,1315.06,11.45,Medium,297132.0,0.55,0.0,0.1
PRJ-2248,Hospital,Odisha,14638,8,5,24,186,Unskilled,Average,HDPE Pipes,253.0,265.62,4.99,Low,5679.0,0.5,0.15,0.1
PRJ-2249,Data Center,Bihar,9577,12,2,10,409,Semi-skilled,Average,OPC Cement,20.3,22.79,12.25,Medium,946.0,0.45,0.0,0.7
PRJ-2250,Bridge Construction,Karnataka,38154,41,8,29,139,Semi-skilled,Average,Paint,701.0,756.17,7.87,Medium,15448.0,0.72,0.85,0.1
PRJ-2251,School/College,Madhya Pradesh,3836,21,8,7,382,Unskilled,Average,OPC Cement,30.8,36.59,18.78,High,2200.0,0.55,0.85,0.7
PRJ-2252,Industrial Warehouse,Karnataka,12694,15,4,19,465,Semi-skilled,Good,River Sand,9.8,11.18,14.05,Medium,2484.0,0.72,0.05,0.9
PRJ-2253,Commercial Complex,Uttar Pradesh,2780,12,10,15,377,Skilled,Poor,River Sand,72.9,88.97,22.05,High,28926.0,0.58,0.2,0.9
PRJ-2254,Residential Apartment,Rajasthan,10949,28,12,9,492,Skilled,Average,Electrical Cable,2689.0,2833.97,5.39,Medium,318934.0,0.65,0.0,0.1
PRJ-2255,Commercial Complex,Uttar Pradesh,10713,15,11,24,257,Semi-skilled,Average,TMT Steel,50.9,52.98,4.09,Low,128960.0,0.58,0.05,0.3
PRJ-2256,Bridge Construction,Uttar Pradesh,40917,55,7,27,138,Semi-skilled,Good,Structural Steel,63.8,67.11,5.19,Medium,248250.0,0.58,0.9,0.2
PRJ-2257,Bridge Construction,Uttar Pradesh,47788,43,8,16,491,Skilled,Good,Electrical Cable,170.0,182.06,7.1,Medium,26532.0,0.58,0.85,0.1
PRJ-2258,Data Center,Haryana,14376,23,6,24,241,Unskilled,Good,Electrical Cable,3511.0,3799.71,8.22,Medium,635162.0,0.71,0.7,0.1
PRJ-2259,Data Center,Maharashtra,6780,12,9,1,276,Semi-skilled,Excellent,Plywood,1637.0,1961.25,19.81,High,30804.0,0.78,0.6,0.8
PRJ-2260,Industrial Warehouse,Telangana,6092,18,7,29,184,Skilled,Poor,AAC Blocks,206.0,219.37,6.49,Medium,735.0,0.7,0.9,0.2
PRJ-2261,Residential Apartment,Rajasthan,22421,29,10,17,273,Semi-skilled,Average,HDPE Pipes,346.0,370.83,7.17,Medium,11173.0,0.65,0.2,0.1
PRJ-2262,Hospital,Karnataka,6907,17,8,24,161,Unskilled,Poor,OPC Cement,39.2,45.63,16.42,High,2443.0,0.72,0.85,0.7
PRJ-2263,School/College,Uttar Pradesh,1665,21,12,29,330,Unskilled,Good,Electrical Cable,4398.0,4710.48,7.1,Medium,687456.0,0.58,0.0,0.1
PRJ-2264,Road & Highway,Kerala,33298,35,9,2,51,Unskilled,Average,Fly Ash Bricks,1134.0,1433.96,26.45,High,2400.0,0.68,0.6,0.6
PRJ-2265,Data Center,Jharkhand,4312,9,7,8,103,Skilled,Poor,Coarse Aggregate,44.4,50.99,14.84,Medium,7908.0,0.42,0.9,0.5
PRJ-2266,Residential Apartment,Gujarat,19825,34,2,7,310,Skilled,Poor,TMT Steel,56.6,60.47,6.84,Medium,239940.0,0.82,0.0,0.3
PRJ-2267,Commercial Complex,Tamil Nadu,18656,20,2,22,30,Unskilled,Average,HDPE Pipes,1489.0,1577.89,5.97,Medium,40001.0,0.75,0.0,0.1
PRJ-2268,Metro Rail,Uttar Pradesh,37646,38,9,12,88,Semi-skilled,Average,Vitrified Tiles,916.0,1015.66,10.88,Medium,64779.0,0.58,0.6,0.2
PRJ-2269,Data Center,Tamil Nadu,2225,16,6,7,230,Semi-skilled,Excellent,AAC Blocks,204.0,215.82,5.79,Medium,650.0,0.75,0.7,0.2
PRJ-2270,Hospital,Punjab,4459,18,9,3,499,Semi-skilled,Average,HDPE Pipes,239.0,254.36,6.43,Medium,6912.0,0.74,0.6,0.1
PRJ-2271,Road & Highway,Kerala,34902,23,9,22,143,Unskilled,Excellent,Structural Steel,99.3,103.62,4.35,Low,324000.0,0.68,0.6,0.2
PRJ-2272,Data Center,Haryana,11765,14,4,26,450,Semi-skilled,Good,AAC Blocks,582.0,625.83,7.53,Medium,2411.0,0.71,0.05,0.2
PRJ-2273,School/College,Bihar,5101,10,11,15,354,Semi-skilled,Poor,Plywood,516.0,643.5,24.71,High,12112.0,0.45,0.05,0.8
PRJ-2274,Data Center,Haryana,12345,11,1,20,334,Semi-skilled,Excellent,Paint,2845.0,2973.3,4.51,Low,35924.0,0.71,0.0,0.1
PRJ-2275,Data Center,Karnataka,7956,17,5,21,260,Unskilled,Excellent,Vitrified Tiles,389.0,427.5,9.9,Medium,25025.0,0.72,0.15,0.2
PRJ-2276,Road & Highway,Bihar,40171,36,11,5,240,Semi-skilled,Average,OPC Cement,198.0,219.89,11.06,Medium,8318.0,0.45,0.05,0.7
PRJ-2277,Hospital,Telangana,4133,21,8,16,309,Semi-skilled,Average,TMT Steel,35.1,37.65,7.27,Medium,158100.0,0.7,0.85,0.3
PRJ-2278,Commercial Complex,Jharkhand,6296,32,1,30,438,Skilled,Good,Vitrified Tiles,184.0,195.94,6.49,Medium,7761.0,0.42,0.0,0.2
PRJ-2279,Residential Apartment,Kerala,12250,35,10,24,366,Skilled,Good,Coarse Aggregate,36.2,39.19,8.26,Medium,3588.0,0.68,0.2,0.5
PRJ-2280,School/College,Kerala,3602,11,8,30,85,Unskilled,Good,AAC Blocks,1149.0,1232.88,7.3,Medium,4613.0,0.68,0.85,0.2
PRJ-2281,Commercial Complex,Telangana,22772,20,1,29,200,Semi-skilled,Average,Fly Ash Bricks,2995.0,3400.48,13.54,Medium,3244.0,0.7,0.0,0.6
PRJ-2282,Bridge Construction,Bihar,16984,27,12,2,68,Unskilled,Average,Coarse Aggregate,17.6,19.87,12.91,Medium,2724.0,0.45,0.0,0.5
PRJ-2283,Road & Highway,Telangana,49440,40,4,2,287,Unskilled,Poor,River Sand,36.9,47.67,29.17,High,19386.0,0.7,0.05,0.9
PRJ-2284,Data Center,Karnataka,4941,10,6,9,27,Unskilled,Average,AAC Blocks,736.0,798.83,8.54,Medium,3456.0,0.72,0.7,0.2
PRJ-2285,Metro Rail,Jharkhand,39540,36,10,3,364,Unskilled,Poor,River Sand,30.7,40.33,31.38,High,17334.0,0.42,0.2,0.9
PRJ-2286,Bridge Construction,Madhya Pradesh,17427,40,5,2,269,Unskilled,Poor,Paint,473.0,546.59,15.56,High,20605.0,0.55,0.15,0.1
PRJ-2287,Road & Highway,Punjab,17064,50,4,2,457,Semi-skilled,Excellent,Vitrified Tiles,109.0,119.35,9.49,Medium,6727.0,0.74,0.05,0.2
PRJ-2288,Hospital,Maharashtra,5341,16,3,1,174,Skilled,Poor,TMT Steel,93.4,99.61,6.65,Medium,385020.0,0.78,0.0,0.3
PRJ-2289,Residential Apartment,West Bengal,5152,33,8,18,109,Unskilled,Average,Paint,338.0,357.64,5.81,Medium,5499.0,0.62,0.85,0.1
PRJ-2290,Road & Highway,Haryana,37044,48,3,21,349,Unskilled,Average,AAC Blocks,181.0,198.33,9.58,Medium,953.0,0.71,0.0,0.2
PRJ-2291,Bridge Construction,West Bengal,9251,46,7,5,247,Unskilled,Excellent,AAC Blocks,195.0,211.36,8.39,Medium,900.0,0.62,0.9,0.2
PRJ-2292,Metro Rail,Rajasthan,11995,36,9,15,500,Unskilled,Excellent,Structural Steel,96.3,102.57,6.51,Medium,470250.0,0.65,0.6,0.2
PRJ-2293,Data Center,Tamil Nadu,12195,15,6,19,131,Skilled,Average,River Sand,202.0,233.31,15.5,High,56358.0,0.75,0.7,0.9
PRJ-2294,Bridge Construction,Karnataka,8342,26,8,3,197,Unskilled,Average,Coarse Aggregate,106.5,121.45,14.04,Medium,17940.0,0.72,0.85,0.5
PRJ-2295,Bridge Construction,Jharkhand,46719,33,4,19,45,Unskilled,Average,Paint,591.0,643.13,8.82,Medium,14596.0,0.42,0.05,0.1
PRJ-2296,School/College,Telangana,6415,24,11,6,476,Unskilled,Average,Coarse Aggregate,117.7,134.23,14.04,Medium,19836.0,0.7,0.05,0.5
PRJ-2297,Road & Highway,Punjab,9579,26,10,20,462,Semi-skilled,Poor,Electrical Cable,201.0,213.23,6.08,Medium,26906.0,0.74,0.2,0.1
PRJ-2298,Commercial Complex,Punjab,5592,16,10,15,197,Semi-skilled,Average,AAC Blocks,426.0,460.45,8.09,Medium,1895.0,0.74,0.2,0.2
PRJ-2299,Metro Rail,West Bengal,10736,36,11,26,112,Unskilled,Good,Structural Steel,9.4,9.94,5.74,Medium,40500.0,0.62,0.05,0.2
PRJ-2300,Industrial Warehouse,Karnataka,14651,20,1,28,354,Semi-skilled,Average,OPC Cement,80.0,87.44,9.31,Medium,2827.0,0.72,0.0,0.7
PRJ-2301,Residential Apartment,Maharashtra,11047,20,12,7,221,Unskilled,Poor,Fly Ash Bricks,1230.0,1501.88,22.1,High,2175.0,0.78,0.0,0.6
PRJ-2302,Bridge Construction,Rajasthan,15509,54,4,26,426,Unskilled,Poor,River Sand,113.4,137.02,20.83,High,42516.0,0.65,0.05,0.9
PRJ-2303,Industrial Warehouse,Punjab,1122,9,12,15,342,Unskilled,Excellent,Electrical Cable,2081.0,2182.01,4.85,Low,222222.0,0.74,0.0,0.1
PRJ-2304,Data Center,Punjab,4915,18,9,6,256,Semi-skilled,Good,HDPE Pipes,478.0,501.05,4.82,Low,10373.0,0.74,0.6,0.1
PRJ-2305,Hospital,Haryana,6236,23,9,4,48,Semi-skilled,Poor,HDPE Pipes,1938.0,2092.41,7.97,Medium,69484.0,0.71,0.6,0.1
PRJ-2306,Metro Rail,Gujarat,5934,20,1,19,42,Skilled,Good,Coarse Aggregate,48.7,52.43,7.66,Medium,4476.0,0.82,0.0,0.5
PRJ-2307,Industrial Warehouse,Uttar Pradesh,12974,21,9,21,263,Expert,Good,Fly Ash Bricks,436.0,480.91,10.3,Medium,359.0,0.58,0.6,0.6
PRJ-2308,Data Center,Uttar Pradesh,7769,11,9,16,104,Semi-skilled,Average,Electrical Cable,615.0,648.89,5.51,Medium,74558.0,0.58,0.6,0.1
PRJ-2309,Residential Apartment,Gujarat,10985,25,5,21,130,Unskilled,Good,Structural Steel,63.9,66.84,4.6,Low,220500.0,0.82,0.15,0.2
PRJ-2310,Metro Rail,Kerala,32073,51,11,10,500,Skilled,Poor,Fly Ash Bricks,167.0,197.62,18.33,High,245.0,0.68,0.05,0.6
PRJ-2311,Data Center,Punjab,6454,11,4,15,180,Semi-skilled,Average,OPC Cement,67.4,76.38,13.33,Medium,3412.0,0.74,0.05,0.7
PRJ-2312,School/College,Uttar Pradesh,13904,23,2,13,311,Semi-skilled,Average,Vitrified Tiles,719.0,806.9,12.22,Medium,57135.0,0.58,0.0,0.2
PRJ-2313,Metro Rail,Haryana,31764,38,10,26,230,Unskilled,Good,Plywood,246.0,316.17,28.52,High,6666.0,0.71,0.2,0.8
PRJ-2314,Road & Highway,Punjab,34340,38,4,5,113,Semi-skilled,Average,Fly Ash Bricks,288.0,345.15,19.84,High,457.0,0.74,0.05,0.6
PRJ-2315,School/College,Rajasthan,3288,10,11,1,308,Unskilled,Excellent,River Sand,14.5,16.7,15.14,High,3960.0,0.65,0.05,0.9
PRJ-2316,Metro Rail,Tamil Nadu,22404,39,12,12,265,Skilled,Average,Paint,387.0,409.81,5.89,Medium,6387.0,0.75,0.0,0.1
PRJ-2317,Road & Highway,West Bengal,13549,32,11,16,223,Unskilled,Average,Fly Ash Bricks,785.0,942.01,20.0,High,1256.0,0.62,0.05,0.6
PRJ-2318,Industrial Warehouse,Haryana,6028,14,7,2,114,Semi-skilled,Average,HDPE Pipes,327.0,349.92,7.01,Medium,10314.0,0.71,0.9,0.1
PRJ-2319,Commercial Complex,Gujarat,7087,17,8,19,306,Unskilled,Poor,Coarse Aggregate,18.9,22.03,16.59,High,3756.0,0.82,0.85,0.5
PRJ-2320,Metro Rail,Kerala,25407,60,3,7,330,Unskilled,Average,AAC Blocks,878.0,978.68,11.47,Medium,5537.0,0.68,0.0,0.2
PRJ-2321,Residential Apartment,Tamil Nadu,24076,33,12,30,176,Semi-skilled,Good,HDPE Pipes,1738.0,1828.74,5.22,Medium,40833.0,0.75,0.0,0.1
PRJ-2322,Bridge Construction,Maharashtra,33345,59,8,22,322,Skilled,Poor,TMT Steel,9.0,9.35,3.91,Low,21700.0,0.78,0.85,0.3
PRJ-2323,School/College,West Bengal,4480,17,9,25,275,Unskilled,Good,TMT Steel,33.3,36.37,9.21,Medium,190340.0,0.62,0.6,0.3
PRJ-2324,Residential Apartment,West Bengal,7106,21,9,10,224,Unskilled,Average,Vitrified Tiles,2070.0,2299.94,11.11,Medium,149461.0,0.62,0.6,0.2
PRJ-2325,Bridge Construction,Punjab,19547,45,9,30,370,Skilled,Good,Vitrified Tiles,1251.0,1355.85,8.38,Medium,68152.0,0.74,0.6,0.2
PRJ-2326,Bridge Construction,Gujarat,31769,50,9,6,469,Semi-skilled,Average,Paint,154.0,166.42,8.07,Medium,3478.0,0.82,0.6,0.1
PRJ-2327,Residential Apartment,Madhya Pradesh,12990,30,6,6,191,Skilled,Average,Vitrified Tiles,583.0,651.45,11.74,Medium,44493.0,0.55,0.7,0.2
PRJ-2328,Hospital,Odisha,7176,20,3,19,404,Skilled,Poor,River Sand,86.8,100.41,15.68,High,24498.0,0.5,0.0,0.9
PRJ-2329,Metro Rail,West Bengal,15409,49,12,8,343,Expert,Good,Structural Steel,36.8,37.43,1.71,Low,47250.0,0.62,0.0,0.2
PRJ-2330,School/College,Jharkhand,10924,13,12,16,48,Semi-skilled,Average,River Sand,26.3,29.56,12.39,Medium,5868.0,0.42,0.0,0.9
PRJ-2331,Road & Highway,Odisha,49560,33,11,9,346,Unskilled,Good,Structural Steel,49.3,53.08,7.66,Medium,283500.0,0.5,0.05,0.2
PRJ-2332,Data Center,Bihar,1753,19,2,4,499,Expert,Average,Paint,1501.0,1607.61,7.1,Medium,29851.0,0.45,0.0,0.1
PRJ-2333,Data Center,Tamil Nadu,1789,20,9,28,282,Unskilled,Average,HDPE Pipes,293.0,311.34,6.26,Medium,8253.0,0.75,0.6,0.1
PRJ-2334,Data Center,Odisha,13225,24,12,23,287,Expert,Excellent,Vitrified Tiles,1029.0,1061.32,3.14,Low,21008.0,0.5,0.0,0.2
PRJ-2335,Industrial Warehouse,Rajasthan,10897,16,5,29,29,Skilled,Good,Plywood,2634.0,3018.9,14.61,Medium,36566.0,0.65,0.15,0.8
PRJ-2336,Metro Rail,Tamil Nadu,32999,57,9,23,185,Unskilled,Poor,Plywood,1030.0,1362.94,32.32,High,31629.0,0.75,0.6,0.8
PRJ-2337,Bridge Construction,Rajasthan,41794,52,1,8,376,Semi-skilled,Good,HDPE Pipes,1800.0,1900.73,5.6,Medium,45329.0,0.65,0.0,0.1
PRJ-2338,Road & Highway,Madhya Pradesh,12949,43,1,19,399,Unskilled,Average,Vitrified Tiles,618.0,705.6,14.17,Medium,56940.0,0.55,0.0,0.2
PRJ-2339,Commercial Complex,Odisha,23148,18,3,16,272,Semi-skilled,Good,Plywood,708.0,847.63,19.72,High,13265.0,0.5,0.0,0.8
PRJ-2340,School/College,Odisha,2491,13,1,6,496,Skilled,Poor,Coarse Aggregate,17.0,19.13,12.55,Medium,2556.0,0.5,0.0,0.5
PRJ-2341,Commercial Complex,Madhya Pradesh,7910,12,6,1,341,Unskilled,Average,AAC Blocks,240.0,263.97,9.99,Medium,1318.0,0.55,0.7,0.2
PRJ-2342,Industrial Warehouse,Gujarat,4192,15,2,27,442,Unskilled,Good,Coarse Aggregate,189.1,207.13,9.53,Medium,21636.0,0.82,0.0,0.5
PRJ-2343,Commercial Complex,Rajasthan,21452,29,1,6,60,Unskilled,Poor,Coarse Aggregate,56.1,63.62,13.41,Medium,9024.0,0.65,0.0,0.5
PRJ-2344,Commercial Complex,Madhya Pradesh,15973,27,10,6,37,Skilled,Poor,AAC Blocks,501.0,551.93,10.16,Medium,2801.0,0.55,0.2,0.2
PRJ-2345,Residential Apartment,Haryana,5200,33,4,25,253,Semi-skilled,Average,Vitrified Tiles,1144.0,1194.39,4.4,Low,32754.0,0.71,0.05,0.2
PRJ-2346,Residential Apartment,Maharashtra,2186,34,12,4,355,Semi-skilled,Excellent,Paint,1162.0,1234.34,6.23,Medium,20255.0,0.78,0.0,0.1
PRJ-2347,Commercial Complex,West Bengal,13231,18,7,27,407,Unskilled,Average,Fly Ash Bricks,925.0,1099.03,18.81,High,1392.0,0.62,0.9,0.6
PRJ-2348,School/College,Gujarat,4583,24,5,30,418,Semi-skilled,Average,OPC Cement,90.4,99.83,10.43,Medium,3583.0,0.82,0.15,0.7
PRJ-2349,Metro Rail,Rajasthan,37296,37,12,14,336,Unskilled,Average,Plywood,3048.0,3800.51,24.69,High,71488.0,0.65,0.0,0.8
PRJ-2350,Residential Apartment,Haryana,24608,29,12,15,25,Unskilled,Poor,River Sand,48.2,60.48,25.48,High,22104.0,0.71,0.0,0.9
PRJ-2351,Residential Apartment,Jharkhand,3744,13,5,20,141,Semi-skilled,Good,HDPE Pipes,2226.0,2348.52,5.5,Medium,55134.0,0.42,0.15,0.1
PRJ-2352,Residential Apartment,Jharkhand,8622,21,9,21,385,Semi-skilled,Poor,Coarse Aggregate,49.9,53.31,6.83,Medium,4092.0,0.42,0.6,0.5
PRJ-2353,Industrial Warehouse,Tamil Nadu,11912,8,7,1,211,Skilled,Good,Coarse Aggregate,17.0,18.57,9.24,Medium,1884.0,0.75,0.9,0.5
PRJ-2354,Industrial Warehouse,Rajasthan,2246,15,12,5,369,Semi-skilled,Average,Paint,310.0,329.87,6.41,Medium,5564.0,0.65,0.0,0.1
PRJ-2355,Hospital,Bihar,6913,12,3,21,464,Unskilled,Poor,Coarse Aggregate,42.6,48.56,13.99,Medium,7152.0,0.45,0.0,0.5
PRJ-2356,Commercial Complex,Tamil Nadu,17313,30,7,12,391,Unskilled,Average,Paint,304.0,326.41,7.37,Medium,6275.0,0.75,0.9,0.1
PRJ-2357,Road & Highway,Karnataka,37381,19,7,4,403,Skilled,Average,HDPE Pipes,674.0,712.34,5.69,Medium,17253.0,0.72,0.9,0.1
PRJ-2358,Commercial Complex,Tamil Nadu,17344,35,7,18,230,Semi-skilled,Excellent,TMT Steel,100.1,103.7,3.6,Low,223200.0,0.75,0.9,0.3
PRJ-2359,Industrial Warehouse,Uttar Pradesh,6457,14,2,17,223,Skilled,Good,Structural Steel,5.5,5.64,2.48,Low,10500.0,0.58,0.0,0.2
PRJ-2360,Hospital,Gujarat,3795,13,1,2,334,Semi-skilled,Poor,Plywood,342.0,444.31,29.92,High,9719.0,0.82,0.0,0.8
PRJ-2361,Metro Rail,Gujarat,6517,36,11,22,26,Unskilled,Poor,Vitrified Tiles,594.0,659.52,11.03,Medium,42588.0,0.82,0.05,0.2
PRJ-2362,School/College,Rajasthan,1993,18,2,1,249,Unskilled,Average,HDPE Pipes,3107.0,3346.26,7.7,Medium,107667.0,0.65,0.0,0.1
PRJ-2363,Bridge Construction,Madhya Pradesh,15735,53,6,10,231,Skilled,Average,Coarse Aggregate,21.7,24.28,11.89,Medium,3096.0,0.55,0.7,0.5
PRJ-2364,Hospital,Madhya Pradesh,8146,22,5,20,271,Unskilled,Poor,Plywood,715.0,918.24,28.42,High,19308.0,0.55,0.15,0.8
PRJ-2365,Road & Highway,Maharashtra,34458,43,11,9,357,Unskilled,Poor,HDPE Pipes,669.0,728.87,8.95,Medium,26942.0,0.78,0.05,0.1
PRJ-2366,Road & Highway,Uttar Pradesh,5509,23,6,16,482,Unskilled,Poor,Plywood,800.0,1142.63,42.83,High,32550.0,0.58,0.7,0.8
PRJ-2367,Hospital,Gujarat,3253,13,12,19,33,Unskilled,Good,Coarse Aggregate,109.6,115.85,5.7,Medium,7500.0,0.82,0.0,0.5
PRJ-2368,Industrial Warehouse,Maharashtra,2768,10,6,25,100,Unskilled,Poor,TMT Steel,69.2,76.31,10.28,Medium,440820.0,0.78,0.7,0.3
PRJ-2369,Data Center,Haryana,14923,20,4,18,35,Unskilled,Average,TMT Steel,34.4,36.27,5.44,Medium,115940.0,0.71,0.05,0.3
PRJ-2370,Metro Rail,Maharashtra,24847,20,3,13,181,Unskilled,Good,Plywood,1016.0,1278.85,25.87,High,24971.0,0.78,0.0,0.8
PRJ-2371,Bridge Construction,Jharkhand,10088,23,8,15,45,Semi-skilled,Average,AAC Blocks,761.0,819.06,7.63,Medium,3193.0,0.42,0.85,0.2
PRJ-2372,Hospital,Telangana,9359,20,7,7,342,Semi-skilled,Poor,Fly Ash Bricks,6929.0,8324.88,20.15,High,11167.0,0.7,0.9,0.6
PRJ-2373,Residential Apartment,West Bengal,23634,31,12,1,177,Semi-skilled,Average,OPC Cement,48.6,54.86,12.88,Medium,2379.0,0.62,0.0,0.7
PRJ-2374,Road & Highway,Madhya Pradesh,39158,25,11,19,51,Skilled,Poor,Fly Ash Bricks,3965.0,4452.46,12.29,Medium,3900.0,0.55,0.05,0.6
PRJ-2375,Metro Rail,Punjab,37758,43,7,15,244,Unskilled,Poor,AAC Blocks,120.0,137.8,14.84,Medium,979.0,0.74,0.9,0.2
PRJ-2376,Industrial Warehouse,Rajasthan,7538,8,10,4,267,Unskilled,Poor,OPC Cement,233.9,276.74,18.32,High,16279.0,0.65,0.2,0.7
PRJ-2377,Hospital,Bihar,6424,10,5,30,480,Semi-skilled,Excellent,TMT Steel,49.0,50.74,3.55,Low,107880.0,0.45,0.15,0.3
PRJ-2378,Industrial Warehouse,Haryana,11903,14,3,18,22,Unskilled,Excellent,Coarse Aggregate,45.4,50.28,10.75,Medium,5856.0,0.71,0.0,0.5
PRJ-2379,Bridge Construction,West Bengal,15627,46,9,15,356,Unskilled,Good,Paint,491.0,518.91,5.68,Medium,7815.0,0.62,0.6,0.1
PRJ-2380,Industrial Warehouse,Maharashtra,6788,13,10,18,157,Semi-skilled,Average,Coarse Aggregate,123.4,136.44,10.57,Medium,15648.0,0.78,0.2,0.5
PRJ-2381,Metro Rail,Punjab,37692,29,9,15,107,Semi-skilled,Good,Coarse Aggregate,91.4,99.45,8.81,Medium,9660.0,0.74,0.6,0.5
PRJ-2382,Road & Highway,Kerala,27246,48,12,29,370,Semi-skilled,Poor,Fly Ash Bricks,561.0,612.27,9.14,Medium,410.0,0.68,0.0,0.6
PRJ-2383,Residential Apartment,Haryana,9952,30,10,17,225,Semi-skilled,Poor,Vitrified Tiles,852.0,965.61,13.33,Medium,73847.0,0.71,0.2,0.2
PRJ-2384,School/College,Rajasthan,5688,17,7,9,89,Semi-skilled,Poor,HDPE Pipes,14081.0,15154.51,7.62,Medium,483080.0,0.65,0.9,0.1
PRJ-2385,Road & Highway,Uttar Pradesh,30749,40,12,5,383,Unskilled,Poor,Paint,3687.0,4037.87,9.52,Medium,98244.0,0.58,0.0,0.1
PRJ-2386,School/College,Bihar,8437,20,11,6,423,Expert,Average,AAC Blocks,574.0,606.04,5.58,Medium,1762.0,0.45,0.05,0.2
PRJ-2387,Road & Highway,Jharkhand,25430,18,4,13,342,Unskilled,Good,Structural Steel,56.0,59.39,6.05,Medium,254250.0,0.42,0.05,0.2
PRJ-2388,Data Center,Gujarat,5426,9,4,4,154,Semi-skilled,Poor,AAC Blocks,928.0,999.38,7.69,Medium,3926.0,0.82,0.05,0.2
PRJ-2389,Data Center,Punjab,5184,18,4,6,467,Unskilled,Average,HDPE Pipes,1382.0,1506.09,8.98,Medium,55840.0,0.74,0.05,0.1
PRJ-2390,School/College,Bihar,4557,14,3,12,255,Unskilled,Average,AAC Blocks,556.0,628.62,13.06,Medium,3994.0,0.45,0.0,0.2
PRJ-2391,Metro Rail,Odisha,12680,59,12,10,124,Unskilled,Average,River Sand,95.7,117.92,23.21,High,39996.0,0.5,0.0,0.9
PRJ-2392,Commercial Complex,Tamil Nadu,17308,22,2,9,475,Semi-skilled,Average,Vitrified Tiles,203.0,222.03,9.37,Medium,12370.0,0.75,0.0,0.2
PRJ-2393,Metro Rail,West Bengal,23928,28,11,25,436,Unskilled,Average,Paint,1446.0,1564.7,8.21,Medium,33236.0,0.62,0.05,0.1
PRJ-2394,Bridge Construction,Karnataka,24677,42,11,8,278,Unskilled,Average,River Sand,141.3,175.37,24.11,High,61326.0,0.72,0.05,0.9
PRJ-2395,Commercial Complex,Tamil Nadu,10949,36,7,16,348,Semi-skilled,Excellent,Plywood,194.0,229.8,18.45,High,3401.0,0.75,0.9,0.8
PRJ-2396,Data Center,Rajasthan,10611,24,3,15,108,Unskilled,Good,AAC Blocks,641.0,686.39,7.08,Medium,2496.0,0.65,0.0,0.2
PRJ-2397,Road & Highway,Kerala,45522,51,10,29,273,Unskilled,Average,OPC Cement,230.9,245.73,6.42,Medium,5635.0,0.68,0.2,0.7
PRJ-2398,Metro Rail,Gujarat,9007,47,1,11,434,Unskilled,Average,Plywood,1445.0,1813.8,25.52,High,35036.0,0.82,0.0,0.8
PRJ-2399,Commercial Complex,Odisha,9216,20,9,16,472,Semi-skilled,Excellent,Coarse Aggregate,34.5,36.62,6.14,Medium,2544.0,0.5,0.6,0.5
PRJ-2400,Residential Apartment,Uttar Pradesh,20274,17,8,9,186,Semi-skilled,Excellent,TMT Steel,37.6,39.12,4.05,Low,94240.0,0.58,0.85,0.3
PRJ-2401,School/College,Tamil Nadu,5112,20,3,10,482,Expert,Good,HDPE Pipes,1275.0,1315.12,3.15,Low,18054.0,0.75,0.0,0.1
PRJ-2402,Data Center,Karnataka,4368,9,5,27,345,Unskilled,Average,Structural Steel,35.0,36.74,4.97,Low,130500.0,0.72,0.15,0.2
PRJ-2403,Residential Apartment,Bihar,21344,24,7,4,391,Unskilled,Good,Vitrified Tiles,1783.0,2026.33,13.65,Medium,158164.0,0.45,0.9,0.2
PRJ-2404,Data Center,Gujarat,8305,17,12,20,72,Skilled,Poor,OPC Cement,18.1,19.63,8.47,Medium,581.0,0.82,0.0,0.7
PRJ-2405,School/College,Haryana,10793,9,8,13,193,Unskilled,Poor,Fly Ash Bricks,501.0,622.17,24.18,High,969.0,0.71,0.85,0.6
PRJ-2406,Hospital,Tamil Nadu,10524,8,6,4,75,Skilled,Average,River Sand,21.3,25.94,21.78,High,8352.0,0.75,0.7,0.9
PRJ-2407,Road & Highway,Tamil Nadu,7890,18,7,30,150,Skilled,Poor,Electrical Cable,1029.0,1110.55,7.92,Medium,179410.0,0.75,0.9,0.1
PRJ-2408,Industrial Warehouse,Madhya Pradesh,9865,21,10,26,460,Semi-skilled,Poor,River Sand,131.6,160.68,22.1,High,52344.0,0.55,0.2,0.9
PRJ-2409,Commercial Complex,Haryana,3968,29,3,13,474,Unskilled,Good,Vitrified Tiles,1682.0,1848.76,9.91,Medium,108394.0,0.71,0.0,0.2
PRJ-2410,School/College,Rajasthan,7093,9,3,28,256,Semi-skilled,Good,Vitrified Tiles,130.0,137.9,6.08,Medium,5135.0,0.65,0.0,0.2
PRJ-2411,Hospital,Madhya Pradesh,3685,9,5,30,51,Semi-skilled,Average,Fly Ash Bricks,1026.0,1125.07,9.66,Medium,793.0,0.55,0.15,0.6
PRJ-2412,Bridge Construction,Karnataka,30706,18,5,21,263,Unskilled,Average,Coarse Aggregate,48.3,54.61,13.06,Medium,7572.0,0.72,0.15,0.5
PRJ-2413,School/College,Haryana,2109,19,7,19,208,Unskilled,Good,AAC Blocks,206.0,215.89,4.8,Low,544.0,0.71,0.9,0.2
PRJ-2414,Bridge Construction,West Bengal,48233,48,6,23,243,Unskilled,Good,Electrical Cable,430.0,449.28,4.48,Low,42416.0,0.62,0.7,0.1
PRJ-2415,School/College,Karnataka,4762,8,10,11,180,Semi-skilled,Average,Plywood,430.0,547.89,27.42,High,11200.0,0.72,0.2,0.8
PRJ-2416,School/College,Jharkhand,7388,22,4,14,28,Semi-skilled,Good,OPC Cement,37.5,41.12,9.65,Medium,1376.0,0.42,0.05,0.7
PRJ-2417,Residential Apartment,Uttar Pradesh,9157,31,10,9,393,Semi-skilled,Poor,TMT Steel,50.5,53.77,6.48,Medium,202740.0,0.58,0.2,0.3
PRJ-2418,Bridge Construction,Jharkhand,42342,21,4,8,194,Expert,Average,TMT Steel,143.5,152.35,6.16,Medium,548700.0,0.42,0.05,0.3
PRJ-2419,Industrial Warehouse,Madhya Pradesh,13574,21,6,20,343,Expert,Average,TMT Steel,71.0,75.73,6.66,Medium,293260.0,0.55,0.7,0.3
PRJ-2420,Data Center,Gujarat,6034,22,6,30,489,Unskilled,Excellent,AAC Blocks,504.0,536.76,6.5,Medium,1802.0,0.82,0.7,0.2
PRJ-2421,Commercial Complex,Odisha,4853,13,3,3,276,Unskilled,Average,Plywood,401.0,503.84,25.65,High,9770.0,0.5,0.0,0.8
PRJ-2422,Industrial Warehouse,Bihar,14737,17,5,30,73,Semi-skilled,Good,River Sand,183.0,210.68,15.12,High,49824.0,0.45,0.15,0.9
PRJ-2423,Bridge Construction,Uttar Pradesh,24227,21,10,17,198,Expert,Average,Coarse Aggregate,55.7,58.98,5.89,Medium,3936.0,0.58,0.2,0.5
PRJ-2424,Metro Rail,Bihar,20755,39,6,6,430,Unskilled,Poor,Electrical Cable,846.0,955.63,12.96,Medium,241186.0,0.45,0.7,0.1
PRJ-2425,Metro Rail,Maharashtra,32351,41,8,25,416,Unskilled,Good,Electrical Cable,277.0,299.06,7.96,Medium,48532.0,0.78,0.85,0.1
PRJ-2426,Bridge Construction,Madhya Pradesh,28109,27,12,11,58,Unskilled,Excellent,Paint,1324.0,1391.21,5.08,Medium,18819.0,0.55,0.0,0.1
PRJ-2427,School/College,Jharkhand,7869,22,5,26,323,Skilled,Poor,Plywood,704.0,913.05,29.7,High,19860.0,0.42,0.15,0.8
PRJ-2428,Hospital,Odisha,13662,13,6,28,100,Skilled,Average,Plywood,617.0,749.21,21.43,High,12560.0,0.5,0.7,0.8
PRJ-2429,Industrial Warehouse,Telangana,10217,21,5,11,469,Unskilled,Good,Structural Steel,56.7,60.07,5.95,Medium,252750.0,0.7,0.15,0.2
PRJ-2430,Hospital,Rajasthan,10581,9,11,5,50,Skilled,Good,AAC Blocks,1050.0,1126.8,7.31,Medium,4224.0,0.65,0.05,0.2
PRJ-2431,Bridge Construction,Maharashtra,5060,21,8,18,154,Skilled,Average,Paint,182.0,193.84,6.51,Medium,3315.0,0.78,0.85,0.1
PRJ-2432,Commercial Complex,Karnataka,6702,25,5,19,398,Unskilled,Good,Coarse Aggregate,16.1,17.63,9.53,Medium,1836.0,0.72,0.15,0.5
PRJ-2433,School/College,Uttar Pradesh,12586,14,2,22,331,Skilled,Average,Coarse Aggregate,186.9,199.14,6.55,Medium,14688.0,0.58,0.0,0.5
PRJ-2434,Metro Rail,Karnataka,23633,44,10,3,179,Unskilled,Average,River Sand,44.6,54.69,22.63,High,18162.0,0.72,0.2,0.9
PRJ-2435,Residential Apartment,Rajasthan,18748,23,1,5,31,Unskilled,Poor,Fly Ash Bricks,909.0,1091.99,20.13,High,1464.0,0.65,0.0,0.6
PRJ-2436,Data Center,Tamil Nadu,9637,23,2,17,273,Unskilled,Poor,River Sand,76.4,95.76,25.35,High,34848.0,0.75,0.0,0.9
PRJ-2437,Data Center,Haryana,10883,14,6,22,131,Semi-skilled,Poor,OPC Cement,16.9,19.07,12.86,Medium,825.0,0.71,0.7,0.7
PRJ-2438,Commercial Complex,West Bengal,14602,13,2,8,123,Expert,Good,Plywood,2039.0,2584.71,26.76,High,51842.0,0.62,0.0,0.8
PRJ-2439,Road & Highway,Maharashtra,29491,36,9,10,64,Semi-skilled,Average,Structural Steel,41.5,43.77,5.47,Medium,170250.0,0.78,0.6,0.2
PRJ-2440,Data Center,Maharashtra,3961,8,11,21,329,Skilled,Poor,Electrical Cable,779.0,845.85,8.58,Medium,147070.0,0.78,0.05,0.1
PRJ-2441,School/College,Madhya Pradesh,12979,13,1,22,485,Unskilled,Average,Structural Steel,28.5,29.74,4.35,Low,93000.0,0.55,0.0,0.2
PRJ-2442,Hospital,Punjab,7769,23,12,15,420,Semi-skilled,Poor,Structural Steel,14.8,15.67,5.85,Medium,65250.0,0.74,0.0,0.2
PRJ-2443,Metro Rail,Odisha,29738,37,8,12,198,Unskilled,Average,TMT Steel,21.1,22.71,7.62,Medium,99820.0,0.5,0.85,0.3
PRJ-2444,Road & Highway,Rajasthan,12263,57,9,11,432,Skilled,Average,AAC Blocks,971.0,1050.25,8.16,Medium,4359.0,0.65,0.6,0.2
PRJ-2445,Commercial Complex,Tamil Nadu,6578,24,1,20,124,Semi-skilled,Average,Coarse Aggregate,59.6,64.79,8.7,Medium,6228.0,0.75,0.0,0.5
PRJ-2446,Residential Apartment,Madhya Pradesh,6433,18,10,23,147,Unskilled,Excellent,OPC Cement,100.4,111.48,11.04,Medium,4210.0,0.55,0.2,0.7
PRJ-2447,Road & Highway,Uttar Pradesh,9576,37,11,21,286,Unskilled,Good,TMT Steel,68.9,71.85,4.28,Low,182900.0,0.58,0.05,0.3
PRJ-2448,Hospital,Maharashtra,7168,16,3,1,241,Unskilled,Good,TMT Steel,75.9,82.25,8.36,Medium,393700.0,0.78,0.0,0.3
PRJ-2449,Data Center,West Bengal,12752,11,5,11,343,Expert,Good,Fly Ash Bricks,886.0,982.5,10.89,Medium,772.0,0.62,0.15,0.6
PRJ-2450,Bridge Construction,Jharkhand,36294,45,9,6,74,Expert,Excellent,Structural Steel,48.7,50.3,3.29,Low,120000.0,0.42,0.6,0.2
PRJ-2451,Bridge Construction,Madhya Pradesh,21710,60,4,5,252,Semi-skilled,Good,Vitrified Tiles,2260.0,2502.12,10.71,Medium,157378.0,0.55,0.05,0.2
PRJ-2452,Hospital,Gujarat,3855,17,1,2,243,Semi-skilled,Good,River Sand,64.4,76.51,18.8,High,21798.0,0.82,0.0,0.9
PRJ-2453,Metro Rail,Karnataka,7200,28,11,8,399,Skilled,Excellent,HDPE Pipes,837.0,864.32,3.26,Low,12294.0,0.72,0.05,0.1
PRJ-2454,Road & Highway,West Bengal,12317,28,8,12,299,Unskilled,Average,HDPE Pipes,323.0,346.29,7.21,Medium,10481.0,0.62,0.85,0.1
PRJ-2455,Commercial Complex,Telangana,21315,21,11,27,328,Unskilled,Poor,Plywood,169.0,219.75,30.03,High,4821.0,0.7,0.05,0.8
PRJ-2456,Metro Rail,Telangana,9405,55,10,9,180,Skilled,Average,Fly Ash Bricks,1584.0,1772.95,11.93,Medium,1512.0,0.7,0.2,0.6
PRJ-2457,Bridge Construction,Bihar,26065,27,5,8,442,Semi-skilled,Poor,OPC Cement,32.8,36.83,12.29,Medium,1531.0,0.45,0.15,0.7
PRJ-2458,Metro Rail,Karnataka,15237,51,5,13,273,Semi-skilled,Average,Electrical Cable,643.0,685.94,6.68,Medium,94468.0,0.72,0.15,0.1
PRJ-2459,Residential Apartment,Odisha,18453,30,2,16,410,Semi-skilled,Good,TMT Steel,92.0,96.23,4.6,Low,262260.0,0.5,0.0,0.3
PRJ-2460,Commercial Complex,Haryana,11871,24,11,15,500,Unskilled,Excellent,Plywood,1063.0,1263.1,18.82,High,19009.0,0.71,0.05,0.8
PRJ-2461,Road & Highway,Bihar,14388,59,8,11,482,Unskilled,Poor,HDPE Pipes,616.0,674.6,9.51,Medium,26370.0,0.45,0.85,0.1
PRJ-2462,Residential Apartment,Maharashtra,12144,33,12,3,256,Semi-skilled,Good,Plywood,2469.0,3079.14,24.71,High,57963.0,0.78,0.0,0.8
PRJ-2463,Hospital,Gujarat,12486,21,5,2,364,Unskilled,Average,Coarse Aggregate,46.1,51.8,12.36,Medium,6840.0,0.82,0.15,0.5
PRJ-2464,Bridge Construction,Maharashtra,36937,55,12,20,85,Skilled,Good,Structural Steel,56.7,59.46,4.86,Low,207000.0,0.78,0.0,0.2
PRJ-2465,Bridge Construction,Uttar Pradesh,26208,29,8,16,196,Unskilled,Poor,HDPE Pipes,2363.0,2573.48,8.91,Medium,94716.0,0.58,0.85,0.1
PRJ-2466,Road & Highway,Jharkhand,41801,43,3,16,371,Skilled,Average,OPC Cement,131.7,147.53,12.02,Medium,6015.0,0.42,0.0,0.7
PRJ-2467,Metro Rail,Kerala,32715,43,1,17,498,Semi-skilled,Average,Paint,536.0,562.27,4.9,Low,7356.0,0.68,0.0,0.1
PRJ-2468,Hospital,Tamil Nadu,6326,19,12,27,232,Semi-skilled,Poor,Structural Steel,15.2,15.91,4.66,Low,53250.0,0.75,0.0,0.2
PRJ-2469,Data Center,Madhya Pradesh,5940,9,10,19,142,Unskilled,Good,Structural Steel,88.2,92.91,5.35,Medium,353250.0,0.55,0.2,0.2
PRJ-2470,Bridge Construction,Bihar,5927,39,11,19,471,Unskilled,Poor,Structural Steel,51.2,55.66,8.7,Medium,334500.0,0.45,0.05,0.2
PRJ-2471,Commercial Complex,Jharkhand,9178,18,2,19,191,Unskilled,Poor,River Sand,113.5,142.63,25.66,High,52434.0,0.42,0.0,0.9
PRJ-2472,Bridge Construction,Haryana,9891,50,6,5,211,Unskilled,Average,Vitrified Tiles,1517.0,1668.87,10.01,Medium,98715.0,0.71,0.7,0.2
PRJ-2473,Industrial Warehouse,Tamil Nadu,11506,21,3,29,310,Semi-skilled,Good,Fly Ash Bricks,613.0,677.5,10.52,Medium,516.0,0.75,0.0,0.6
PRJ-2474,School/College,Jharkhand,7354,23,12,18,175,Semi-skilled,Average,HDPE Pipes,945.0,1010.64,6.95,Medium,29538.0,0.42,0.0,0.1
PRJ-2475,Data Center,Punjab,2397,21,4,30,134,Unskilled,Poor,Plywood,5065.0,6272.35,23.84,High,114698.0,0.74,0.05,0.8
PRJ-2476,Residential Apartment,Rajasthan,8713,24,12,19,468,Skilled,Poor,AAC Blocks,837.0,905.92,8.23,Medium,3791.0,0.65,0.0,0.2
PRJ-2477,Commercial Complex,Bihar,6362,19,5,1,81,Unskilled,Average,Vitrified Tiles,1279.0,1430.64,11.86,Medium,98566.0,0.45,0.15,0.2
PRJ-2478,Residential Apartment,Tamil Nadu,14794,18,8,4,405,Semi-skilled,Average,HDPE Pipes,2228.0,2339.43,5.0,Medium,50143.0,0.75,0.85,0.1
PRJ-2479,Data Center,Gujarat,12176,8,8,27,288,Unskilled,Average,Structural Steel,66.7,69.65,4.43,Low,221250.0,0.82,0.85,0.2
PRJ-2480,Residential Apartment,Bihar,7694,18,3,1,231,Unskilled,Average,Coarse Aggregate,46.7,53.95,15.53,High,8700.0,0.45,0.0,0.5
PRJ-2481,Metro Rail,West Bengal,29491,43,8,20,394,Unskilled,Good,HDPE Pipes,1082.0,1138.62,5.23,Medium,25479.0,0.62,0.85,0.1
PRJ-2482,Bridge Construction,Odisha,5122,37,2,29,24,Skilled,Good,Coarse Aggregate,61.2,64.79,5.86,Medium,4308.0,0.5,0.0,0.5
PRJ-2483,Industrial Warehouse,West Bengal,1302,14,4,25,85,Unskilled,Average,Paint,175.0,188.77,7.87,Medium,3856.0,0.62,0.05,0.1
PRJ-2484,Hospital,Rajasthan,7241,14,12,24,426,Unskilled,Good,Coarse Aggregate,71.4,78.58,10.06,Medium,8616.0,0.65,0.0,0.5
PRJ-2485,Metro Rail,Jharkhand,10299,25,7,18,283,Semi-skilled,Poor,Coarse Aggregate,33.6,38.1,13.38,Medium,5400.0,0.42,0.9,0.5
PRJ-2486,School/College,Maharashtra,14812,21,11,28,442,Semi-skilled,Good,AAC Blocks,275.0,292.51,6.37,Medium,963.0,0.78,0.05,0.2
PRJ-2487,School/College,Kerala,3273,10,7,18,191,Unskilled,Average,Plywood,1116.0,1558.89,39.69,High,42075.0,0.68,0.9,0.8
PRJ-2488,Commercial Complex,Punjab,5076,32,2,30,103,Semi-skilled,Poor,Electrical Cable,1520.0,1607.41,5.75,Medium,192302.0,0.74,0.0,0.1
PRJ-2489,Residential Apartment,Odisha,22891,24,4,14,217,Unskilled,Average,Paint,1555.0,1655.33,6.45,Medium,28092.0,0.5,0.05,0.1
PRJ-2490,Bridge Construction,West Bengal,38234,22,3,21,146,Unskilled,Excellent,AAC Blocks,713.0,757.21,6.2,Medium,2432.0,0.62,0.0,0.2
PRJ-2491,School/College,Rajasthan,1166,14,6,7,370,Semi-skilled,Poor,River Sand,41.6,54.02,29.85,High,22356.0,0.65,0.7,0.9
PRJ-2492,Bridge Construction,Maharashtra,37149,41,4,7,196,Semi-skilled,Poor,Paint,759.0,835.06,10.02,Medium,21297.0,0.78,0.05,0.1
PRJ-2493,Commercial Complex,Kerala,7088,34,4,9,398,Unskilled,Good,Electrical Cable,1403.0,1490.88,6.26,Medium,193336.0,0.68,0.05,0.1
PRJ-2494,Metro Rail,Bihar,11431,55,8,21,195,Unskilled,Good,Paint,106.0,115.2,8.67,Medium,2576.0,0.45,0.85,0.1
PRJ-2495,Road & Highway,Maharashtra,31398,50,6,15,304,Unskilled,Good,River Sand,20.3,25.71,26.65,High,9738.0,0.78,0.7,0.9
PRJ-2496,Data Center,Uttar Pradesh,5653,17,3,26,297,Semi-skilled,Average,River Sand,36.3,42.93,18.26,High,11934.0,0.58,0.0,0.9
PRJ-2497,School/College,Gujarat,9237,13,9,30,22,Skilled,Poor,OPC Cement,29.0,32.61,12.45,Medium,1372.0,0.82,0.6,0.7
PRJ-2498,Bridge Construction,Telangana,33948,49,8,14,157,Semi-skilled,Poor,Paint,1756.0,1939.61,10.46,Medium,51411.0,0.7,0.85,0.1
PRJ-2499,Commercial Complex,Bihar,16433,25,6,27,197,Unskilled,Excellent,River Sand,46.9,53.61,14.3,Medium,12078.0,0.45,0.7,0.9
PRJ-2500,Industrial Warehouse,Punjab,2778,18,7,22,157,Semi-skilled,Average,TMT Steel,35.1,37.02,5.46,Medium,119040.0,0.74,0.9,0.3
PRJ-2501,Industrial Warehouse,Telangana,10206,16,5,19,418,Unskilled,Good,Paint,615.0,673.23,9.47,Medium,16304.0,0.7,0.15,0.1
PRJ-2502,Bridge Construction,Punjab,35016,48,6,27,434,Expert,Good,OPC Cement,71.0,76.61,7.91,Medium,2132.0,0.74,0.7,0.7
PRJ-2503,Road & Highway,Haryana,40130,45,9,11,340,Unskilled,Good,TMT Steel,35.8,37.94,5.97,Medium,132680.0,0.71,0.6,0.3
PRJ-2504,Commercial Complex,Punjab,21475,23,6,24,224,Semi-skilled,Average,River Sand,6.2,7.32,18.06,High,2016.0,0.74,0.7,0.9
PRJ-2505,Road & Highway,Telangana,47675,41,12,30,407,Semi-skilled,Poor,TMT Steel,89.6,93.96,4.87,Low,270320.0,0.7,0.0,0.3
PRJ-2506,Commercial Complex,Telangana,4849,16,5,21,255,Unskilled,Average,HDPE Pipes,274.0,287.17,4.81,Low,5927.0,0.7,0.15,0.1
PRJ-2507,Metro Rail,Kerala,31854,20,4,23,291,Semi-skilled,Poor,Electrical Cable,223.0,243.21,9.06,Medium,44462.0,0.68,0.05,0.1
PRJ-2508,Industrial Warehouse,Maharashtra,3291,8,11,29,459,Skilled,Excellent,Paint,664.0,676.66,1.91,Low,3545.0,0.78,0.05,0.1
PRJ-2509,Road & Highway,Madhya Pradesh,11566,22,9,6,25,Skilled,Average,Structural Steel,11.1,11.55,4.04,Low,33750.0,0.55,0.6,0.2
PRJ-2510,Data Center,Jharkhand,8022,15,8,15,103,Expert,Poor,Electrical Cable,378.0,405.74,7.34,Medium,61028.0,0.42,0.85,0.1
PRJ-2511,Road & Highway,Rajasthan,37983,32,5,29,212,Unskilled,Average,Electrical Cable,408.0,440.08,7.86,Medium,70576.0,0.65,0.15,0.1
PRJ-2512,Commercial Complex,Telangana,24823,12,11,12,227,Semi-skilled,Average,Fly Ash Bricks,129.0,151.52,17.46,High,180.0,0.7,0.05,0.6
PRJ-2513,Road & Highway,Telangana,37054,48,7,2,182,Unskilled,Good,Coarse Aggregate,86.7,101.19,16.71,High,17388.0,0.7,0.9,0.5
PRJ-2514,Road & Highway,Tamil Nadu,21466,56,7,1,322,Expert,Excellent,Fly Ash Bricks,243.0,262.01,7.82,Medium,152.0,0.75,0.9,0.6
PRJ-2515,Data Center,Haryana,11711,23,9,24,143,Semi-skilled,Poor,AAC Blocks,564.0,607.9,7.78,Medium,2414.0,0.71,0.6,0.2
PRJ-2516,School/College,Madhya Pradesh,9745,11,7,2,455,Unskilled,Poor,OPC Cement,37.7,47.29,25.43,High,3644.0,0.55,0.9,0.7
PRJ-2517,Industrial Warehouse,Telangana,7920,21,3,5,181,Unskilled,Average,HDPE Pipes,1023.0,1085.15,6.07,Medium,27968.0,0.7,0.0,0.1
PRJ-2518,Residential Apartment,Kerala,20466,22,1,17,46,Unskilled,Good,Fly Ash Bricks,290.0,345.5,19.14,High,444.0,0.68,0.0,0.6
PRJ-2519,Data Center,Tamil Nadu,10967,22,6,25,395,Unskilled,Poor,Vitrified Tiles,135.0,153.38,13.61,Medium,11947.0,0.75,0.7,0.2
PRJ-2520,Residential Apartment,Haryana,16770,18,1,17,279,Expert,Average,Electrical Cable,1050.0,1113.5,6.05,Medium,139700.0,0.71,0.0,0.1
PRJ-2521,Road & Highway,Kerala,37515,36,5,8,452,Unskilled,Average,Vitrified Tiles,2159.0,2407.95,11.53,Medium,161817.0,0.68,0.15,0.2
PRJ-2522,Residential Apartment,Madhya Pradesh,11053,15,10,7,74,Semi-skilled,Average,Vitrified Tiles,1309.0,1416.24,8.19,Medium,69706.0,0.55,0.2,0.2
PRJ-2523,Data Center,West Bengal,9579,15,2,5,75,Unskilled,Poor,Fly Ash Bricks,1899.0,2273.22,19.71,High,2994.0,0.62,0.0,0.6
PRJ-2524,Industrial Warehouse,Haryana,9872,16,11,21,425,Semi-skilled,Average,OPC Cement,126.8,143.77,13.38,Medium,6449.0,0.71,0.05,0.7
PRJ-2525,Commercial Complex,Tamil Nadu,23502,13,10,7,406,Unskilled,Average,Paint,639.0,698.13,9.25,Medium,16556.0,0.75,0.2,0.1
PRJ-2526,Residential Apartment,Telangana,7441,33,5,19,164,Unskilled,Poor,Vitrified Tiles,4019.0,4571.18,13.74,Medium,358917.0,0.7,0.15,0.2
PRJ-2527,Hospital,Telangana,13096,9,10,24,369,Unskilled,Good,Coarse Aggregate,26.3,28.94,10.03,Medium,3168.0,0.7,0.2,0.5
PRJ-2528,School/College,Madhya Pradesh,8334,21,12,15,219,Skilled,Poor,Plywood,659.0,819.16,24.3,High,15215.0,0.55,0.0,0.8
PRJ-2529,Data Center,Jharkhand,14787,24,3,19,500,Unskilled,Excellent,OPC Cement,114.2,123.87,8.47,Medium,3675.0,0.42,0.0,0.7
PRJ-2530,Road & Highway,Odisha,6094,59,5,7,308,Semi-skilled,Excellent,HDPE Pipes,494.0,518.95,5.05,Medium,11228.0,0.5,0.15,0.1
PRJ-2531,Road & Highway,Madhya Pradesh,23793,36,8,22,378,Semi-skilled,Poor,OPC Cement,30.0,35.02,16.74,High,1908.0,0.55,0.85,0.7
PRJ-2532,School/College,Gujarat,4912,13,7,23,407,Semi-skilled,Poor,Vitrified Tiles,961.0,1065.98,10.92,Medium,68237.0,0.82,0.9,0.2
PRJ-2533,Hospital,Punjab,3955,20,1,25,215,Unskilled,Poor,TMT Steel,67.3,72.81,8.19,Medium,341620.0,0.74,0.0,0.3
PRJ-2534,Hospital,Tamil Nadu,6061,10,6,18,186,Unskilled,Poor,OPC Cement,21.1,24.75,17.31,High,1387.0,0.75,0.7,0.7
PRJ-2535,Commercial Complex,Jharkhand,18690,25,8,2,194,Unskilled,Average,Electrical Cable,730.0,809.65,10.91,Medium,175230.0,0.42,0.85,0.1
PRJ-2536,Hospital,Tamil Nadu,3237,12,10,25,37,Skilled,Poor,River Sand,6.9,8.37,21.29,High,2646.0,0.75,0.2,0.9
PRJ-2537,School/College,West Bengal,14169,22,6,9,37,Unskilled,Average,River Sand,44.2,55.11,24.69,High,19638.0,0.62,0.7,0.9
PRJ-2538,Road & Highway,Kerala,18711,44,1,1,213,Unskilled,Average,OPC Cement,77.8,92.95,19.47,High,5757.0,0.68,0.0,0.7
PRJ-2539,Industrial Warehouse,Rajasthan,8735,13,10,13,185,Unskilled,Good,OPC Cement,107.1,116.74,9.0,Medium,3663.0,0.65,0.2,0.7
PRJ-2540,Road & Highway,Haryana,23468,54,7,27,232,Semi-skilled,Average,AAC Blocks,1264.0,1337.46,5.81,Medium,4040.0,0.71,0.9,0.2
PRJ-2541,Commercial Complex,Punjab,12131,22,12,8,251,Unskilled,Poor,Electrical Cable,129.0,145.48,12.77,Medium,36256.0,0.74,0.0,0.1
PRJ-2542,Bridge Construction,Odisha,49428,51,5,18,94,Expert,Average,Paint,1871.0,2014.26,7.66,Medium,40113.0,0.5,0.15,0.1
PRJ-2543,Data Center,Kerala,10395,9,10,23,77,Skilled,Average,OPC Cement,78.7,86.41,9.8,Medium,2930.0,0.68,0.2,0.7
PRJ-2544,Commercial Complex,Jharkhand,12311,35,2,14,263,Skilled,Good,HDPE Pipes,560.0,590.53,5.45,Medium,13738.0,0.42,0.0,0.1
PRJ-2545,Metro Rail,Tamil Nadu,35143,45,6,10,396,Unskilled,Excellent,Plywood,1740.0,2185.79,25.62,High,42350.0,0.75,0.7,0.8
PRJ-2546,Metro Rail,Maharashtra,32112,52,11,1,331,Semi-skilled,Average,Coarse Aggregate,138.5,155.06,11.96,Medium,19872.0,0.78,0.05,0.5
PRJ-2547,Commercial Complex,Jharkhand,9318,20,10,14,185,Semi-skilled,Poor,Electrical Cable,155.0,168.71,8.84,Medium,30162.0,0.42,0.2,0.1
PRJ-2548,Metro Rail,Madhya Pradesh,8383,33,7,30,340,Unskilled,Good,AAC Blocks,529.0,572.62,8.25,Medium,2399.0,0.55,0.9,0.2
PRJ-2549,Data Center,Gujarat,4949,14,12,25,296,Semi-skilled,Poor,Vitrified Tiles,382.0,410.09,7.35,Medium,18258.0,0.82,0.0,0.2
PRJ-2550,Metro Rail,Karnataka,26038,46,5,2,193,Unskilled,Good,AAC Blocks,562.0,640.36,13.94,Medium,4310.0,0.72,0.15,0.2
PRJ-2551,Hospital,Jharkhand,11452,12,9,13,118,Semi-skilled,Poor,Plywood,532.0,705.46,32.6,High,16479.0,0.42,0.6,0.8
PRJ-2552,Road & Highway,Odisha,22651,27,3,15,65,Unskilled,Good,Paint,1325.0,1407.4,6.22,Medium,23072.0,0.5,0.0,0.1
PRJ-2553,Data Center,Odisha,12718,24,3,30,343,Unskilled,Excellent,Paint,3123.0,3323.28,6.41,Medium,56078.0,0.5,0.0,0.1
PRJ-2554,Bridge Construction,West Bengal,16787,31,7,21,260,Unskilled,Good,AAC Blocks,392.0,431.53,10.08,Medium,2174.0,0.62,0.9,0.2
PRJ-2555,Bridge Construction,West Bengal,34091,29,9,14,289,Unskilled,Excellent,Coarse Aggregate,29.5,32.77,11.1,Medium,3924.0,0.62,0.6,0.5
PRJ-2556,Commercial Complex,Odisha,7079,17,10,24,312,Expert,Poor,Paint,319.0,346.19,8.52,Medium,7613.0,0.5,0.2,0.1
PRJ-2557,Industrial Warehouse,Haryana,4652,12,12,17,405,Semi-skilled,Good,Structural Steel,491.7,512.5,4.23,Low,1560000.0,0.71,0.0,0.2
PRJ-2558,Industrial Warehouse,Uttar Pradesh,12226,16,4,28,394,Unskilled,Average,Fly Ash Bricks,2003.0,2310.04,15.33,High,2456.0,0.58,0.05,0.6
PRJ-2559,Metro Rail,Uttar Pradesh,9222,52,5,20,104,Unskilled,Good,Coarse Aggregate,19.3,21.62,12.0,Medium,2784.0,0.58,0.15,0.5
PRJ-2560,Commercial Complex,Rajasthan,3676,19,1,12,225,Unskilled,Poor,River Sand,39.2,50.11,27.83,High,19638.0,0.65,0.0,0.9
PRJ-2561,School/College,Karnataka,8779,14,7,11,361,Unskilled,Average,Fly Ash Bricks,305.0,375.62,23.15,High,565.0,0.72,0.9,0.6
PRJ-2562,Hospital,Telangana,7230,19,9,15,71,Unskilled,Good,Vitrified Tiles,114.0,127.61,11.94,Medium,8846.0,0.7,0.6,0.2
PRJ-2563,Data Center,Kerala,2513,14,3,5,419,Semi-skilled,Average,HDPE Pipes,226.0,242.73,7.4,Medium,7528.0,0.68,0.0,0.1
PRJ-2564,Data Center,Karnataka,7681,18,9,13,169,Expert,Poor,Electrical Cable,2359.0,2522.67,6.94,Medium,360074.0,0.72,0.6,0.1
PRJ-2565,Data Center,Maharashtra,12142,24,11,27,467,Expert,Poor,TMT Steel,34.4,35.94,4.47,Low,95480.0,0.78,0.05,0.3
PRJ-2566,Industrial Warehouse,Jharkhand,9919,22,6,6,286,Semi-skilled,Good,Fly Ash Bricks,1849.0,2138.15,15.64,High,2313.0,0.42,0.7,0.6
PRJ-2567,Data Center,West Bengal,4497,20,11,7,59,Unskilled,Poor,HDPE Pipes,1060.0,1185.0,11.79,Medium,56250.0,0.62,0.05,0.1
PRJ-2568,Bridge Construction,Bihar,11758,48,1,6,401,Unskilled,Good,HDPE Pipes,459.0,494.88,7.82,Medium,16146.0,0.45,0.0,0.1
PRJ-2569,Residential Apartment,Gujarat,24970,24,4,10,331,Unskilled,Good,Fly Ash Bricks,1546.0,1846.62,19.45,High,2405.0,0.82,0.05,0.6
PRJ-2570,Hospital,Rajasthan,2322,10,10,14,433,Expert,Average,Plywood,226.0,275.34,21.83,High,4687.0,0.65,0.2,0.8
PRJ-2571,Road & Highway,Jharkhand,7265,32,11,4,51,Semi-skilled,Good,Structural Steel,47.7,49.16,3.06,Low,109500.0,0.42,0.05,0.2
PRJ-2572,Data Center,Gujarat,8070,13,7,25,93,Semi-skilled,Average,AAC Blocks,636.0,689.83,8.46,Medium,2961.0,0.82,0.9,0.2
PRJ-2573,Bridge Construction,Tamil Nadu,5174,52,5,21,189,Semi-skilled,Excellent,Structural Steel,75.9,81.07,6.81,Medium,387750.0,0.75,0.15,0.2
PRJ-2574,Industrial Warehouse,Karnataka,6767,10,10,25,448,Unskilled,Poor,Fly Ash Bricks,965.0,1159.87,20.19,High,1559.0,0.72,0.2,0.6
PRJ-2575,School/College,Bihar,1596,20,2,24,416,Unskilled,Poor,Plywood,576.0,722.85,25.49,High,13951.0,0.45,0.0,0.8
PRJ-2576,Residential Apartment,Karnataka,2200,21,7,14,322,Unskilled,Poor,Fly Ash Bricks,711.0,905.97,27.42,High,1560.0,0.72,0.9,0.6
PRJ-2577,Metro Rail,Gujarat,46563,57,9,4,485,Skilled,Average,River Sand,24.3,28.81,18.54,High,8118.0,0.82,0.6,0.9
PRJ-2578,Bridge Construction,Rajasthan,6566,44,2,13,340,Semi-skilled,Average,AAC Blocks,659.0,715.33,8.55,Medium,3098.0,0.65,0.0,0.2
PRJ-2579,Hospital,Jharkhand,14899,12,4,30,58,Unskilled,Poor,River Sand,44.5,55.07,23.75,High,19026.0,0.42,0.05,0.9
PRJ-2580,Bridge Construction,Karnataka,39395,54,4,7,197,Unskilled,Average,TMT Steel,34.8,37.67,8.26,Medium,177940.0,0.72,0.05,0.3
PRJ-2581,Hospital,Tamil Nadu,11522,8,2,22,257,Skilled,Average,AAC Blocks,1334.0,1415.44,6.1,Medium,4479.0,0.75,0.0,0.2
PRJ-2582,Residential Apartment,Karnataka,23666,33,4,1,197,Semi-skilled,Good,Structural Steel,126.9,131.77,3.84,Low,365250.0,0.72,0.05,0.2
PRJ-2583,Data Center,West Bengal,5138,18,2,8,496,Unskilled,Poor,OPC Cement,27.4,33.28,21.48,High,2234.0,0.62,0.0,0.7
PRJ-2584,Hospital,Odisha,5173,22,2,19,409,Unskilled,Average,OPC Cement,6.5,7.33,12.81,Medium,315.0,0.5,0.0,0.7
PRJ-2585,Industrial Warehouse,Telangana,12386,13,9,10,405,Skilled,Poor,TMT Steel,20.8,22.12,6.34,Medium,81840.0,0.7,0.6,0.3
PRJ-2586,Industrial Warehouse,Madhya Pradesh,9992,10,11,12,422,Semi-skilled,Poor,Vitrified Tiles,584.0,654.19,12.02,Medium,45624.0,0.55,0.05,0.2
PRJ-2587,Metro Rail,Karnataka,33867,43,2,18,21,Unskilled,Good,Structural Steel,132.9,139.69,5.11,Medium,509250.0,0.72,0.0,0.2
PRJ-2588,Data Center,Karnataka,1745,18,6,25,49,Semi-skilled,Poor,Paint,3697.0,3991.61,7.97,Medium,82491.0,0.72,0.7,0.1
PRJ-2589,Industrial Warehouse,Rajasthan,10832,10,12,8,474,Semi-skilled,Poor,Coarse Aggregate,11.4,12.3,7.86,Medium,1080.0,0.65,0.0,0.5
PRJ-2590,Industrial Warehouse,Uttar Pradesh,13154,13,1,16,148,Semi-skilled,Good,Coarse Aggregate,22.3,24.7,10.78,Medium,2880.0,0.58,0.0,0.5
PRJ-2591,School/College,Gujarat,5615,17,9,2,408,Skilled,Excellent,Plywood,5731.0,7142.43,24.63,High,134086.0,0.82,0.6,0.8
PRJ-2592,Road & Highway,West Bengal,30754,40,11,9,127,Semi-skilled,Average,River Sand,78.1,91.37,16.99,High,23886.0,0.62,0.05,0.9
PRJ-2593,School/College,Odisha,13081,24,6,1,117,Unskilled,Poor,Structural Steel,137.5,147.46,7.25,Medium,747000.0,0.5,0.7,0.2
PRJ-2594,Bridge Construction,Jharkhand,23840,53,2,14,355,Unskilled,Poor,Plywood,602.0,855.35,42.09,High,24068.0,0.42,0.0,0.8
PRJ-2595,Residential Apartment,Madhya Pradesh,2666,22,6,2,406,Skilled,Excellent,HDPE Pipes,389.0,406.87,4.59,Low,8042.0,0.55,0.7,0.1
PRJ-2596,Hospital,Kerala,6481,8,2,27,181,Unskilled,Poor,Coarse Aggregate,233.2,257.06,10.23,Medium,28632.0,0.68,0.0,0.5
PRJ-2597,Hospital,West Bengal,2716,9,3,20,46,Semi-skilled,Average,Electrical Cable,101.0,106.53,5.48,Medium,12166.0,0.62,0.0,0.1
PRJ-2598,Road & Highway,Telangana,9700,48,2,4,268,Expert,Good,TMT Steel,180.6,187.75,3.96,Low,443300.0,0.7,0.0,0.3
PRJ-2599,Residential Apartment,Gujarat,10395,23,12,13,290,Semi-skilled,Average,Fly Ash Bricks,512.0,565.46,10.44,Medium,428.0,0.82,0.0,0.6
PRJ-2600,School/College,Bihar,12046,23,6,25,126,Semi-skilled,Good,Vitrified Tiles,238.0,262.13,10.14,Medium,15684.0,0.45,0.7,0.2
PRJ-2601,Data Center,Bihar,1080,22,7,5,132,Unskilled,Good,Fly Ash Bricks,962.0,1132.51,17.72,High,1364.0,0.45,0.9,0.6
PRJ-2602,Hospital,Rajasthan,3424,8,2,18,74,Semi-skilled,Poor,HDPE Pipes,400.0,432.56,8.14,Medium,14652.0,0.65,0.0,0.1
PRJ-2603,Road & Highway,Madhya Pradesh,15082,40,11,27,459,Unskilled,Average,Vitrified Tiles,372.0,405.41,8.98,Medium,21717.0,0.55,0.05,0.2
PRJ-2604,Bridge Construction,Maharashtra,19152,55,5,8,416,Unskilled,Average,River Sand,32.3,41.17,27.46,High,15966.0,0.78,0.15,0.9
PRJ-2605,Data Center,Telangana,6383,23,12,15,211,Unskilled,Excellent,Structural Steel,66.0,68.11,3.2,Low,158250.0,0.7,0.0,0.2
PRJ-2606,School/College,Rajasthan,1840,14,9,22,399,Unskilled,Poor,Electrical Cable,405.0,445.98,10.12,Medium,90156.0,0.65,0.6,0.1
PRJ-2607,School/College,Tamil Nadu,6162,12,8,9,447,Semi-skilled,Poor,AAC Blocks,288.0,319.58,10.96,Medium,1737.0,0.75,0.85,0.2
PRJ-2608,Road & Highway,West Bengal,22539,28,7,20,444,Skilled,Average,Vitrified Tiles,1124.0,1185.18,5.44,Medium,39767.0,0.62,0.9,0.2
PRJ-2609,Road & Highway,Maharashtra,45902,40,4,8,326,Unskilled,Good,Structural Steel,61.6,64.59,4.85,Low,224250.0,0.78,0.05,0.2
PRJ-2610,Residential Apartment,Madhya Pradesh,19606,23,11,7,112,Semi-skilled,Average,Electrical Cable,854.0,932.63,9.21,Medium,172986.0,0.55,0.05,0.1
PRJ-2611,Road & Highway,Rajasthan,6978,23,12,3,150,Semi-skilled,Average,Paint,378.0,405.25,7.21,Medium,7630.0,0.65,0.0,0.1
PRJ-2612,Bridge Construction,West Bengal,22847,49,6,7,364,Skilled,Average,Electrical Cable,1856.0,1946.84,4.89,Low,199848.0,0.62,0.7,0.1
PRJ-2613,Residential Apartment,Rajasthan,22183,13,10,19,233,Semi-skilled,Poor,Fly Ash Bricks,2608.0,3083.98,18.25,High,3808.0,0.65,0.2,0.6
PRJ-2614,Metro Rail,Jharkhand,27045,54,7,16,250,Unskilled,Average,TMT Steel,49.1,53.12,8.18,Medium,249240.0,0.42,0.9,0.3
PRJ-2615,Road & Highway,Odisha,21437,19,11,11,260,Unskilled,Good,HDPE Pipes,160.0,170.6,6.62,Medium,4770.0,0.5,0.05,0.1
PRJ-2616,Commercial Complex,Haryana,19002,35,1,1,170,Skilled,Good,Electrical Cable,624.0,657.05,5.3,Medium,72710.0,0.71,0.0,0.1
PRJ-2617,Metro Rail,Bihar,46885,35,10,29,129,Unskilled,Good,River Sand,85.2,103.92,21.97,High,33696.0,0.45,0.2,0.9
PRJ-2618,Commercial Complex,Haryana,18477,33,11,26,279,Semi-skilled,Average,OPC Cement,111.1,123.59,11.24,Medium,4746.0,0.71,0.05,0.7
PRJ-2619,Data Center,Haryana,10636,11,10,13,183,Semi-skilled,Poor,Structural Steel,194.3,207.0,6.54,Medium,952500.0,0.71,0.2,0.2
PRJ-2620,Road & Highway,Rajasthan,12780,20,2,9,295,Skilled,Average,HDPE Pipes,625.0,665.92,6.55,Medium,18414.0,0.65,0.0,0.1
PRJ-2621,Data Center,West Bengal,3382,20,2,11,434,Semi-skilled,Poor,OPC Cement,55.2,62.01,12.33,Medium,2588.0,0.62,0.0,0.7
PRJ-2622,School/College,Karnataka,14763,11,10,6,454,Semi-skilled,Average,Plywood,176.0,221.69,25.96,High,4341.0,0.72,0.2,0.8
PRJ-2623,School/College,Madhya Pradesh,11625,13,6,9,315,Expert,Average,Vitrified Tiles,1187.0,1207.77,1.75,Low,13500.0,0.55,0.7,0.2
PRJ-2624,Data Center,Maharashtra,9680,17,11,4,388,Semi-skilled,Good,HDPE Pipes,177.0,188.2,6.33,Medium,5040.0,0.78,0.05,0.1
PRJ-2625,Metro Rail,Haryana,17668,47,6,23,136,Unskilled,Good,Coarse Aggregate,233.0,266.48,14.37,Medium,40176.0,0.71,0.7,0.5
PRJ-2626,Hospital,Haryana,4329,11,7,17,184,Unskilled,Average,Electrical Cable,927.0,1029.19,11.02,Medium,224818.0,0.71,0.9,0.1
PRJ-2627,Residential Apartment,West Bengal,16260,36,2,20,447,Unskilled,Average,OPC Cement,146.4,164.86,12.61,Medium,7015.0,0.62,0.0,0.7
PRJ-2628,Bridge Construction,Punjab,5148,18,5,2,402,Semi-skilled,Poor,Electrical Cable,1007.0,1115.18,10.74,Medium,237996.0,0.74,0.15,0.1
PRJ-2629,Metro Rail,Bihar,14764,33,1,25,461,Expert,Poor,Structural Steel,352.5,365.26,3.62,Low,957000.0,0.45,0.0,0.2
PRJ-2630,Bridge Construction,Odisha,34132,56,1,16,101,Semi-skilled,Average,River Sand,62.3,74.35,19.34,High,21690.0,0.5,0.0,0.9
PRJ-2631,Industrial Warehouse,Punjab,9246,18,9,24,425,Unskilled,Average,Coarse Aggregate,74.6,79.72,6.87,Medium,6144.0,0.74,0.6,0.5
PRJ-2632,Bridge Construction,Rajasthan,36812,54,10,27,399,Semi-skilled,Good,AAC Blocks,518.0,550.42,6.26,Medium,1783.0,0.65,0.2,0.2
PRJ-2633,Commercial Complex,Odisha,21548,27,11,23,119,Skilled,Average,AAC Blocks,1122.0,1179.26,5.1,Medium,3149.0,0.5,0.05,0.2
PRJ-2634,Bridge Construction,West Bengal,29000,50,12,29,447,Semi-skilled,Average,Plywood,442.0,535.96,21.26,High,8926.0,0.62,0.0,0.8
PRJ-2635,Road & Highway,Kerala,9386,21,8,27,378,Unskilled,Excellent,Paint,2170.0,2215.42,2.09,Low,12718.0,0.68,0.85,0.1
PRJ-2636,Industrial Warehouse,Uttar Pradesh,12697,9,11,26,240,Semi-skilled,Average,OPC Cement,27.8,29.39,5.73,Medium,604.0,0.58,0.05,0.7
PRJ-2637,School/College,Uttar Pradesh,12709,20,4,1,413,Semi-skilled,Average,Coarse Aggregate,30.4,34.29,12.79,Medium,4668.0,0.58,0.05,0.5
PRJ-2638,Residential Apartment,Rajasthan,7170,23,1,13,426,Unskilled,Average,Coarse Aggregate,29.9,33.62,12.43,Medium,4464.0,0.65,0.0,0.5
PRJ-2639,Commercial Complex,Bihar,15003,27,11,15,200,Unskilled,Good,TMT Steel,316.3,346.65,9.59,Medium,1881700.0,0.45,0.05,0.3
PRJ-2640,Hospital,Tamil Nadu,8338,22,3,4,244,Unskilled,Good,AAC Blocks,307.0,334.95,9.1,Medium,1537.0,0.75,0.0,0.2
PRJ-2641,Residential Apartment,Bihar,7847,34,5,15,100,Semi-skilled,Average,TMT Steel,31.2,33.13,6.2,Medium,119660.0,0.45,0.15,0.3
PRJ-2642,Bridge Construction,Gujarat,40897,58,9,4,269,Skilled,Average,Structural Steel,30.7,32.04,4.35,Low,100500.0,0.82,0.6,0.2
PRJ-2643,Industrial Warehouse,Haryana,14896,22,3,2,93,Semi-skilled,Average,OPC Cement,86.5,96.69,11.78,Medium,3872.0,0.71,0.0,0.7
PRJ-2644,Data Center,Kerala,10413,10,4,11,281,Unskilled,Average,Electrical Cable,550.0,598.42,8.8,Medium,106524.0,0.68,0.05,0.1
PRJ-2645,Industrial Warehouse,Uttar Pradesh,1887,17,7,13,433,Semi-skilled,Good,River Sand,76.0,94.89,24.85,High,34002.0,0.58,0.9,0.9
PRJ-2646,Residential Apartment,Kerala,16281,31,4,1,220,Semi-skilled,Poor,Paint,945.0,1042.54,10.32,Medium,27311.0,0.68,0.05,0.1
PRJ-2647,Metro Rail,Maharashtra,17109,43,11,30,53,Unskilled,Poor,Vitrified Tiles,256.0,280.46,9.56,Medium,15899.0,0.78,0.05,0.2
PRJ-2648,Hospital,Gujarat,3212,12,2,26,414,Semi-skilled,Good,Paint,647.0,681.66,5.36,Medium,9705.0,0.82,0.0,0.1
PRJ-2649,Data Center,Bihar,8134,20,8,11,166,Semi-skilled,Average,Paint,465.0,502.62,8.09,Medium,10534.0,0.45,0.85,0.1
PRJ-2650,Industrial Warehouse,Rajasthan,11276,11,3,23,461,Unskilled,Average,Coarse Aggregate,40.4,45.02,11.44,Medium,5544.0,0.65,0.0,0.5
PRJ-2651,Metro Rail,Gujarat,15922,50,12,24,242,Skilled,Average,Plywood,214.0,253.98,18.68,High,3798.0,0.82,0.0,0.8
PRJ-2652,Residential Apartment,Uttar Pradesh,4221,19,9,17,36,Expert,Average,River Sand,52.6,62.49,18.8,High,17802.0,0.58,0.6,0.9
PRJ-2653,Commercial Complex,Gujarat,16535,29,7,25,498,Skilled,Average,Fly Ash Bricks,445.0,493.8,10.97,Medium,390.0,0.82,0.9,0.6
PRJ-2654,Metro Rail,Uttar Pradesh,13741,44,6,4,181,Unskilled,Average,Paint,355.0,392.09,10.45,Medium,10385.0,0.58,0.7,0.1
PRJ-2655,Metro Rail,Kerala,37618,18,6,12,100,Semi-skilled,Average,HDPE Pipes,522.0,553.42,6.02,Medium,14139.0,0.68,0.7,0.1
PRJ-2656,Data Center,Madhya Pradesh,14071,16,8,10,67,Unskilled,Poor,Plywood,297.0,438.8,47.74,High,13471.0,0.55,0.85,0.8
PRJ-2657,School/College,Telangana,11744,13,7,30,498,Unskilled,Average,River Sand,23.0,27.16,18.1,High,7488.0,0.7,0.9,0.9
PRJ-2658,Data Center,Gujarat,8059,8,6,2,216,Semi-skilled,Average,AAC Blocks,227.0,251.43,10.76,Medium,1344.0,0.82,0.7,0.2
PRJ-2659,Commercial Complex,Uttar Pradesh,17812,36,2,19,466,Skilled,Good,AAC Blocks,245.0,260.65,6.39,Medium,861.0,0.58,0.0,0.2
PRJ-2660,Commercial Complex,Jharkhand,8578,27,10,29,286,Unskilled,Average,OPC Cement,80.1,90.47,12.94,Medium,3941.0,0.42,0.2,0.7
PRJ-2661,Industrial Warehouse,West Bengal,5376,16,4,26,464,Unskilled,Average,Plywood,633.0,815.18,28.78,High,17307.0,0.62,0.05,0.8
PRJ-2662,Commercial Complex,Telangana,15864,34,8,6,77,Unskilled,Average,OPC Cement,20.8,24.17,16.2,High,1281.0,0.7,0.85,0.7
PRJ-2663,Data Center,Rajasthan,7171,10,11,11,96,Expert,Good,Structural Steel,63.8,66.52,4.26,Low,204000.0,0.65,0.05,0.2
PRJ-2664,Metro Rail,Gujarat,14249,26,3,28,365,Skilled,Excellent,Electrical Cable,1383.0,1422.55,2.86,Low,87010.0,0.82,0.0,0.1
PRJ-2665,Residential Apartment,Punjab,18713,15,11,1,74,Unskilled,Good,River Sand,102.2,127.42,24.68,High,45396.0,0.74,0.05,0.9
PRJ-2666,Hospital,Tamil Nadu,10148,16,10,2,416,Skilled,Average,Plywood,578.0,684.18,18.37,High,10087.0,0.75,0.2,0.8
PRJ-2667,Bridge Construction,Gujarat,24794,53,8,22,411,Skilled,Average,Paint,1616.0,1718.83,6.36,Medium,28792.0,0.82,0.85,0.1
PRJ-2668,Commercial Complex,Odisha,15167,28,3,4,269,Skilled,Average,TMT Steel,29.1,31.49,8.21,Medium,148180.0,0.5,0.0,0.3
PRJ-2669,Residential Apartment,Madhya Pradesh,12604,28,1,18,432,Semi-skilled,Good,AAC Blocks,516.0,549.54,6.5,Medium,1845.0,0.55,0.0,0.2
PRJ-2670,School/College,Maharashtra,2978,16,9,1,118,Unskilled,Good,TMT Steel,53.2,55.64,4.59,Low,151280.0,0.78,0.6,0.3
PRJ-2671,Metro Rail,Maharashtra,12360,21,9,11,212,Expert,Good,AAC Blocks,421.0,453.06,7.62,Medium,1763.0,0.78,0.6,0.2
PRJ-2672,School/College,Punjab,8079,9,11,21,114,Expert,Good,OPC Cement,141.9,155.72,9.74,Medium,5252.0,0.74,0.05,0.7
PRJ-2673,Commercial Complex,Bihar,15593,30,12,10,234,Unskilled,Poor,Plywood,1536.0,2030.62,32.2,High,46989.0,0.45,0.0,0.8
PRJ-2674,Commercial Complex,Karnataka,16095,26,5,27,236,Skilled,Poor,OPC Cement,51.6,58.77,13.9,Medium,2725.0,0.72,0.15,0.7
PRJ-2675,Industrial Warehouse,Punjab,12863,19,11,19,288,Skilled,Average,River Sand,70.4,78.56,11.59,Medium,14688.0,0.74,0.05,0.9
PRJ-2676,Residential Apartment,West Bengal,22378,28,5,27,306,Skilled,Average,Paint,469.0,495.04,5.55,Medium,7291.0,0.62,0.15,0.1
PRJ-2677,Metro Rail,Telangana,16282,42,2,1,461,Semi-skilled,Poor,Coarse Aggregate,42.4,48.86,15.24,High,7752.0,0.7,0.0,0.5
PRJ-2678,Commercial Complex,Punjab,16179,23,5,14,371,Unskilled,Good,OPC Cement,18.0,20.04,11.31,Medium,775.0,0.74,0.15,0.7
PRJ-2679,Data Center,Bihar,9044,24,6,21,69,Unskilled,Average,Vitrified Tiles,552.0,590.81,7.03,Medium,25226.0,0.45,0.7,0.2
PRJ-2680,Metro Rail,Jharkhand,24870,33,1,30,276,Semi-skilled,Good,Fly Ash Bricks,263.0,298.23,13.39,Medium,282.0,0.42,0.0,0.6
PRJ-2681,Commercial Complex,Bihar,13524,13,5,17,217,Unskilled,Good,Vitrified Tiles,33.0,36.91,11.86,Medium,2541.0,0.45,0.15,0.2
PRJ-2682,Metro Rail,Gujarat,13328,32,3,1,261,Expert,Excellent,Paint,1033.0,1039.13,0.59,Low,1716.0,0.82,0.0,0.1
PRJ-2683,School/College,Haryana,7316,16,8,4,489,Unskilled,Poor,Coarse Aggregate,40.4,46.34,14.71,Medium,7128.0,0.71,0.85,0.5
PRJ-2684,Metro Rail,Jharkhand,37113,34,6,11,298,Unskilled,Average,TMT Steel,28.7,31.52,9.83,Medium,174840.0,0.42,0.7,0.3
PRJ-2685,Metro Rail,Jharkhand,18112,54,9,8,179,Skilled,Poor,Coarse Aggregate,58.5,64.32,9.94,Medium,6984.0,0.42,0.6,0.5
PRJ-2686,Metro Rail,Rajasthan,23301,27,11,22,347,Semi-skilled,Average,Vitrified Tiles,767.0,826.24,7.72,Medium,38506.0,0.65,0.05,0.2
PRJ-2687,School/College,Haryana,3047,13,9,1,241,Semi-skilled,Average,Vitrified Tiles,1368.0,1538.66,12.48,Medium,110929.0,0.71,0.6,0.2
PRJ-2688,Road & Highway,Karnataka,48535,56,6,14,434,Unskilled,Average,Paint,939.0,975.1,3.84,Low,10108.0,0.72,0.7,0.1
PRJ-2689,Industrial Warehouse,Karnataka,7788,15,4,3,432,Unskilled,Average,Fly Ash Bricks,1456.0,1728.98,18.75,High,2184.0,0.72,0.05,0.6
PRJ-2690,Commercial Complex,Madhya Pradesh,22087,35,4,20,380,Skilled,Average,AAC Blocks,165.0,177.13,7.35,Medium,667.0,0.55,0.05,0.2
PRJ-2691,Hospital,Jharkhand,14454,9,9,6,483,Expert,Excellent,River Sand,48.9,55.01,12.49,Medium,10998.0,0.42,0.6,0.9
PRJ-2692,School/College,Maharashtra,8444,23,2,3,367,Expert,Average,Vitrified Tiles,811.0,876.95,8.13,Medium,42868.0,0.78,0.0,0.2
PRJ-2693,Bridge Construction,Uttar Pradesh,13750,42,1,22,408,Semi-skilled,Average,Coarse Aggregate,141.2,153.59,8.77,Medium,14868.0,0.58,0.0,0.5
PRJ-2694,Metro Rail,Kerala,23191,24,4,29,449,Semi-skilled,Good,Vitrified Tiles,755.0,836.62,10.81,Medium,53053.0,0.68,0.05,0.2
PRJ-2695,Commercial Complex,Maharashtra,9109,17,12,8,396,Semi-skilled,Good,Structural Steel,60.4,63.81,5.65,Medium,255750.0,0.78,0.0,0.2
PRJ-2696,Data Center,West Bengal,11439,9,10,29,237,Unskilled,Average,Paint,589.0,619.65,5.2,Medium,8582.0,0.62,0.2,0.1
PRJ-2697,Bridge Construction,West Bengal,47329,58,8,5,404,Unskilled,Excellent,OPC Cement,14.7,17.55,19.42,High,1083.0,0.62,0.85,0.7
PRJ-2698,Residential Apartment,Rajasthan,20065,19,1,17,148,Unskilled,Average,HDPE Pipes,994.0,1062.3,6.87,Medium,30735.0,0.65,0.0,0.1
PRJ-2699,Industrial Warehouse,Bihar,13981,10,1,21,299,Unskilled,Good,Vitrified Tiles,737.0,804.03,9.09,Medium,43569.0,0.45,0.0,0.2
PRJ-2700,Metro Rail,Kerala,17346,36,4,5,88,Unskilled,Average,Vitrified Tiles,957.0,1062.87,11.06,Medium,68815.0,0.68,0.05,0.2
PRJ-2701,Industrial Warehouse,Karnataka,3099,19,5,29,411,Semi-skilled,Average,River Sand,92.9,106.77,14.93,Medium,24966.0,0.72,0.15,0.9
PRJ-2702,Hospital,West Bengal,6932,22,5,22,193,Unskilled,Excellent,Plywood,438.0,532.25,21.52,High,8954.0,0.62,0.15,0.8
PRJ-2703,School/College,Madhya Pradesh,4058,10,6,4,499,Skilled,Average,Structural Steel,260.3,273.01,4.88,Low,953250.0,0.55,0.7,0.2
PRJ-2704,Residential Apartment,Gujarat,14401,18,12,17,137,Semi-skilled,Average,HDPE Pipes,80.0,84.48,5.6,Medium,2016.0,0.82,0.0,0.1
PRJ-2705,Hospital,Madhya Pradesh,5878,13,9,26,421,Unskilled,Good,Plywood,1933.0,2329.33,20.5,High,37651.0,0.55,0.6,0.8
PRJ-2706,Bridge Construction,West Bengal,46015,55,6,25,306,Unskilled,Good,Vitrified Tiles,2763.0,2988.29,8.15,Medium,146438.0,0.62,0.7,0.2
PRJ-2707,Bridge Construction,West Bengal,8668,42,8,19,379,Expert,Good,Plywood,138.0,167.97,21.72,High,2847.0,0.62,0.85,0.8
PRJ-2708,Industrial Warehouse,Madhya Pradesh,4954,12,6,21,347,Unskilled,Excellent,AAC Blocks,1196.0,1313.37,9.81,Medium,6455.0,0.55,0.7,0.2
PRJ-2709,Bridge Construction,Bihar,32504,60,2,23,350,Semi-skilled,Excellent,Structural Steel,110.1,113.69,3.26,Low,269250.0,0.45,0.0,0.2
PRJ-2710,Hospital,Kerala,9607,10,8,17,409,Semi-skilled,Good,Coarse Aggregate,21.8,22.93,5.2,Medium,1356.0,0.68,0.85,0.5
PRJ-2711,Data Center,Punjab,4683,18,2,20,387,Unskilled,Average,Vitrified Tiles,1879.0,2190.83,16.6,High,202689.0,0.74,0.0,0.2
PRJ-2712,Industrial Warehouse,Punjab,2880,18,2,24,244,Unskilled,Excellent,AAC Blocks,545.0,582.14,6.81,Medium,2043.0,0.74,0.0,0.2
PRJ-2713,Residential Apartment,Tamil Nadu,11200,26,10,7,273,Semi-skilled,Average,Structural Steel,112.5,115.32,2.51,Low,211500.0,0.75,0.2,0.2
PRJ-2714,Road & Highway,Madhya Pradesh,29842,40,10,10,412,Expert,Excellent,Electrical Cable,142.0,146.89,3.44,Low,10758.0,0.55,0.2,0.1
PRJ-2715,Hospital,Telangana,12599,23,2,18,341,Semi-skilled,Good,River Sand,131.7,145.08,10.16,Medium,24084.0,0.7,0.0,0.9
PRJ-2716,Residential Apartment,Maharashtra,23128,15,9,1,423,Unskilled,Good,River Sand,38.1,47.29,24.11,High,16542.0,0.78,0.6,0.9
PRJ-2717,School/College,Jharkhand,11941,21,7,20,49,Unskilled,Average,AAC Blocks,999.0,1053.66,5.47,Medium,3006.0,0.42,0.9,0.2
PRJ-2718,Hospital,Uttar Pradesh,6573,11,10,9,463,Semi-skilled,Good,TMT Steel,90.0,93.11,3.46,Low,192820.0,0.58,0.2,0.3
PRJ-2719,Data Center,West Bengal,11362,8,2,22,281,Unskilled,Good,Plywood,192.0,232.6,21.15,High,3857.0,0.62,0.0,0.8
PRJ-2720,Metro Rail,Madhya Pradesh,36702,29,12,9,100,Semi-skilled,Average,Plywood,1246.0,1553.11,24.65,High,29175.0,0.55,0.0,0.8
PRJ-2721,Bridge Construction,Haryana,43608,43,12,14,198,Semi-skilled,Poor,Fly Ash Bricks,150.0,174.62,16.41,High,197.0,0.71,0.0,0.6
PRJ-2722,School/College,Gujarat,6657,11,1,15,83,Semi-skilled,Poor,AAC Blocks,1458.0,1619.56,11.08,Medium,8886.0,0.82,0.0,0.2
PRJ-2723,Commercial Complex,Karnataka,9115,20,11,7,408,Expert,Average,Structural Steel,281.5,294.84,4.74,Low,1000500.0,0.72,0.05,0.2
PRJ-2724,Hospital,Uttar Pradesh,8331,23,11,16,247,Unskilled,Excellent,River Sand,26.5,30.69,15.8,High,7542.0,0.58,0.05,0.9
PRJ-2725,Data Center,Odisha,9716,23,6,11,44,Unskilled,Poor,Fly Ash Bricks,1790.0,2150.6,20.15,High,2885.0,0.5,0.7,0.6
PRJ-2726,Hospital,Telangana,5206,8,2,16,487,Semi-skilled,Average,Plywood,278.0,326.06,17.29,High,4566.0,0.7,0.0,0.8
PRJ-2727,Industrial Warehouse,Jharkhand,1488,21,9,3,358,Expert,Average,Electrical Cable,284.0,296.35,4.35,Low,27170.0,0.42,0.6,0.1
PRJ-2728,Bridge Construction,Bihar,32020,56,7,25,274,Skilled,Average,River Sand,57.0,64.85,13.77,Medium,14130.0,0.45,0.9,0.9
PRJ-2729,Commercial Complex,West Bengal,7579,21,2,25,137,Unskilled,Average,Plywood,2123.0,2506.51,18.06,High,36433.0,0.62,0.0,0.8
PRJ-2730,Road & Highway,Odisha,8304,31,12,5,198,Skilled,Average,Vitrified Tiles,530.0,555.83,4.87,Low,16790.0,0.5,0.0,0.2
PRJ-2731,Metro Rail,Punjab,28750,38,3,18,248,Semi-skilled,Good,Electrical Cable,364.0,372.58,2.36,Low,18876.0,0.74,0.0,0.1
PRJ-2732,Road & Highway,Uttar Pradesh,5689,48,12,18,408,Unskilled,Poor,Electrical Cable,81.0,89.81,10.88,Medium,19382.0,0.58,0.0,0.1
PRJ-2733,Industrial Warehouse,Madhya Pradesh,4669,17,12,26,256,Skilled,Average,Paint,1089.0,1144.61,5.11,Medium,15571.0,0.55,0.0,0.1
PRJ-2734,Data Center,Punjab,2179,13,11,22,213,Unskilled,Average,Plywood,504.0,650.37,29.04,High,13905.0,0.74,0.05,0.8
PRJ-2735,Road & Highway,Kerala,48920,33,7,4,414,Semi-skilled,Poor,Electrical Cable,1814.0,1997.72,10.13,Medium,404184.0,0.68,0.9,0.1
PRJ-2736,Metro Rail,Bihar,24537,34,12,8,317,Skilled,Poor,AAC Blocks,5086.0,5504.05,8.22,Medium,22993.0,0.45,0.0,0.2
PRJ-2737,Commercial Complex,Kerala,13039,24,10,29,225,Unskilled,Poor,Plywood,1200.0,1576.98,31.41,High,35813.0,0.68,0.2,0.8
PRJ-2738,Data Center,Gujarat,3377,11,7,26,47,Unskilled,Poor,Fly Ash Bricks,114.0,133.66,17.25,High,157.0,0.82,0.9,0.6
PRJ-2739,Residential Apartment,West Bengal,17149,35,9,26,384,Skilled,Poor,Fly Ash Bricks,43.0,48.72,13.29,Medium,46.0,0.62,0.6,0.6
PRJ-2740,School/College,Tamil Nadu,4350,19,2,25,462,Skilled,Poor,Paint,873.0,917.53,5.1,Medium,12468.0,0.75,0.0,0.1
PRJ-2741,Hospital,Punjab,11990,15,11,20,232,Unskilled,Poor,Plywood,586.0,770.4,31.47,High,17518.0,0.74,0.05,0.8
PRJ-2742,Industrial Warehouse,Odisha,6192,20,10,15,255,Semi-skilled,Poor,AAC Blocks,617.0,662.38,7.36,Medium,2496.0,0.5,0.2,0.2
PRJ-2743,Bridge Construction,Madhya Pradesh,43323,20,10,16,65,Expert,Good,Vitrified Tiles,1804.0,1908.88,5.81,Medium,68172.0,0.55,0.2,0.2
PRJ-2744,Data Center,Telangana,2574,18,10,10,380,Semi-skilled,Excellent,Electrical Cable,259.0,271.66,4.89,Low,27852.0,0.7,0.2,0.1
PRJ-2745,Residential Apartment,Maharashtra,6171,30,11,8,131,Skilled,Good,Coarse Aggregate,74.0,82.47,11.45,Medium,10164.0,0.78,0.05,0.5
PRJ-2746,Industrial Warehouse,Bihar,10370,14,9,16,437,Unskilled,Poor,OPC Cement,53.2,62.19,16.9,High,3416.0,0.45,0.6,0.7
PRJ-2747,Road & Highway,Bihar,40110,36,9,3,204,Semi-skilled,Poor,River Sand,217.7,275.22,26.42,High,103536.0,0.45,0.6,0.9
PRJ-2748,Commercial Complex,Madhya Pradesh,7661,34,5,21,350,Unskilled,Good,AAC Blocks,346.0,370.74,7.15,Medium,1361.0,0.55,0.15,0.2
PRJ-2749,Data Center,Odisha,8748,21,2,22,484,Unskilled,Average,River Sand,24.9,30.98,24.41,High,10944.0,0.5,0.0,0.9
PRJ-2750,Industrial Warehouse,Gujarat,7039,19,12,29,86,Semi-skilled,Average,Electrical Cable,3640.0,3855.08,5.91,Medium,473176.0,0.82,0.0,0.1
PRJ-2751,Residential Apartment,Jharkhand,8388,12,7,26,361,Unskilled,Poor,Paint,1574.0,1723.54,9.5,Medium,41871.0,0.42,0.9,0.1
PRJ-2752,Industrial Warehouse,Telangana,14064,15,4,12,93,Semi-skilled,Average,Vitrified Tiles,1534.0,1630.03,6.26,Medium,62419.0,0.7,0.05,0.2
PRJ-2753,Hospital,Tamil Nadu,12898,14,6,12,431,Skilled,Average,Fly Ash Bricks,2296.0,2645.13,15.21,High,2793.0,0.75,0.7,0.6
PRJ-2754,Hospital,Karnataka,9622,17,7,28,397,Semi-skilled,Average,Plywood,278.0,329.28,18.45,High,4872.0,0.72,0.9,0.8
PRJ-2755,Metro Rail,Uttar Pradesh,34809,27,1,29,286,Unskilled,Good,OPC Cement,174.9,196.12,12.13,Medium,8064.0,0.58,0.0,0.7
PRJ-2756,School/College,Uttar Pradesh,12211,9,12,17,299,Unskilled,Average,AAC Blocks,211.0,221.92,5.17,Medium,601.0,0.58,0.0,0.2
PRJ-2757,Data Center,Punjab,14415,19,5,25,33,Semi-skilled,Average,OPC Cement,54.5,60.07,10.22,Medium,2117.0,0.74,0.15,0.7
PRJ-2758,Residential Apartment,Uttar Pradesh,2345,15,9,1,307,Skilled,Average,Plywood,1467.0,1880.14,28.16,High,39248.0,0.58,0.6,0.8
PRJ-2759,Data Center,West Bengal,9058,16,10,9,275,Unskilled,Average,Electrical Cable,4422.0,4790.32,8.33,Medium,810304.0,0.62,0.2,0.1
PRJ-2760,School/College,Odisha,9979,21,12,13,119,Skilled,Good,Fly Ash Bricks,559.0,627.46,12.25,Medium,548.0,0.5,0.0,0.6
PRJ-2761,Data Center,Odisha,4968,15,6,8,173,Skilled,Average,Paint,1358.0,1454.23,7.09,Medium,26944.0,0.5,0.7,0.1
PRJ-2762,Data Center,Gujarat,8856,12,4,5,426,Skilled,Good,River Sand,25.6,29.66,15.84,High,7308.0,0.82,0.05,0.9
PRJ-2763,School/College,Tamil Nadu,2216,19,10,1,112,Unskilled,Average,HDPE Pipes,798.0,844.14,5.78,Medium,20763.0,0.75,0.2,0.1
PRJ-2764,Hospital,Gujarat,6131,9,5,11,104,Unskilled,Average,AAC Blocks,381.0,426.2,11.86,Medium,2486.0,0.82,0.15,0.2
PRJ-2765,Residential Apartment,Rajasthan,6278,36,8,14,33,Semi-skilled,Good,Plywood,162.0,212.91,31.43,High,4836.0,0.65,0.85,0.8
PRJ-2766,Data Center,Karnataka,2245,16,10,12,320,Semi-skilled,Poor,Structural Steel,27.1,28.73,6.01,Medium,122250.0,0.72,0.2,0.2
PRJ-2767,Data Center,Maharashtra,9726,18,10,19,78,Semi-skilled,Poor,Fly Ash Bricks,8385.0,9565.15,14.07,Medium,9441.0,0.78,0.2,0.6
PRJ-2768,Hospital,Punjab,7371,21,4,12,124,Semi-skilled,Average,HDPE Pipes,308.0,324.24,5.27,Medium,7308.0,0.74,0.05,0.1
PRJ-2769,Metro Rail,Madhya Pradesh,24624,50,8,24,324,Semi-skilled,Average,Plywood,873.0,1079.47,23.65,High,19615.0,0.55,0.85,0.8
PRJ-2770,Metro Rail,West Bengal,21039,25,2,26,343,Semi-skilled,Average,Fly Ash Bricks,159.0,188.68,18.67,High,237.0,0.62,0.0,0.6
PRJ-2771,Bridge Construction,Odisha,44382,42,12,3,490,Unskilled,Good,AAC Blocks,1463.0,1604.01,9.64,Medium,7756.0,0.5,0.0,0.2
PRJ-2772,Industrial Warehouse,Uttar Pradesh,5111,23,8,16,267,Unskilled,Average,River Sand,37.6,45.44,20.85,High,14112.0,0.58,0.85,0.9
PRJ-2773,Commercial Complex,Karnataka,18632,20,4,17,253,Unskilled,Average,OPC Cement,60.1,69.84,16.2,High,3701.0,0.72,0.05,0.7
PRJ-2774,Commercial Complex,Haryana,20441,28,9,16,190,Unskilled,Average,Plywood,1555.0,2007.88,29.12,High,43024.0,0.71,0.6,0.8
PRJ-2775,School/College,Jharkhand,3078,13,4,27,324,Unskilled,Good,TMT Steel,44.4,46.73,5.25,Medium,144460.0,0.42,0.05,0.3
PRJ-2776,Metro Rail,Telangana,25951,36,1,12,398,Unskilled,Poor,AAC Blocks,650.0,727.31,11.89,Medium,4252.0,0.7,0.0,0.2
PRJ-2777,School/College,Uttar Pradesh,1531,18,5,24,310,Unskilled,Poor,Fly Ash Bricks,797.0,909.44,14.11,Medium,900.0,0.58,0.15,0.6
PRJ-2778,Industrial Warehouse,Rajasthan,3059,23,7,4,88,Unskilled,Poor,TMT Steel,136.5,150.62,10.34,Medium,875440.0,0.65,0.9,0.3
PRJ-2779,Data Center,Uttar Pradesh,4312,19,4,29,425,Unskilled,Good,Vitrified Tiles,317.0,347.26,9.55,Medium,19669.0,0.58,0.05,0.2
PRJ-2780,Hospital,Uttar Pradesh,11986,8,10,19,222,Expert,Poor,River Sand,4.3,5.08,18.09,High,1404.0,0.58,0.2,0.9
PRJ-2781,Commercial Complex,Telangana,2003,28,7,16,306,Semi-skilled,Average,Plywood,839.0,1021.69,21.77,High,17356.0,0.7,0.9,0.8
PRJ-2782,Hospital,Madhya Pradesh,10044,12,11,25,379,Skilled,Excellent,Electrical Cable,124.0,126.86,2.31,Low,6292.0,0.55,0.05,0.1
PRJ-2783,Data Center,Gujarat,10633,23,1,15,132,Semi-skilled,Good,Paint,3405.0,3549.89,4.26,Low,40569.0,0.82,0.0,0.1
PRJ-2784,Road & Highway,Jharkhand,30219,44,7,1,311,Semi-skilled,Average,Electrical Cable,111.0,117.42,5.79,Medium,14124.0,0.42,0.9,0.1
PRJ-2785,School/College,Odisha,6488,8,6,26,470,Skilled,Good,Fly Ash Bricks,411.0,474.24,15.39,High,506.0,0.5,0.7,0.6
PRJ-2786,Bridge Construction,Uttar Pradesh,8038,46,11,23,91,Semi-skilled,Poor,Vitrified Tiles,1162.0,1289.95,11.01,Medium,83168.0,0.58,0.05,0.2
PRJ-2787,Residential Apartment,Kerala,2564,26,2,20,138,Semi-skilled,Good,River Sand,62.5,71.69,14.71,Medium,16542.0,0.68,0.0,0.9
PRJ-2788,Data Center,Uttar Pradesh,8350,24,3,6,196,Unskilled,Poor,AAC Blocks,379.0,428.74,13.13,Medium,2736.0,0.58,0.0,0.2
PRJ-2789,Bridge Construction,Kerala,28018,45,2,16,81,Unskilled,Average,Coarse Aggregate,114.2,128.62,12.63,Medium,17304.0,0.68,0.0,0.5
PRJ-2790,School/College,Jharkhand,13917,22,12,6,162,Skilled,Average,OPC Cement,39.6,43.95,10.98,Medium,1653.0,0.42,0.0,0.7
PRJ-2791,School/College,West Bengal,1561,24,11,22,276,Unskilled,Average,Paint,422.0,449.1,6.42,Medium,7588.0,0.62,0.05,0.1
PRJ-2792,Metro Rail,Odisha,41085,18,4,12,120,Semi-skilled,Average,Plywood,548.0,665.66,21.47,High,11178.0,0.5,0.05,0.8
PRJ-2793,Hospital,Karnataka,9545,14,7,28,337,Expert,Poor,Electrical Cable,3712.0,3959.09,6.66,Medium,543598.0,0.72,0.9,0.1
PRJ-2794,Residential Apartment,Uttar Pradesh,8222,13,2,14,330,Unskilled,Poor,River Sand,17.6,21.99,24.93,High,7902.0,0.58,0.0,0.9
PRJ-2795,School/College,Tamil Nadu,7359,15,6,18,250,Skilled,Good,River Sand,28.5,33.48,17.49,High,8964.0,0.75,0.7,0.9
PRJ-2796,Hospital,Jharkhand,6465,15,9,15,311,Skilled,Average,River Sand,40.6,48.82,20.26,High,14796.0,0.42,0.6,0.9
PRJ-2797,Commercial Complex,Rajasthan,20792,17,12,10,63,Unskilled,Poor,Coarse Aggregate,17.3,19.47,12.52,Medium,2604.0,0.65,0.0,0.5
PRJ-2798,Residential Apartment,Jharkhand,24560,18,7,19,38,Skilled,Average,HDPE Pipes,249.0,263.64,5.88,Medium,6588.0,0.42,0.9,0.1
PRJ-2799,Road & Highway,Maharashtra,41652,34,7,22,491,Semi-skilled,Excellent,Structural Steel,142.5,149.56,4.95,Low,529500.0,0.78,0.9,0.2
PRJ-2800,School/College,Haryana,7936,22,2,6,121,Semi-skilled,Average,Plywood,2470.0,3072.81,24.41,High,57267.0,0.71,0.0,0.8
PRJ-2801,Data Center,Maharashtra,8779,23,7,12,498,Unskilled,Average,Coarse Aggregate,83.4,96.36,15.53,High,15552.0,0.78,0.9,0.5
PRJ-2802,Metro Rail,Rajasthan,5196,38,2,24,407,Semi-skilled,Good,Electrical Cable,403.0,416.32,3.3,Low,29304.0,0.65,0.0,0.1
PRJ-2803,Industrial Warehouse,Uttar Pradesh,5811,9,1,6,188,Semi-skilled,Good,HDPE Pipes,210.0,220.66,5.08,Medium,4797.0,0.58,0.0,0.1
PRJ-2804,School/College,Madhya Pradesh,1422,18,2,26,186,Semi-skilled,Poor,AAC Blocks,637.0,705.85,10.81,Medium,3787.0,0.55,0.0,0.2
PRJ-2805,Hospital,Madhya Pradesh,13387,19,5,26,261,Semi-skilled,Poor,TMT Steel,50.6,54.74,8.18,Medium,256680.0,0.55,0.15,0.3
PRJ-2806,Industrial Warehouse,Rajasthan,1268,17,2,3,209,Unskilled,Average,Fly Ash Bricks,294.0,342.31,16.43,High,386.0,0.65,0.0,0.6
PRJ-2807,Road & Highway,Tamil Nadu,29836,18,7,17,363,Unskilled,Good,OPC Cement,65.0,69.59,7.06,Medium,1744.0,0.75,0.9,0.7
PRJ-2808,Commercial Complex,Uttar Pradesh,14016,32,11,13,243,Unskilled,Average,TMT Steel,110.2,115.37,4.69,Low,320540.0,0.58,0.05,0.3
PRJ-2809,Bridge Construction,West Bengal,47887,40,11,2,41,Unskilled,Good,AAC Blocks,1182.0,1254.65,6.15,Medium,3996.0,0.62,0.05,0.2
PRJ-2810,School/College,Rajasthan,11497,12,1,5,340,Semi-skilled,Average,Vitrified Tiles,703.0,797.02,13.37,Medium,61113.0,0.65,0.0,0.2
PRJ-2811,Residential Apartment,Haryana,14596,21,11,20,424,Unskilled,Poor,Structural Steel,104.2,110.43,5.98,Medium,467250.0,0.71,0.05,0.2
PRJ-2812,Metro Rail,Punjab,47564,50,12,2,491,Semi-skilled,Good,Structural Steel,270.6,280.31,3.59,Low,728250.0,0.74,0.0,0.2
PRJ-2813,Road & Highway,Madhya Pradesh,31440,36,4,16,91,Skilled,Average,AAC Blocks,622.0,656.65,5.57,Medium,1906.0,0.55,0.05,0.2
PRJ-2814,School/College,Haryana,2593,23,12,2,288,Semi-skilled,Poor,OPC Cement,91.0,105.47,15.9,High,5499.0,0.71,0.0,0.7
PRJ-2815,Bridge Construction,Jharkhand,48770,29,11,9,159,Semi-skilled,Good,Vitrified Tiles,925.0,1013.5,9.57,Medium,57525.0,0.42,0.05,0.2
PRJ-2816,Data Center,Bihar,5059,9,12,25,40,Semi-skilled,Average,Coarse Aggregate,55.0,58.98,7.23,Medium,4776.0,0.45,0.0,0.5
PRJ-2817,School/College,Maharashtra,12492,21,5,16,343,Unskilled,Average,Fly Ash Bricks,458.0,536.86,17.22,High,631.0,0.78,0.15,0.6
PRJ-2818,Residential Apartment,Kerala,14336,15,10,24,244,Unskilled,Average,Electrical Cable,639.0,690.81,8.11,Medium,113982.0,0.68,0.2,0.1
PRJ-2819,Road & Highway,Tamil Nadu,5911,55,8,17,79,Skilled,Excellent,HDPE Pipes,560.0,583.65,4.22,Low,10642.0,0.75,0.85,0.1
PRJ-2820,School/College,Tamil Nadu,1291,15,4,28,340,Semi-skilled,Average,OPC Cement,34.9,36.18,3.66,Low,486.0,0.75,0.05,0.7
PRJ-2821,Industrial Warehouse,Madhya Pradesh,6977,9,2,4,215,Unskilled,Average,Structural Steel,97.9,103.04,5.25,Medium,385500.0,0.55,0.0,0.2
PRJ-2822,Data Center,Karnataka,8195,15,6,4,99,Skilled,Poor,OPC Cement,107.9,123.73,14.67,Medium,6015.0,0.72,0.7,0.7
PRJ-2823,Industrial Warehouse,West Bengal,10723,24,7,15,222,Unskilled,Good,Vitrified Tiles,464.0,508.21,9.53,Medium,28736.0,0.62,0.9,0.2
PRJ-2824,Metro Rail,Haryana,46869,55,8,10,270,Unskilled,Poor,TMT Steel,140.0,151.76,8.4,Medium,729120.0,0.71,0.85,0.3
PRJ-2825,School/College,Telangana,2961,22,8,29,138,Semi-skilled,Poor,AAC Blocks,1008.0,1091.55,8.29,Medium,4595.0,0.7,0.85,0.2
PRJ-2826,Hospital,Tamil Nadu,1603,16,7,6,215,Expert,Good,Fly Ash Bricks,538.0,601.87,11.87,Medium,511.0,0.75,0.9,0.6
PRJ-2827,Bridge Construction,West Bengal,32354,39,2,2,454,Unskilled,Good,AAC Blocks,177.0,196.41,10.96,Medium,1068.0,0.62,0.0,0.2
PRJ-2828,Industrial Warehouse,Bihar,5651,19,5,22,357,Semi-skilled,Average,Vitrified Tiles,988.0,1051.85,6.46,Medium,41502.0,0.45,0.15,0.2
PRJ-2829,Data Center,Punjab,5682,19,10,9,64,Semi-skilled,Good,OPC Cement,89.0,98.81,11.02,Medium,3728.0,0.74,0.2,0.7
PRJ-2830,Road & Highway,Haryana,35337,53,12,2,150,Semi-skilled,Average,Structural Steel,193.8,202.58,4.53,Low,658500.0,0.71,0.0,0.2
PRJ-2831,Industrial Warehouse,Maharashtra,4102,14,10,15,146,Semi-skilled,Excellent,Paint,316.0,335.84,6.28,Medium,5555.0,0.78,0.2,0.1
PRJ-2832,Industrial Warehouse,Rajasthan,14381,23,3,22,233,Unskilled,Good,Fly Ash Bricks,837.0,946.56,13.09,Medium,876.0,0.65,0.0,0.6
PRJ-2833,Commercial Complex,Rajasthan,10569,36,7,29,158,Unskilled,Poor,Paint,526.0,581.12,10.48,Medium,15434.0,0.65,0.9,0.1
PRJ-2834,Commercial Complex,Gujarat,8267,21,6,5,186,Unskilled,Average,HDPE Pipes,2149.0,2338.53,8.82,Medium,85289.0,0.82,0.7,0.1
PRJ-2835,Road & Highway,Karnataka,14990,23,7,7,293,Unskilled,Poor,Paint,407.0,442.98,8.84,Medium,10074.0,0.72,0.9,0.1
PRJ-2836,Metro Rail,Uttar Pradesh,5582,54,2,22,200,Unskilled,Poor,Plywood,252.0,315.97,25.39,High,6077.0,0.58,0.0,0.8
PRJ-2837,Metro Rail,Odisha,36538,39,3,1,208,Unskilled,Average,Plywood,659.0,873.32,32.52,High,20360.0,0.5,0.0,0.8
PRJ-2838,Residential Apartment,Madhya Pradesh,23208,28,5,30,108,Semi-skilled,Average,Electrical Cable,389.0,405.78,4.31,Low,36916.0,0.55,0.15,0.1
PRJ-2839,Commercial Complex,Karnataka,8165,18,7,10,36,Semi-skilled,Poor,Vitrified Tiles,1500.0,1706.02,13.73,Medium,133913.0,0.72,0.9,0.2
PRJ-2840,Road & Highway,West Bengal,11902,33,9,5,228,Semi-skilled,Average,Coarse Aggregate,144.5,162.63,12.54,Medium,21756.0,0.62,0.6,0.5
PRJ-2841,Industrial Warehouse,Haryana,3054,22,7,15,488,Semi-skilled,Average,Structural Steel,192.4,202.72,5.36,Medium,774000.0,0.71,0.9,0.2
PRJ-2842,Metro Rail,Haryana,38338,25,9,19,344,Skilled,Good,HDPE Pipes,336.0,355.91,5.93,Medium,8960.0,0.71,0.6,0.1
PRJ-2843,Hospital,Kerala,8500,17,12,19,371,Unskilled,Average,Fly Ash Bricks,243.0,285.32,17.42,High,339.0,0.68,0.0,0.6
PRJ-2844,Road & Highway,Odisha,18189,44,2,16,197,Semi-skilled,Average,Paint,370.0,389.95,5.39,Medium,5586.0,0.5,0.0,0.1
PRJ-2845,Data Center,Bihar,5270,8,9,30,371,Unskilled,Average,Structural Steel,20.5,21.42,4.5,Low,69000.0,0.45,0.6,0.2
PRJ-2846,Hospital,Kerala,4428,13,9,2,117,Unskilled,Poor,Paint,1037.0,1187.5,14.51,Medium,42140.0,0.68,0.6,0.1
PRJ-2847,Road & Highway,Jharkhand,36697,46,2,20,27,Unskilled,Average,Coarse Aggregate,8.2,8.62,5.15,Medium,504.0,0.42,0.0,0.5
PRJ-2848,School/College,Kerala,4630,14,9,7,72,Semi-skilled,Good,Plywood,238.0,293.59,23.36,High,5281.0,0.68,0.6,0.8
PRJ-2849,Commercial Complex,Madhya Pradesh,5453,24,1,13,163,Semi-skilled,Poor,Coarse Aggregate,35.6,39.98,12.29,Medium,5256.0,0.55,0.0,0.5
PRJ-2850,Data Center,Karnataka,1955,11,9,28,325,Unskilled,Average,Paint,688.0,734.99,6.83,Medium,13157.0,0.72,0.6,0.1
PRJ-2851,Metro Rail,Gujarat,12231,40,2,9,416,Skilled,Good,Vitrified Tiles,975.0,1054.88,8.19,Medium,51922.0,0.82,0.0,0.2
PRJ-2852,Hospital,Madhya Pradesh,6889,23,2,8,153,Skilled,Good,Vitrified Tiles,880.0,938.45,6.64,Medium,37993.0,0.55,0.0,0.2
PRJ-2853,Commercial Complex,Maharashtra,14372,36,11,14,26,Semi-skilled,Good,Coarse Aggregate,23.3,25.41,9.06,Medium,2532.0,0.78,0.05,0.5
PRJ-2854,Data Center,Uttar Pradesh,5746,20,1,2,92,Unskilled,Excellent,River Sand,169.3,200.44,18.39,High,56052.0,0.58,0.0,0.9
PRJ-2855,Industrial Warehouse,Rajasthan,10047,12,8,5,497,Skilled,Average,Plywood,170.0,223.27,31.34,High,5061.0,0.65,0.85,0.8
PRJ-2856,School/College,Punjab,7983,11,3,26,417,Unskilled,Poor,Structural Steel,17.5,18.31,4.63,Low,60750.0,0.74,0.0,0.2
PRJ-2857,Industrial Warehouse,Tamil Nadu,9673,17,1,2,59,Unskilled,Average,Vitrified Tiles,2303.0,2615.58,13.57,Medium,203177.0,0.75,0.0,0.2
PRJ-2858,Hospital,Haryana,1289,20,11,5,383,Semi-skilled,Average,TMT Steel,10.4,10.95,5.28,Medium,34100.0,0.71,0.05,0.3
PRJ-2859,Hospital,Kerala,4013,21,6,17,222,Unskilled,Average,HDPE Pipes,4557.0,4893.2,7.38,Medium,151290.0,0.68,0.7,0.1
PRJ-2860,Road & Highway,Bihar,11091,43,9,18,496,Skilled,Excellent,OPC Cement,39.2,42.77,9.11,Medium,1357.0,0.45,0.6,0.7
PRJ-2861,Bridge Construction,Maharashtra,19813,48,8,7,47,Semi-skilled,Excellent,OPC Cement,86.1,94.31,9.53,Medium,3120.0,0.78,0.85,0.7
PRJ-2862,Bridge Construction,Odisha,42916,19,4,7,336,Unskilled,Good,River Sand,78.4,95.23,21.46,High,30294.0,0.5,0.05,0.9
PRJ-2863,Residential Apartment,Haryana,13183,35,1,22,220,Unskilled,Good,Electrical Cable,5815.0,6276.78,7.94,Medium,1015916.0,0.71,0.0,0.1
PRJ-2864,Residential Apartment,Kerala,23363,21,3,16,166,Semi-skilled,Average,Plywood,271.0,343.41,26.72,High,6879.0,0.68,0.0,0.8
PRJ-2865,Hospital,Telangana,12735,24,9,20,107,Unskilled,Poor,Coarse Aggregate,40.9,46.77,14.35,Medium,7044.0,0.7,0.6,0.5
PRJ-2866,School/College,Tamil Nadu,3852,12,6,20,421,Skilled,Poor,Vitrified Tiles,3168.0,3497.73,10.41,Medium,214324.0,0.75,0.7,0.2
PRJ-2867,Hospital,Kerala,3861,18,11,9,39,Unskilled,Average,Plywood,2209.0,2840.18,28.57,High,59962.0,0.68,0.05,0.8
PRJ-2868,Road & Highway,Madhya Pradesh,24381,49,11,25,472,Unskilled,Poor,OPC Cement,29.4,34.27,16.57,High,1851.0,0.55,0.05,0.7
PRJ-2869,School/College,Madhya Pradesh,13900,17,7,12,327,Unskilled,Average,TMT Steel,78.8,83.13,5.5,Medium,268460.0,0.55,0.9,0.3
PRJ-2870,Hospital,Jharkhand,14617,13,11,24,158,Skilled,Poor,Structural Steel,422.9,443.37,4.84,Low,1535250.0,0.42,0.05,0.2
PRJ-2871,School/College,Gujarat,14799,19,8,12,346,Semi-skilled,Average,Fly Ash Bricks,733.0,845.43,15.34,High,899.0,0.82,0.85,0.6
PRJ-2872,Metro Rail,Madhya Pradesh,40367,49,4,12,39,Unskilled,Good,Paint,736.0,800.59,8.78,Medium,18085.0,0.55,0.05,0.1
PRJ-2873,Hospital,Maharashtra,10520,9,10,24,116,Unskilled,Good,OPC Cement,193.3,215.42,11.45,Medium,8406.0,0.78,0.2,0.7
PRJ-2874,Commercial Complex,Odisha,13880,30,4,23,276,Unskilled,Poor,Coarse Aggregate,96.6,110.02,13.89,Medium,16104.0,0.5,0.05,0.5
PRJ-2875,Commercial Complex,Odisha,24063,25,6,19,235,Unskilled,Poor,OPC Cement,69.9,82.73,18.36,High,4875.0,0.5,0.7,0.7
PRJ-2876,Bridge Construction,Bihar,10939,57,1,22,122,Expert,Excellent,AAC Blocks,1321.0,1418.16,7.36,Medium,5344.0,0.45,0.0,0.2
PRJ-2877,Industrial Warehouse,Maharashtra,3725,13,7,26,216,Unskilled,Average,OPC Cement,120.3,137.02,13.9,Medium,6354.0,0.78,0.9,0.7
PRJ-2878,Data Center,Punjab,3137,20,5,13,448,Expert,Poor,Structural Steel,117.1,123.71,5.64,Medium,495750.0,0.74,0.15,0.2
PRJ-2879,Commercial Complex,Rajasthan,20013,16,1,7,73,Unskilled,Average,Paint,1589.0,1741.17,9.58,Medium,42608.0,0.65,0.0,0.1
PRJ-2880,Hospital,Tamil Nadu,14008,17,10,11,258,Skilled,Average,AAC Blocks,840.0,929.69,10.68,Medium,4933.0,0.75,0.2,0.2
PRJ-2881,Commercial Complex,Telangana,22867,30,11,12,34,Semi-skilled,Average,Paint,1478.0,1587.14,7.38,Medium,30559.0,0.7,0.05,0.1
PRJ-2882,Residential Apartment,Maharashtra,15535,36,6,15,428,Skilled,Average,River Sand,48.9,57.72,18.04,High,15876.0,0.78,0.7,0.9
PRJ-2883,Data Center,Gujarat,10799,19,6,3,261,Skilled,Poor,River Sand,104.9,128.91,22.89,High,43218.0,0.82,0.7,0.9
PRJ-2884,Bridge Construction,Tamil Nadu,47739,19,4,5,380,Unskilled,Excellent,HDPE Pipes,980.0,1027.13,4.81,Low,21209.0,0.75,0.05,0.1
PRJ-2885,Data Center,West Bengal,1890,20,2,14,187,Semi-skilled,Poor,Fly Ash Bricks,2453.0,2784.12,13.5,Medium,2649.0,0.62,0.0,0.6
PRJ-2886,Industrial Warehouse,Gujarat,8303,22,6,15,167,Unskilled,Average,TMT Steel,34.5,36.12,4.7,Low,100440.0,0.82,0.7,0.3
PRJ-2887,Metro Rail,West Bengal,37661,39,2,7,97,Unskilled,Average,Plywood,1954.0,2566.61,31.35,High,58198.0,0.62,0.0,0.8
PRJ-2888,Hospital,Punjab,13590,19,11,6,221,Expert,Average,Electrical Cable,1562.0,1667.81,6.77,Medium,232782.0,0.74,0.05,0.1
PRJ-2889,School/College,Telangana,14827,24,12,20,433,Semi-skilled,Average,Paint,216.0,233.85,8.26,Medium,4998.0,0.7,0.0,0.1
PRJ-2890,School/College,Jharkhand,2616,23,4,4,182,Skilled,Poor,OPC Cement,39.6,44.13,11.44,Medium,1721.0,0.42,0.05,0.7
PRJ-2891,Bridge Construction,Karnataka,22242,25,12,6,169,Semi-skilled,Average,AAC Blocks,571.0,604.7,5.9,Medium,1854.0,0.72,0.0,0.2
PRJ-2892,Bridge Construction,Bihar,19210,22,8,30,364,Expert,Average,Paint,887.0,928.31,4.66,Low,11567.0,0.45,0.85,0.1
PRJ-2893,Hospital,Haryana,5320,10,12,19,476,Skilled,Good,Structural Steel,23.2,23.55,1.51,Low,26250.0,0.71,0.0,0.2
PRJ-2894,Metro Rail,Rajasthan,47903,21,6,18,200,Semi-skilled,Good,Coarse Aggregate,58.7,63.87,8.81,Medium,6204.0,0.65,0.7,0.5
PRJ-2895,Bridge Construction,Maharashtra,47567,23,2,30,272,Unskilled,Excellent,Electrical Cable,175.0,186.38,6.5,Medium,25036.0,0.78,0.0,0.1
PRJ-2896,Residential Apartment,Bihar,8759,32,2,29,38,Unskilled,Good,Electrical Cable,1936.0,2006.03,3.62,Low,154066.0,0.45,0.0,0.1
PRJ-2897,Road & Highway,Madhya Pradesh,10929,60,4,17,343,Skilled,Poor,River Sand,168.7,200.98,19.13,High,58104.0,0.55,0.05,0.9
PRJ-2898,Residential Apartment,Gujarat,17405,30,6,13,203,Expert,Average,TMT Steel,299.5,319.38,6.64,Medium,1232560.0,0.82,0.7,0.3
PRJ-2899,Residential Apartment,Tamil Nadu,4091,33,10,25,456,Semi-skilled,Good,AAC Blocks,174.0,183.46,5.44,Medium,520.0,0.75,0.2,0.2
PRJ-2900,Bridge Construction,Jharkhand,31136,21,3,23,477,Skilled,Average,River Sand,42.9,49.07,14.39,Medium,11106.0,0.42,0.0,0.9
PRJ-2901,Bridge Construction,Tamil Nadu,32600,35,2,7,158,Skilled,Poor,Plywood,372.0,482.5,29.7,High,10498.0,0.75,0.0,0.8
PRJ-2902,Commercial Complex,Jharkhand,10305,27,2,11,469,Unskilled,Average,Structural Steel,41.2,43.5,5.59,Medium,172500.0,0.42,0.0,0.2
PRJ-2903,Industrial Warehouse,Rajasthan,3389,12,9,8,451,Unskilled,Average,Fly Ash Bricks,842.0,1006.11,19.49,High,1313.0,0.65,0.6,0.6
PRJ-2904,Industrial Warehouse,Punjab,14051,10,2,14,491,Semi-skilled,Average,Coarse Aggregate,146.6,156.33,6.63,Medium,11676.0,0.74,0.0,0.5
PRJ-2905,School/College,Odisha,14253,19,10,4,341,Semi-skilled,Average,Coarse Aggregate,29.8,33.14,11.2,Medium,4008.0,0.5,0.2,0.5
PRJ-2906,Bridge Construction,Haryana,32693,43,12,11,95,Unskilled,Good,Fly Ash Bricks,141.0,177.44,25.84,High,292.0,0.71,0.0,0.6
PRJ-2907,Data Center,Rajasthan,4085,15,6,4,241,Skilled,Average,AAC Blocks,3477.0,3747.24,7.77,Medium,14863.0,0.65,0.7,0.2
PRJ-2908,Residential Apartment,Bihar,12603,32,1,27,167,Unskilled,Good,Coarse Aggregate,122.0,132.45,8.57,Medium,12540.0,0.45,0.0,0.5
PRJ-2909,Hospital,Haryana,2707,15,11,21,365,Unskilled,Average,Coarse Aggregate,33.2,36.49,9.9,Medium,3948.0,0.71,0.05,0.5
PRJ-2910,Commercial Complex,Odisha,2389,27,11,18,326,Skilled,Poor,Electrical Cable,1465.0,1561.28,6.57,Medium,211816.0,0.5,0.05,0.1
PRJ-2911,School/College,Bihar,14690,18,10,15,402,Unskilled,Poor,HDPE Pipes,1235.0,1322.85,7.11,Medium,39532.0,0.45,0.2,0.1
PRJ-2912,Road & Highway,Maharashtra,11978,38,5,21,459,Expert,Average,Electrical Cable,248.0,265.06,6.88,Medium,37532.0,0.78,0.15,0.1
PRJ-2913,Bridge Construction,Jharkhand,20757,33,8,9,379,Unskilled,Excellent,Plywood,28.0,36.69,31.05,High,826.0,0.42,0.85,0.8
PRJ-2914,Hospital,Gujarat,13436,23,7,2,68,Semi-skilled,Average,AAC Blocks,240.0,260.81,8.67,Medium,1145.0,0.82,0.9,0.2
PRJ-2915,Industrial Warehouse,Jharkhand,14708,15,6,3,360,Skilled,Good,AAC Blocks,1033.0,1087.32,5.26,Medium,2988.0,0.42,0.7,0.2
PRJ-2916,Residential Apartment,Rajasthan,20465,18,1,16,29,Unskilled,Good,HDPE Pipes,574.0,608.1,5.94,Medium,15345.0,0.65,0.0,0.1
PRJ-2917,Metro Rail,Telangana,41504,54,7,23,249,Unskilled,Poor,Vitrified Tiles,4994.0,5562.95,11.39,Medium,369817.0,0.7,0.9,0.2
PRJ-2918,Metro Rail,Karnataka,6392,38,10,24,423,Semi-skilled,Average,Vitrified Tiles,1049.0,1163.78,10.94,Medium,74607.0,0.72,0.2,0.2
PRJ-2919,Metro Rail,West Bengal,15037,50,10,3,291,Unskilled,Good,Structural Steel,38.8,40.69,4.87,Low,141750.0,0.62,0.2,0.2
PRJ-2920,Data Center,Madhya Pradesh,7499,14,1,24,469,Semi-skilled,Average,River Sand,95.0,108.07,13.76,Medium,23526.0,0.55,0.0,0.9
PRJ-2921,Bridge Construction,Tamil Nadu,46644,24,7,3,325,Unskilled,Average,Paint,941.0,1028.48,9.3,Medium,24494.0,0.75,0.9,0.1
PRJ-2922,Data Center,Karnataka,8994,24,12,21,476,Skilled,Poor,HDPE Pipes,377.0,403.32,6.98,Medium,11844.0,0.72,0.0,0.1
PRJ-2923,Residential Apartment,Bihar,8598,14,9,25,82,Unskilled,Good,OPC Cement,161.9,184.83,14.16,Medium,8713.0,0.45,0.6,0.7
PRJ-2924,Hospital,Haryana,6443,12,10,29,303,Unskilled,Good,River Sand,28.1,31.98,13.82,Medium,6984.0,0.71,0.2,0.9
PRJ-2925,Road & Highway,Gujarat,17148,39,2,13,268,Semi-skilled,Average,Paint,816.0,879.72,7.81,Medium,17842.0,0.82,0.0,0.1
PRJ-2926,Road & Highway,Madhya Pradesh,33109,25,6,14,109,Semi-skilled,Good,Fly Ash Bricks,209.0,228.24,9.21,Medium,154.0,0.55,0.7,0.6
PRJ-2927,Commercial Complex,Gujarat,7716,27,5,21,382,Semi-skilled,Poor,AAC Blocks,2165.0,2414.21,11.51,Medium,13707.0,0.82,0.15,0.2
PRJ-2928,Hospital,Gujarat,9029,16,12,6,484,Skilled,Good,Fly Ash Bricks,789.0,887.65,12.5,Medium,789.0,0.82,0.0,0.6
PRJ-2929,Industrial Warehouse,Maharashtra,5139,13,10,2,244,Semi-skilled,Good,Fly Ash Bricks,219.0,248.41,13.43,Medium,235.0,0.78,0.2,0.6
PRJ-2930,Commercial Complex,Uttar Pradesh,18652,26,11,3,336,Semi-skilled,Average,AAC Blocks,1598.0,1683.99,5.38,Medium,4729.0,0.58,0.05,0.2
PRJ-2931,Residential Apartment,Jharkhand,12790,30,11,5,359,Expert,Good,Coarse Aggregate,52.5,57.3,9.14,Medium,5760.0,0.42,0.05,0.5
PRJ-2932,Residential Apartment,Jharkhand,13932,23,10,23,454,Semi-skilled,Average,Electrical Cable,972.0,1029.87,5.95,Medium,127314.0,0.42,0.2,0.1
PRJ-2933,Road & Highway,Bihar,49001,29,5,16,127,Semi-skilled,Average,River Sand,42.2,50.54,19.77,High,15012.0,0.45,0.15,0.9
PRJ-2934,Road & Highway,Madhya Pradesh,46080,24,12,14,368,Skilled,Poor,Vitrified Tiles,679.0,758.06,11.64,Medium,51389.0,0.55,0.0,0.2
PRJ-2935,Industrial Warehouse,Tamil Nadu,6253,11,4,4,357,Skilled,Poor,Plywood,1502.0,2034.4,35.45,High,50578.0,0.75,0.05,0.8
PRJ-2936,Road & Highway,Maharashtra,6925,48,2,11,116,Unskilled,Good,TMT Steel,97.6,104.45,7.01,Medium,424700.0,0.78,0.0,0.3
PRJ-2937,Industrial Warehouse,Jharkhand,7635,16,5,17,446,Skilled,Average,Paint,392.0,410.18,4.64,Low,5090.0,0.42,0.15,0.1
PRJ-2938,Commercial Complex,Karnataka,6568,35,4,5,112,Unskilled,Poor,TMT Steel,479.4,534.26,11.44,Medium,3401320.0,0.72,0.05,0.3
PRJ-2939,School/College,West Bengal,9580,18,4,29,380,Skilled,Average,Paint,336.0,361.68,7.64,Medium,7190.0,0.62,0.05,0.1
PRJ-2940,Bridge Construction,Gujarat,11869,33,10,16,26,Expert,Excellent,HDPE Pipes,276.0,280.54,1.64,Low,2043.0,0.82,0.2,0.1
PRJ-2941,Hospital,Madhya Pradesh,8859,13,4,4,135,Expert,Poor,Paint,187.0,198.65,6.23,Medium,3262.0,0.55,0.05,0.1
PRJ-2942,School/College,Karnataka,7156,9,3,17,23,Semi-skilled,Good,Coarse Aggregate,71.7,76.54,6.75,Medium,5808.0,0.72,0.0,0.5
PRJ-2943,Hospital,Tamil Nadu,2748,15,6,3,493,Unskilled,Average,Fly Ash Bricks,243.0,297.38,22.38,High,435.0,0.75,0.7,0.6
PRJ-2944,School/College,Madhya Pradesh,9852,8,4,7,247,Semi-skilled,Excellent,Electrical Cable,1125.0,1184.35,5.28,Medium,130570.0,0.55,0.05,0.1
PRJ-2945,Road & Highway,Madhya Pradesh,11272,32,2,26,126,Unskilled,Good,Vitrified Tiles,940.0,996.35,5.99,Medium,36628.0,0.55,0.0,0.2
PRJ-2946,Bridge Construction,Bihar,25067,41,3,11,177,Unskilled,Good,TMT Steel,141.2,152.15,7.75,Medium,678900.0,0.45,0.0,0.3
PRJ-2947,Residential Apartment,Uttar Pradesh,13667,22,4,21,279,Semi-skilled,Good,Fly Ash Bricks,177.0,201.22,13.68,Medium,194.0,0.58,0.05,0.6
PRJ-2948,School/College,Punjab,11930,11,2,25,281,Unskilled,Average,River Sand,70.7,85.32,20.68,High,26316.0,0.74,0.0,0.9
PRJ-2949,Road & Highway,Madhya Pradesh,8798,26,6,24,486,Semi-skilled,Average,Vitrified Tiles,3765.0,4191.37,11.32,Medium,277140.0,0.55,0.7,0.2
PRJ-2950,School/College,Odisha,6580,24,3,16,396,Unskilled,Average,AAC Blocks,524.0,591.84,12.95,Medium,3731.0,0.5,0.0,0.2
PRJ-2951,Data Center,Odisha,2643,18,5,29,455,Skilled,Poor,Paint,662.0,700.46,5.81,Medium,10769.0,0.5,0.15,0.1
PRJ-2952,Residential Apartment,West Bengal,14495,25,1,14,368,Skilled,Poor,Plywood,762.0,954.83,25.31,High,18319.0,0.62,0.0,0.8
PRJ-2953,Data Center,Gujarat,2484,11,4,19,423,Expert,Good,Paint,819.0,848.79,3.64,Low,8341.0,0.82,0.05,0.1
PRJ-2954,Commercial Complex,Tamil Nadu,12891,22,10,24,132,Unskilled,Poor,Coarse Aggregate,22.8,26.28,15.26,High,4176.0,0.75,0.2,0.5
PRJ-2955,Commercial Complex,Jharkhand,10376,33,4,2,137,Semi-skilled,Average,Electrical Cable,952.0,1003.18,5.38,Medium,112596.0,0.42,0.05,0.1
PRJ-2956,Residential Apartment,Odisha,17913,30,4,21,353,Unskilled,Average,HDPE Pipes,905.0,961.25,6.22,Medium,25312.0,0.5,0.05,0.1
PRJ-2957,Industrial Warehouse,Haryana,1238,17,1,30,209,Semi-skilled,Poor,River Sand,30.4,37.13,22.14,High,12114.0,0.71,0.0,0.9
PRJ-2958,Commercial Complex,Bihar,10857,26,3,23,172,Unskilled,Average,Fly Ash Bricks,1214.0,1359.52,11.99,Medium,1164.0,0.45,0.0,0.6
PRJ-2959,Hospital,Gujarat,6901,18,3,2,413,Unskilled,Average,River Sand,204.7,248.28,21.29,High,78444.0,0.82,0.0,0.9
PRJ-2960,Residential Apartment,Uttar Pradesh,9171,24,12,26,488,Expert,Average,OPC Cement,26.2,27.9,6.5,Medium,646.0,0.58,0.0,0.7
PRJ-2961,Industrial Warehouse,Maharashtra,3603,9,8,20,196,Semi-skilled,Good,Vitrified Tiles,645.0,690.14,7.0,Medium,29341.0,0.78,0.85,0.2
PRJ-2962,Residential Apartment,Jharkhand,12281,34,4,23,184,Unskilled,Excellent,OPC Cement,412.9,451.79,9.42,Medium,14778.0,0.42,0.05,0.7
PRJ-2963,Data Center,Madhya Pradesh,5309,16,12,11,242,Unskilled,Good,Paint,438.0,473.46,8.1,Medium,9929.0,0.55,0.0,0.1
PRJ-2964,School/College,Odisha,14506,22,2,9,170,Expert,Poor,AAC Blocks,1294.0,1407.7,8.79,Medium,6254.0,0.5,0.0,0.2
PRJ-2965,Bridge Construction,Maharashtra,28695,23,11,29,491,Unskilled,Good,AAC Blocks,597.0,654.77,9.68,Medium,3177.0,0.78,0.05,0.2
PRJ-2966,Data Center,West Bengal,1157,13,5,2,79,Semi-skilled,Average,AAC Blocks,415.0,459.05,10.61,Medium,2423.0,0.62,0.15,0.2
PRJ-2967,Road & Highway,Maharashtra,9689,32,1,29,151,Skilled,Poor,TMT Steel,158.8,166.75,5.01,Medium,492900.0,0.78,0.0,0.3
PRJ-2968,Metro Rail,Punjab,40313,21,11,13,342,Semi-skilled,Average,Fly Ash Bricks,6708.0,7618.16,13.57,Medium,7281.0,0.74,0.05,0.6
PRJ-2969,Bridge Construction,Bihar,25272,51,6,9,22,Expert,Poor,Fly Ash Bricks,1667.0,1916.95,14.99,Medium,2000.0,0.45,0.7,0.6
PRJ-2970,Residential Apartment,Maharashtra,15511,20,5,28,203,Unskilled,Average,HDPE Pipes,851.0,905.71,6.43,Medium,24620.0,0.78,0.15,0.1
PRJ-2971,Road & Highway,Rajasthan,40093,46,12,12,107,Unskilled,Poor,HDPE Pipes,293.0,319.6,9.08,Medium,11970.0,0.65,0.0,0.1
PRJ-2972,Industrial Warehouse,Jharkhand,7493,21,5,5,181,Unskilled,Poor,Coarse Aggregate,21.3,24.61,15.52,High,3972.0,0.42,0.15,0.5
PRJ-2973,School/College,Maharashtra,8708,18,12,24,60,Unskilled,Average,River Sand,251.4,317.27,26.2,High,118566.0,0.78,0.0,0.9
PRJ-2974,Commercial Complex,Odisha,13563,17,7,22,356,Unskilled,Average,OPC Cement,152.0,169.91,11.78,Medium,6806.0,0.5,0.9,0.7
PRJ-2975,Metro Rail,Telangana,44430,19,6,10,143,Unskilled,Excellent,Electrical Cable,751.0,794.51,5.79,Medium,95722.0,0.7,0.7,0.1
PRJ-2976,Commercial Complex,Odisha,10412,14,8,21,241,Semi-skilled,Average,Electrical Cable,395.0,427.58,8.25,Medium,71676.0,0.5,0.85,0.1
PRJ-2977,Data Center,Haryana,14411,11,4,21,40,Semi-skilled,Good,River Sand,18.8,22.54,19.87,High,6732.0,0.71,0.05,0.9
PRJ-2978,Road & Highway,Tamil Nadu,35052,43,10,16,49,Unskilled,Average,Structural Steel,9.6,9.99,4.04,Low,29250.0,0.75,0.2,0.2
PRJ-2979,Commercial Complex,Bihar,10322,21,9,9,214,Semi-skilled,Average,Plywood,384.0,481.3,25.34,High,9244.0,0.45,0.6,0.8
PRJ-2980,School/College,Telangana,5117,17,3,3,360,Semi-skilled,Poor,OPC Cement,102.0,117.22,14.92,Medium,5784.0,0.7,0.0,0.7
PRJ-2981,Commercial Complex,Jharkhand,16546,32,4,5,159,Expert,Good,Fly Ash Bricks,389.0,418.8,7.66,Medium,238.0,0.42,0.05,0.6
PRJ-2982,Hospital,Haryana,10759,13,12,25,316,Semi-skilled,Good,Vitrified Tiles,237.0,256.29,8.14,Medium,12539.0,0.71,0.0,0.2
PRJ-2983,Commercial Complex,Punjab,11808,28,5,30,491,Semi-skilled,Average,TMT Steel,43.4,47.27,8.92,Medium,239940.0,0.74,0.15,0.3
PRJ-2984,Bridge Construction,Bihar,40678,34,6,29,227,Unskilled,Excellent,Vitrified Tiles,281.0,290.7,3.45,Low,6305.0,0.45,0.7,0.2
PRJ-2985,Industrial Warehouse,Kerala,5738,24,12,16,306,Unskilled,Excellent,Coarse Aggregate,111.0,121.86,9.78,Medium,13032.0,0.68,0.0,0.5
PRJ-2986,Hospital,Bihar,11462,23,11,14,431,Unskilled,Average,Coarse Aggregate,50.4,57.89,14.86,Medium,8988.0,0.45,0.05,0.5
PRJ-2987,Hospital,Madhya Pradesh,6269,15,1,9,458,Unskilled,Poor,OPC Cement,174.3,209.38,20.12,High,13330.0,0.55,0.0,0.7
PRJ-2988,School/College,West Bengal,7937,12,2,28,295,Semi-skilled,Average,Structural Steel,35.9,36.92,2.85,Low,76500.0,0.62,0.0,0.2
PRJ-2989,Hospital,Bihar,12373,20,7,25,49,Semi-skilled,Poor,OPC Cement,5.5,6.31,14.74,Medium,308.0,0.45,0.9,0.7
PRJ-2990,Road & Highway,Haryana,15727,42,6,27,149,Unskilled,Average,Plywood,124.0,154.52,24.61,High,2899.0,0.71,0.7,0.8
PRJ-2991,Road & Highway,Tamil Nadu,33523,55,8,16,452,Skilled,Poor,AAC Blocks,341.0,374.48,9.82,Medium,1841.0,0.75,0.85,0.2
PRJ-2992,Data Center,Odisha,6219,11,8,1,341,Unskilled,Good,Paint,3269.0,3504.68,7.21,Medium,65990.0,0.5,0.85,0.1
PRJ-2993,Road & Highway,Odisha,43745,59,12,22,442,Expert,Average,Plywood,446.0,500.54,12.23,Medium,5181.0,0.5,0.0,0.8
PRJ-2994,Bridge Construction,Jharkhand,34185,48,5,16,489,Skilled,Poor,TMT Steel,38.9,41.84,7.57,Medium,182280.0,0.42,0.15,0.3
PRJ-2995,Metro Rail,Odisha,35675,21,8,5,206,Expert,Good,Paint,763.0,808.66,5.98,Medium,12785.0,0.5,0.85,0.1
PRJ-2996,Commercial Complex,Uttar Pradesh,11243,20,6,20,164,Unskilled,Good,Vitrified Tiles,1852.0,2050.56,10.72,Medium,129064.0,0.58,0.7,0.2
PRJ-2997,School/College,Uttar Pradesh,14307,18,8,5,209,Unskilled,Average,Electrical Cable,1061.0,1156.29,8.98,Medium,209638.0,0.58,0.85,0.1
PRJ-2998,Bridge Construction,Haryana,41016,35,5,12,192,Semi-skilled,Good,Plywood,134.0,157.86,17.81,High,2267.0,0.71,0.15,0.8
PRJ-2999,Hospital,Bihar,7717,14,11,8,443,Unskilled,Average,River Sand,60.1,75.28,25.27,High,27324.0,0.45,0.05,0.9
PRJ-3000,Residential Apartment,Punjab,2864,30,6,29,194,Expert,Good,Plywood,922.0,1128.22,22.37,High,19591.0,0.74,0.7,0.8
